t,Fz,Fperp,Fmag,Lz,Jz,edge_frac
0.12000,0.12496,5.05589,5.05744,-4.37644,-4.25148,0.00495
0.24000,0.12164,5.05319,5.05466,-4.35868,-4.23704,0.00489
0.36000,0.10920,5.04854,5.04972,-4.33312,-4.22392,0.00477
0.48000,0.09108,5.04157,5.04240,-4.30169,-4.21061,0.00469
0.60000,0.07019,5.03156,5.03205,-4.26659,-4.19640,0.00471
0.72000,0.04606,5.02092,5.02113,-4.22800,-4.18194,0.00475
0.84000,0.02082,5.01206,5.01210,-4.18452,-4.16371,0.00485
0.96000,-0.00451,5.00283,5.00283,-4.14938,-4.15389,0.00490
1.08000,-0.03036,4.99290,4.99300,-4.11514,-4.14550,0.00497
1.20000,-0.05597,4.98302,4.98334,-4.08013,-4.13610,0.00502
1.32000,-0.07986,4.97327,4.97391,-4.04661,-4.12647,0.00494
1.44000,-0.10035,4.96334,4.96436,-4.02412,-4.12447,0.00498
1.56000,-0.11557,4.95391,4.95525,-4.00777,-4.12334,0.00501
1.68000,-0.12816,4.94684,4.94850,-3.99828,-4.12644,0.00501
1.80000,-0.13699,4.94251,4.94441,-3.99297,-4.12996,0.00493
1.92000,-0.14157,4.93796,4.93998,-3.98928,-4.13085,0.00485
2.04000,-0.14327,4.93208,4.93416,-3.98392,-4.12719,0.00483
2.16000,-0.14194,4.92587,4.92791,-3.98652,-4.12846,0.00481
2.28000,-0.13879,4.91957,4.92153,-3.98872,-4.12751,0.00491
2.40000,-0.13396,4.91302,4.91485,-3.98779,-4.12175,0.00504
2.52000,-0.12504,4.90472,4.90631,-3.99182,-4.11687,0.00515
2.64000,-0.11438,4.89484,4.89617,-3.99844,-4.11282,0.00521
2.76000,-0.10418,4.88470,4.88581,-4.00073,-4.10492,0.00533
2.88000,-0.09360,4.87596,4.87686,-4.00912,-4.10272,0.00531
3.00000,-0.08307,4.86745,4.86816,-4.01227,-4.09533,0.00533
3.12000,-0.07373,4.85915,4.85971,-4.01890,-4.09263,0.00537
3.24000,-0.06632,4.85013,4.85058,-4.01773,-4.08405,0.00545
3.36000,-0.06193,4.83977,4.84017,-4.01238,-4.07431,0.00542
3.48000,-0.06239,4.82705,4.82745,-4.00137,-4.06376,0.00533
3.60000,-0.06563,4.81237,4.81282,-3.99320,-4.05883,0.00524
3.72000,-0.07264,4.79756,4.79811,-3.97462,-4.04726,0.00512
3.84000,-0.08361,4.78299,4.78372,-3.95865,-4.04226,0.00510
3.96000,-0.09605,4.76901,4.76998,-3.93596,-4.03201,0.00523
4.08000,-0.10796,4.75605,4.75727,-3.91609,-4.02405,0.00529
4.20000,-0.11900,4.74391,4.74541,-3.89568,-4.01467,0.00540
4.32000,-0.12942,4.73290,4.73467,-3.87589,-4.00530,0.00545
4.44000,-0.13726,4.72292,4.72492,-3.86103,-3.99828,0.00538
4.56000,-0.14287,4.71419,4.71635,-3.85076,-3.99363,0.00537
4.68000,-0.14804,4.70629,4.70862,-3.83987,-3.98791,0.00535
4.80000,-0.15256,4.69839,4.70087,-3.82839,-3.98095,0.00534
4.92000,-0.15745,4.69077,4.69341,-3.82175,-3.97920,0.00539
5.04000,-0.16124,4.68270,4.68548,-3.82059,-3.98183,0.00542
5.16000,-0.16324,4.67492,4.67776,-3.82159,-3.98483,0.00537
5.28000,-0.16383,4.66661,4.66948,-3.81745,-3.98128,0.00527
5.40000,-0.16358,4.65796,4.66083,-3.81251,-3.97609,0.00519
5.52000,-0.16051,4.64922,4.65199,-3.81350,-3.97401,0.00517
5.64000,-0.15582,4.64025,4.64286,-3.81401,-3.96982,0.00522
5.76000,-0.15158,4.63259,4.63507,-3.81289,-3.96448,0.00536
5.88000,-0.14946,4.62523,4.62764,-3.80898,-3.95844,0.00554
6.00000,-0.14896,4.61731,4.61971,-3.80518,-3.95414,0.00559
6.12000,-0.15008,4.60810,4.61055,-3.80023,-3.95031,0.00563
6.24000,-0.15156,4.59893,4.60143,-3.79797,-3.94953,0.00577
6.36000,-0.15245,4.58939,4.59192,-3.79175,-3.94420,0.00585
6.48000,-0.15251,4.57998,4.58251,-3.78974,-3.94224,0.00589
6.60000,-0.15215,4.57065,4.57319,-3.78450,-3.93665,0.00581
6.72000,-0.15314,4.56208,4.56465,-3.77978,-3.93292,0.00564
6.84000,-0.15346,4.55327,4.55585,-3.77235,-3.92581,0.00554
6.96000,-0.15399,4.54439,4.54700,-3.76025,-3.91424,0.00550
7.08000,-0.15503,4.53626,4.53890,-3.75025,-3.90528,0.00540
7.20000,-0.15757,4.52714,4.52988,-3.73491,-3.89248,0.00550
7.32000,-0.16143,4.51686,4.51975,-3.72403,-3.88546,0.00561
7.44000,-0.16396,4.50600,4.50898,-3.71279,-3.87675,0.00568
7.56000,-0.16586,4.49442,4.49748,-3.69751,-3.86337,0.00577
7.68000,-0.16796,4.48154,4.48469,-3.68902,-3.85698,0.00574
7.80000,-0.17058,4.46801,4.47126,-3.68155,-3.85213,0.00574
7.92000,-0.17301,4.45363,4.45699,-3.67375,-3.84675,0.00577
8.04000,-0.17502,4.43815,4.44160,-3.66539,-3.84041,0.00578
8.16000,-0.17775,4.42240,4.42597,-3.65476,-3.83251,0.00574
8.28000,-0.18048,4.40729,4.41099,-3.64862,-3.82910,0.00558
8.40000,-0.18427,4.39278,4.39665,-3.64002,-3.82430,0.00541
8.52000,-0.18827,4.37788,4.38193,-3.63516,-3.82343,0.00545
8.64000,-0.19191,4.36228,4.36650,-3.63157,-3.82348,0.00558
8.76000,-0.19512,4.34651,4.35089,-3.61943,-3.81455,0.00567
8.88000,-0.19741,4.32980,4.33430,-3.60454,-3.80195,0.00580
9.00000,-0.19941,4.31255,4.31716,-3.59390,-3.79331,0.00589
9.12000,-0.20062,4.29466,4.29934,-3.58397,-3.78459,0.00585
9.24000,-0.20145,4.27776,4.28251,-3.57914,-3.78059,0.00588
9.36000,-0.20269,4.26138,4.26620,-3.57724,-3.77994,0.00585
9.48000,-0.20431,4.24528,4.25019,-3.57419,-3.77849,0.00579
9.60000,-0.20705,4.23090,4.23596,-3.56939,-3.77645,0.00587
9.72000,-0.21077,4.21826,4.22352,-3.56609,-3.77686,0.00582
9.84000,-0.21564,4.20699,4.21252,-3.55936,-3.77500,0.00575
9.96000,-0.22031,4.19653,4.20231,-3.55384,-3.77415,0.00575
10.08000,-0.22625,4.18699,4.19310,-3.54409,-3.77034,0.00573
10.20000,-0.23383,4.17808,4.18462,-3.53203,-3.76586,0.00566
10.32000,-0.24311,4.16906,4.17615,-3.51397,-3.75708,0.00568
10.44000,-0.25345,4.15891,4.16662,-3.48938,-3.74283,0.00578
10.56000,-0.26440,4.14696,4.15538,-3.46951,-3.73391,0.00579
10.68000,-0.27522,4.13284,4.14199,-3.44762,-3.72284,0.00590
10.80000,-0.28562,4.11749,4.12738,-3.42792,-3.71354,0.00597
10.92000,-0.29483,4.10100,4.11158,-3.40650,-3.70133,0.00594
11.04000,-0.30333,4.08402,4.09526,-3.39033,-3.69366,0.00581
11.16000,-0.31118,4.06614,4.07803,-3.37848,-3.68966,0.00583
11.28000,-0.31795,4.04820,4.06066,-3.37388,-3.69183,0.00591
11.40000,-0.32279,4.03029,4.04319,-3.36565,-3.68845,0.00580
11.52000,-0.32655,4.01411,4.02737,-3.36468,-3.69123,0.00580
11.64000,-0.32924,3.99952,4.01305,-3.36405,-3.69329,0.00574
11.76000,-0.33106,3.98663,4.00035,-3.36282,-3.69388,0.00574
11.88000,-0.33102,3.97460,3.98836,-3.35814,-3.68915,0.00584
12.00000,-0.32851,3.96266,3.97625,-3.36102,-3.68954,0.00585
12.12000,-0.32538,3.94952,3.96290,-3.35890,-3.68429,0.00596
12.24000,-0.32116,3.93479,3.94787,-3.35507,-3.67624,0.00603
12.36000,-0.31562,3.91986,3.93254,-3.35312,-3.66874,0.00613
12.48000,-0.30995,3.90490,3.91718,-3.35479,-3.66475,0.00616
12.60000,-0.30349,3.89069,3.90251,-3.35653,-3.66001,0.00622
12.72000,-0.29716,3.87756,3.88893,-3.35721,-3.65437,0.00621
12.84000,-0.29083,3.86395,3.87488,-3.35526,-3.64609,0.00614
12.96000,-0.28506,3.85102,3.86156,-3.35414,-3.63920,0.00616
13.08000,-0.28009,3.83804,3.84824,-3.35284,-3.63293,0.00606
13.20000,-0.27689,3.82431,3.83432,-3.35344,-3.63033,0.00600
13.32000,-0.27571,3.81009,3.82006,-3.35414,-3.62985,0.00592
13.44000,-0.27626,3.79604,3.80608,-3.35193,-3.62819,0.00591
13.56000,-0.27868,3.78173,3.79198,-3.34629,-3.62496,0.00598
13.68000,-0.28255,3.76786,3.77844,-3.33624,-3.61879,0.00606
13.80000,-0.28745,3.75391,3.76490,-3.32349,-3.61094,0.00615
13.92000,-0.29242,3.74069,3.75210,-3.31002,-3.60244,0.00622
14.04000,-0.29655,3.72798,3.73975,-3.29640,-3.59295,0.00625
14.16000,-0.29959,3.71599,3.72805,-3.28687,-3.58645,0.00619
14.28000,-0.30235,3.70339,3.71572,-3.27713,-3.57949,0.00615
14.40000,-0.30540,3.69043,3.70305,-3.26714,-3.57254,0.00609
14.52000,-0.30864,3.67734,3.69027,-3.26014,-3.56878,0.00601
14.64000,-0.31168,3.66505,3.67827,-3.25587,-3.56755,0.00602
14.76000,-0.31484,3.65401,3.66754,-3.25047,-3.56531,0.00607
14.88000,-0.31841,3.64314,3.65703,-3.24722,-3.56562,0.00601
15.00000,-0.32156,3.63171,3.64592,-3.24304,-3.56460,0.00596
15.12000,-0.32500,3.61897,3.63354,-3.23882,-3.56381,0.00601
15.24000,-0.32887,3.60539,3.62036,-3.23238,-3.56125,0.00614
15.36000,-0.33305,3.59158,3.60699,-3.22361,-3.55666,0.00626
15.48000,-0.33759,3.57941,3.59529,-3.21396,-3.55156,0.00629
15.60000,-0.34234,3.56829,3.58467,-3.20582,-3.54816,0.00631
15.72000,-0.34629,3.55711,3.57393,-3.20037,-3.54666,0.00627
15.84000,-0.34949,3.54680,3.56398,-3.19526,-3.54475,0.00625
15.96000,-0.35254,3.53721,3.55474,-3.18772,-3.54025,0.00632
16.08000,-0.35619,3.52909,3.54702,-3.17975,-3.53594,0.00630
16.20000,-0.36073,3.52171,3.54013,-3.16957,-3.53030,0.00634
16.32000,-0.36403,3.51472,3.53352,-3.16056,-3.52459,0.00630
16.44000,-0.36595,3.50676,3.52580,-3.15397,-3.51991,0.00621
16.56000,-0.36771,3.49710,3.51638,-3.14778,-3.51549,0.00620
16.68000,-0.36837,3.48580,3.50521,-3.14401,-3.51238,0.00619
16.80000,-0.36792,3.47281,3.49225,-3.13547,-3.50339,0.00622
16.92000,-0.36646,3.45937,3.47873,-3.13053,-3.49699,0.00629
17.04000,-0.36384,3.44553,3.46469,-3.12854,-3.49238,0.00640
17.16000,-0.36051,3.43191,3.45080,-3.12733,-3.48784,0.00643
17.28000,-0.35681,3.41832,3.43689,-3.12488,-3.48169,0.00632
17.40000,-0.35302,3.40368,3.42194,-3.12409,-3.47711,0.00627
17.52000,-0.34794,3.38674,3.40457,-3.12575,-3.47370,0.00627
17.64000,-0.34113,3.36834,3.38557,-3.13087,-3.47200,0.00631
17.76000,-0.33379,3.34987,3.36646,-3.13638,-3.47017,0.00622
17.88000,-0.32638,3.33043,3.34638,-3.14251,-3.46889,0.00620
18.00000,-0.32007,3.31077,3.32620,-3.14547,-3.46554,0.00615
18.12000,-0.31470,3.29305,3.30806,-3.14816,-3.46286,0.00619
18.24000,-0.31006,3.27860,3.29323,-3.15087,-3.46094,0.00622
18.36000,-0.30698,3.26689,3.28128,-3.15004,-3.45702,0.00619
18.48000,-0.30624,3.25684,3.27120,-3.14852,-3.45475,0.00625
18.60000,-0.30762,3.24792,3.26246,-3.14644,-3.45406,0.00628
18.72000,-0.31006,3.23901,3.25382,-3.13880,-3.44886,0.00636
18.84000,-0.31325,3.22865,3.24381,-3.13449,-3.44774,0.00650
18.96000,-0.31563,3.21577,3.23122,-3.13170,-3.44733,0.00649
19.08000,-0.31745,3.20072,3.21643,-3.13252,-3.44997,0.00649
19.20000,-0.31847,3.18543,3.20131,-3.13015,-3.44861,0.00646
19.32000,-0.31870,3.17106,3.18704,-3.12392,-3.44262,0.00641
19.44000,-0.31833,3.15732,3.17333,-3.12095,-3.43929,0.00640
19.56000,-0.31700,3.14362,3.15956,-3.12290,-3.43989,0.00639
19.68000,-0.31552,3.12953,3.14539,-3.12248,-3.43800,0.00633
19.80000,-0.31438,3.11494,3.13076,-3.12126,-3.43564,0.00628
19.92000,-0.31272,3.09998,3.11572,-3.12041,-3.43314,0.00626
20.04000,-0.31038,3.08572,3.10129,-3.11972,-3.43010,0.00625
20.16000,-0.30825,3.07264,3.08807,-3.11713,-3.42539,0.00635
20.28000,-0.30630,3.06168,3.07696,-3.11591,-3.42221,0.00641
20.40000,-0.30542,3.05400,3.06923,-3.11463,-3.42005,0.00646
20.52000,-0.30639,3.04987,3.06522,-3.11005,-3.41644,0.00639
20.64000,-0.30930,3.04838,3.06403,-3.10486,-3.41416,0.00635
20.76000,-0.31376,3.04743,3.06354,-3.09797,-3.41173,0.00632
20.88000,-0.31865,3.04758,3.06419,-3.08906,-3.40770,0.00630
21.00000,-0.32337,3.04857,3.06567,-3.08045,-3.40382,0.00625
21.12000,-0.32784,3.04953,3.06710,-3.07411,-3.40195,0.00629
21.24000,-0.33216,3.04892,3.06696,-3.06547,-3.39764,0.00636
21.36000,-0.33582,3.04624,3.06470,-3.05651,-3.39233,0.00634
21.48000,-0.33879,3.04105,3.05987,-3.05033,-3.38912,0.00638
21.60000,-0.34082,3.03356,3.05265,-3.04514,-3.38596,0.00644
21.72000,-0.34179,3.02428,3.04354,-3.04423,-3.38603,0.00651
21.84000,-0.34271,3.01432,3.03374,-3.03771,-3.38042,0.00652
21.96000,-0.34379,3.00468,3.02428,-3.03675,-3.38053,0.00655
22.08000,-0.34472,2.99483,3.01460,-3.03522,-3.37993,0.00659
22.20000,-0.34533,2.98434,3.00425,-3.03258,-3.37791,0.00663
22.32000,-0.34511,2.97348,2.99344,-3.02777,-3.37288,0.00660
22.44000,-0.34493,2.96269,2.98270,-3.02405,-3.36898,0.00659
22.56000,-0.34502,2.95200,2.97209,-3.02250,-3.36752,0.00653
22.68000,-0.34552,2.94115,2.96138,-3.02008,-3.36560,0.00650
22.80000,-0.34596,2.92942,2.94978,-3.01931,-3.36527,0.00646
22.92000,-0.34649,2.91821,2.93871,-3.01487,-3.36136,0.00642
23.04000,-0.34730,2.90854,2.92920,-3.00682,-3.35412,0.00641
23.16000,-0.34861,2.90062,2.92149,-2.99995,-3.34856,0.00646
23.28000,-0.35056,2.89392,2.91508,-2.99130,-3.34186,0.00648
23.40000,-0.35340,2.88782,2.90936,-2.98130,-3.33470,0.00638
23.52000,-0.35604,2.88129,2.90320,-2.97570,-3.33174,0.00642
23.64000,-0.35799,2.87418,2.89639,-2.97036,-3.32835,0.00644
23.76000,-0.35879,2.86723,2.88959,-2.96448,-3.32327,0.00650
23.88000,-0.35887,2.86040,2.88282,-2.96072,-3.31959,0.00653
24.00000,-0.35831,2.85328,2.87569,-2.95880,-3.31710,0.00653
24.12000,-0.35691,2.84492,2.86722,-2.95227,-3.30918,0.00649
24.24000,-0.35487,2.83480,2.85692,-2.94970,-3.30457,0.00645
24.36000,-0.35201,2.82382,2.84567,-2.94843,-3.30043,0.00641
24.48000,-0.34837,2.81280,2.83429,-2.94955,-3.29792,0.00646
24.60000,-0.34489,2.80175,2.82289,-2.94666,-3.29154,0.00651
24.72000,-0.34132,2.79172,2.81251,-2.94825,-3.28957,0.00651
24.84000,-0.33801,2.78409,2.80454,-2.94798,-3.28599,0.00658
24.96000,-0.33543,2.77868,2.79885,-2.94677,-3.28220,0.00657
25.08000,-0.33357,2.77412,2.79410,-2.95035,-3.28391,0.00657
25.20000,-0.33183,2.76876,2.78858,-2.94567,-3.27750,0.00659
25.32000,-0.32999,2.76199,2.78164,-2.94604,-3.27604,0.00666
25.44000,-0.32737,2.75437,2.77376,-2.94866,-3.27603,0.00666
25.56000,-0.32419,2.74567,2.76474,-2.94880,-3.27299,0.00664
25.68000,-0.32060,2.73629,2.75501,-2.94832,-3.26892,0.00657
25.80000,-0.31719,2.72727,2.74565,-2.94954,-3.26672,0.00655
25.92000,-0.31494,2.71967,2.73785,-2.95399,-3.26893,0.00657
26.04000,-0.31361,2.71423,2.73229,-2.95569,-3.26930,0.00664
26.16000,-0.31321,2.70973,2.72777,-2.95603,-3.26924,0.00661
26.28000,-0.31314,2.70450,2.72257,-2.95246,-3.26560,0.00656
26.40000,-0.31324,2.69820,2.71632,-2.94923,-3.26247,0.00655
26.52000,-0.31288,2.68964,2.70778,-2.94823,-3.26111,0.00658
26.64000,-0.31177,2.67922,2.69730,-2.94436,-3.25613,0.00658
26.76000,-0.31056,2.66756,2.68558,-2.94400,-3.25456,0.00663
26.88000,-0.30956,2.65531,2.67330,-2.94485,-3.25441,0.00666
27.00000,-0.30855,2.64341,2.66136,-2.94627,-3.25482,0.00668
27.12000,-0.30763,2.63207,2.64998,-2.94516,-3.25278,0.00663
27.24000,-0.30719,2.62146,2.63940,-2.94561,-3.25280,0.00654
27.36000,-0.30714,2.61157,2.62957,-2.94470,-3.25184,0.00650
27.48000,-0.30715,2.60285,2.62091,-2.94164,-3.24879,0.00652
27.60000,-0.30666,2.59491,2.61296,-2.94208,-3.24874,0.00656
27.72000,-0.30556,2.58707,2.60506,-2.94265,-3.24821,0.00656
27.84000,-0.30392,2.57889,2.59673,-2.93968,-3.24361,0.00655
27.96000,-0.30243,2.56988,2.58762,-2.93493,-3.23736,0.00658
28.08000,-0.30115,2.56071,2.57836,-2.93215,-3.23330,0.00664
28.20000,-0.30023,2.55227,2.56987,-2.93209,-3.23232,0.00672
28.32000,-0.29952,2.54456,2.56213,-2.93055,-3.23008,0.00678
28.44000,-0.29874,2.53745,2.55498,-2.92965,-3.22839,0.00678
28.56000,-0.29791,2.53154,2.54901,-2.93088,-3.22879,0.00682
28.68000,-0.29685,2.52706,2.54444,-2.93385,-3.23070,0.00682
28.80000,-0.29612,2.52379,2.54110,-2.93445,-3.23057,0.00676
28.92000,-0.29607,2.52129,2.53862,-2.93300,-3.22907,0.00676
29.04000,-0.29695,2.51870,2.53614,-2.93209,-3.22904,0.00675
29.16000,-0.29826,2.51485,2.53248,-2.93210,-3.23036,0.00668
29.28000,-0.29938,2.50915,2.52695,-2.93106,-3.23043,0.00666
29.40000,-0.30030,2.50217,2.52013,-2.92564,-3.22594,0.00664
29.52000,-0.30117,2.49540,2.51351,-2.91895,-3.22011,0.00667
29.64000,-0.30155,2.48953,2.50772,-2.91276,-3.21432,0.00674
29.76000,-0.30149,2.48446,2.50269,-2.91034,-3.21183,0.00675
29.88000,-0.30081,2.47955,2.49773,-2.90829,-3.20910,0.00678
30.00000,-0.30016,2.47504,2.49317,-2.90458,-3.20474,0.00682
30.12000,-0.29991,2.47076,2.48890,-2.90206,-3.20197,0.00677
30.24000,-0.29978,2.46582,2.48398,-2.90053,-3.20032,0.00666
30.36000,-0.29950,2.46029,2.47846,-2.89857,-3.19807,0.00662
30.48000,-0.29906,2.45358,2.47174,-2.89889,-3.19795,0.00663
30.60000,-0.29882,2.44590,2.46409,-2.90124,-3.20006,0.00660
30.72000,-0.29919,2.43696,2.45525,-2.89890,-3.19810,0.00660
30.84000,-0.29986,2.42624,2.44469,-2.89591,-3.19577,0.00662
30.96000,-0.30114,2.41326,2.43198,-2.89118,-3.19231,0.00667
31.08000,-0.30316,2.39885,2.41793,-2.88633,-3.18949,0.00670
31.20000,-0.30664,2.38376,2.40340,-2.87912,-3.18576,0.00679
31.32000,-0.31160,2.36875,2.38916,-2.87003,-3.18164,0.00682
31.44000,-0.31793,2.35440,2.37577,-2.86266,-3.18059,0.00686
31.56000,-0.32477,2.34067,2.36309,-2.85201,-3.17678,0.00688
31.68000,-0.33202,2.32626,2.34984,-2.84248,-3.17451,0.00687
31.80000,-0.34008,2.31079,2.33568,-2.83238,-3.17247,0.00687
31.92000,-0.34886,2.29451,2.32088,-2.82257,-3.17143,0.00685
32.04000,-0.35749,2.27746,2.30535,-2.81050,-3.16799,0.00676
32.16000,-0.36607,2.26027,2.28972,-2.79943,-3.16550,0.00669
32.28000,-0.37454,2.24322,2.27427,-2.78910,-3.16365,0.00673
32.40000,-0.38324,2.22663,2.25938,-2.77933,-3.16258,0.00677
32.52000,-0.39241,2.21081,2.24536,-2.77070,-3.16310,0.00677
32.64000,-0.40185,2.19575,2.23221,-2.76114,-3.16299,0.00680
32.76000,-0.41084,2.18134,2.21969,-2.75107,-3.16191,0.00681
32.88000,-0.41936,2.16775,2.20794,-2.73920,-3.15856,0.00682
33.00000,-0.42770,2.15471,2.19675,-2.72905,-3.15675,0.00675
33.12000,-0.43574,2.14184,2.18572,-2.71839,-3.15412,0.00673
33.24000,-0.44320,2.12928,2.17491,-2.70871,-3.15192,0.00676
33.36000,-0.44976,2.11728,2.16453,-2.70065,-3.15042,0.00678
33.48000,-0.45493,2.10642,2.15499,-2.69144,-3.14637,0.00680
33.60000,-0.45797,2.09639,2.14583,-2.68470,-3.14267,0.00680
33.72000,-0.45886,2.08682,2.13667,-2.68024,-3.13909,0.00677
33.84000,-0.45859,2.07815,2.12815,-2.68300,-3.14159,0.00674
33.96000,-0.45771,2.07031,2.12030,-2.68343,-3.14114,0.00676
34.08000,-0.45635,2.06374,2.11359,-2.68642,-3.14278,0.00678
34.20000,-0.45453,2.05804,2.10764,-2.69272,-3.14725,0.00677
34.32000,-0.45187,2.05272,2.10186,-2.69920,-3.15107,0.00683
34.44000,-0.44902,2.04758,2.09623,-2.70175,-3.15077,0.00685
34.56000,-0.44680,2.04213,2.09043,-2.70475,-3.15154,0.00690
34.68000,-0.44552,2.03626,2.08443,-2.70258,-3.14810,0.00699
34.80000,-0.44535,2.02984,2.07812,-2.69986,-3.14521,0.00702
34.92000,-0.44572,2.02319,2.07171,-2.69516,-3.14088,0.00696
35.04000,-0.44579,2.01585,2.06455,-2.69205,-3.13784,0.00693
35.16000,-0.44615,2.00793,2.05690,-2.69064,-3.13679,0.00689
35.28000,-0.44807,1.99999,2.04957,-2.68741,-3.13548,0.00689
35.40000,-0.45196,1.99260,2.04321,-2.68285,-3.13481,0.00686
35.52000,-0.45705,1.98611,2.03802,-2.67685,-3.13390,0.00687
35.64000,-0.46147,1.97966,2.03274,-2.66914,-3.13061,0.00686
35.76000,-0.46430,1.97288,2.02678,-2.66487,-3.12918,0.00679
35.88000,-0.46525,1.96534,2.01966,-2.66063,-3.12588,0.00677
36.00000,-0.46440,1.95714,2.01149,-2.66192,-3.12632,0.00680
36.12000,-0.46291,1.94810,2.00235,-2.65887,-3.12178,0.00684
36.24000,-0.46079,1.93788,1.99191,-2.66041,-3.12121,0.00684
36.36000,-0.45810,1.92730,1.98099,-2.66181,-3.11990,0.00686
36.48000,-0.45603,1.91689,1.97039,-2.66329,-3.11932,0.00690
36.60000,-0.45470,1.90680,1.96027,-2.66051,-3.11522,0.00695
36.72000,-0.45366,1.89769,1.95116,-2.65931,-3.11296,0.00688
36.84000,-0.45268,1.88961,1.94308,-2.65798,-3.11067,0.00676
36.96000,-0.45216,1.88208,1.93563,-2.65828,-3.11043,0.00676
37.08000,-0.45174,1.87429,1.92796,-2.65975,-3.11148,0.00675
37.20000,-0.45197,1.86576,1.91972,-2.65452,-3.10649,0.00676
37.32000,-0.45325,1.85630,1.91084,-2.65207,-3.10531,0.00680
37.44000,-0.45565,1.84578,1.90119,-2.65113,-3.10678,0.00682
37.56000,-0.45842,1.83460,1.89101,-2.64841,-3.10683,0.00688
37.68000,-0.46054,1.82301,1.88028,-2.64370,-3.10425,0.00697
37.80000,-0.46207,1.81093,1.86895,-2.64101,-3.10307,0.00703
37.92000,-0.46373,1.79832,1.85715,-2.63840,-3.10213,0.00709
38.04000,-0.46656,1.78551,1.84546,-2.63338,-3.09994,0.00706
38.16000,-0.47011,1.77264,1.83392,-2.62929,-3.09940,0.00708
38.28000,-0.47358,1.75976,1.82237,-2.62515,-3.09873,0.00707
38.40000,-0.47617,1.74630,1.81006,-2.62085,-3.09702,0.00704
38.52000,-0.47751,1.73226,1.79687,-2.61824,-3.09575,0.00698
38.64000,-0.47817,1.71752,1.78284,-2.61647,-3.09463,0.00696
38.76000,-0.47824,1.70215,1.76806,-2.61296,-3.09120,0.00694
38.88000,-0.47840,1.68652,1.75306,-2.60878,-3.08719,0.00691
39.00000,-0.47955,1.67063,1.73809,-2.60559,-3.08514,0.00687
39.12000,-0.48254,1.65457,1.72350,-2.59994,-3.08247,0.00688
39.24000,-0.48702,1.63829,1.70915,-2.59215,-3.07917,0.00689
39.36000,-0.49176,1.62074,1.69370,-2.58551,-3.07727,0.00690
39.48000,-0.49637,1.60215,1.67728,-2.58108,-3.07745,0.00691
39.60000,-0.50020,1.58343,1.66056,-2.57675,-3.07695,0.00696
39.72000,-0.50295,1.56524,1.64406,-2.57550,-3.07845,0.00698
39.84000,-0.50524,1.54793,1.62830,-2.57250,-3.07774,0.00697
39.96000,-0.50758,1.53182,1.61373,-2.56481,-3.07239,0.00693
40.08000,-0.50938,1.51670,1.59996,-2.55907,-3.06845,0.00684
40.20000,-0.51078,1.50192,1.58640,-2.55749,-3.06827,0.00677
40.32000,-0.51210,1.48726,1.57295,-2.55424,-3.06635,0.00674
40.44000,-0.51386,1.47233,1.55943,-2.54947,-3.06333,0.00678
40.56000,-0.51653,1.45745,1.54627,-2.54688,-3.06341,0.00683
40.68000,-0.52028,1.44299,1.53392,-2.54354,-3.06382,0.00691
40.80000,-0.52488,1.42840,1.52178,-2.53638,-3.06126,0.00701
40.92000,-0.53042,1.41432,1.51051,-2.52907,-3.05949,0.00703
41.04000,-0.53638,1.40121,1.50036,-2.52227,-3.05865,0.00707
41.16000,-0.54197,1.38895,1.49094,-2.51663,-3.05860,0.00714
41.28000,-0.54669,1.37714,1.48169,-2.51331,-3.06000,0.00717
41.40000,-0.55023,1.36495,1.47169,-2.51133,-3.06157,0.00718
41.52000,-0.55191,1.35237,1.46066,-2.50929,-3.06121,0.00716
41.64000,-0.55176,1.33935,1.44855,-2.50806,-3.05982,0.00705
41.76000,-0.55053,1.32597,1.43571,-2.51076,-3.06129,0.00696
41.88000,-0.54870,1.31260,1.42267,-2.51006,-3.05877,0.00689
42.00000,-0.54654,1.29926,1.40953,-2.51186,-3.05840,0.00694
42.12000,-0.54452,1.28580,1.39635,-2.51301,-3.05754,0.00698
42.24000,-0.54310,1.27168,1.38279,-2.51305,-3.05615,0.00696
42.36000,-0.54252,1.25705,1.36912,-2.51323,-3.05575,0.00695
42.48000,-0.54320,1.24167,1.35529,-2.50972,-3.05292,0.00693
42.60000,-0.54543,1.22551,1.34140,-2.50661,-3.05204,0.00697
42.72000,-0.54949,1.20856,1.32762,-2.50212,-3.05161,0.00699
42.84000,-0.55496,1.19056,1.31355,-2.49449,-3.04945,0.00702
42.96000,-0.56169,1.17142,1.29912,-2.48739,-3.04908,0.00704
43.08000,-0.56871,1.15148,1.28426,-2.47898,-3.04769,0.00706
43.20000,-0.57486,1.13137,1.26904,-2.47225,-3.04711,0.00704
43.32000,-0.57947,1.11223,1.25413,-2.46784,-3.04731,0.00692
43.44000,-0.58180,1.09451,1.23953,-2.46517,-3.04697,0.00686
43.56000,-0.58202,1.07783,1.22493,-2.46294,-3.04496,0.00688
43.68000,-0.58071,1.06184,1.21026,-2.46346,-3.04416,0.00691
43.80000,-0.57765,1.04593,1.19484,-2.46645,-3.04410,0.00695
43.92000,-0.57346,1.02997,1.17885,-2.46997,-3.04343,0.00697
44.04000,-0.56943,1.01333,1.16237,-2.47214,-3.04157,0.00710
44.16000,-0.56653,0.99552,1.14543,-2.47119,-3.03771,0.00723
44.28000,-0.56433,0.97636,1.12772,-2.47034,-3.03468,0.00726
44.40000,-0.56226,0.95600,1.10909,-2.47063,-3.03289,0.00724
44.52000,-0.55901,0.93566,1.08994,-2.47040,-3.02941,0.00723
44.64000,-0.55461,0.91638,1.07114,-2.47160,-3.02620,0.00718
44.76000,-0.54971,0.89832,1.05317,-2.47458,-3.02429,0.00715
44.88000,-0.54453,0.88149,1.03612,-2.47893,-3.02346,0.00708
45.00000,-0.53921,0.86515,1.01942,-2.48393,-3.02314,0.00706
45.12000,-0.53390,0.84836,1.00238,-2.48845,-3.02235,0.00705
45.24000,-0.52898,0.83079,0.98490,-2.49110,-3.02007,0.00707
45.36000,-0.52421,0.81274,0.96713,-2.49429,-3.01850,0.00712
45.48000,-0.51976,0.79427,0.94922,-2.49938,-3.01913,0.00701
45.60000,-0.51596,0.77605,0.93192,-2.50191,-3.01787,0.00700
45.72000,-0.51308,0.75838,0.91564,-2.50014,-3.01322,0.00700
45.84000,-0.51119,0.74109,0.90030,-2.50037,-3.01157,0.00701
45.96000,-0.51053,0.72408,0.88597,-2.50075,-3.01128,0.00705
46.08000,-0.51113,0.70722,0.87259,-2.50020,-3.01133,0.00711
46.20000,-0.51214,0.69005,0.85934,-2.49927,-3.01141,0.00706
46.32000,-0.51274,0.67262,0.84576,-2.50008,-3.01282,0.00708
46.44000,-0.51210,0.65467,0.83116,-2.49865,-3.01075,0.00704
46.56000,-0.50984,0.63659,0.81559,-2.50110,-3.01094,0.00697
46.68000,-0.50643,0.61866,0.79951,-2.50314,-3.00957,0.00699
46.80000,-0.50173,0.60092,0.78284,-2.50804,-3.00977,0.00698
46.92000,-0.49619,0.58304,0.76560,-2.51408,-3.01028,0.00702
47.04000,-0.49049,0.56451,0.74783,-2.52078,-3.01127,0.00708
47.16000,-0.48521,0.54540,0.72999,-2.52455,-3.00976,0.00710
47.28000,-0.48085,0.52595,0.71263,-2.52840,-3.00925,0.00711
47.40000,-0.47739,0.50643,0.69597,-2.53204,-3.00943,0.00716
47.52000,-0.47408,0.48730,0.67986,-2.53422,-3.00831,0.00720
47.64000,-0.47117,0.46915,0.66491,-2.53365,-3.00482,0.00725
47.76000,-0.46887,0.45186,0.65116,-2.53469,-3.00355,0.00726
47.88000,-0.46716,0.43448,0.63798,-2.53467,-3.00183,0.00727
48.00000,-0.46695,0.41691,0.62599,-2.53344,-3.00039,0.00722
48.12000,-0.46806,0.39930,0.61524,-2.53182,-2.99987,0.00718
48.24000,-0.46978,0.38184,0.60539,-2.53060,-3.00038,0.00711
48.36000,-0.47166,0.36534,0.59661,-2.52895,-3.00061,0.00708
48.48000,-0.47313,0.35000,0.58851,-2.52742,-3.00055,0.00704
48.60000,-0.47360,0.33533,0.58029,-2.52463,-2.99823,0.00704
48.72000,-0.47184,0.32067,0.57049,-2.52820,-3.00004,0.00700
48.84000,-0.46903,0.30627,0.56017,-2.52936,-2.99839,0.00699
48.96000,-0.46687,0.29287,0.55113,-2.53005,-2.99693,0.00702
49.08000,-0.46618,0.27988,0.54374,-2.53192,-2.99810,0.00706
49.20000,-0.46726,0.26749,0.53841,-2.53069,-2.99795,0.00711
49.32000,-0.46952,0.25556,0.53456,-2.52808,-2.99760,0.00712
49.44000,-0.47237,0.24378,0.53157,-2.52627,-2.99864,0.00716
49.56000,-0.47469,0.23201,0.52836,-2.52348,-2.99818,0.00716
49.68000,-0.47673,0.21993,0.52501,-2.52010,-2.99682,0.00714
49.80000,-0.47845,0.20787,0.52166,-2.51724,-2.99569,0.00712
49.92000,-0.47969,0.19644,0.51835,-2.51856,-2.99824,0.00714
