label,t_s,N,N0,Nth,T_nK
loose_0.6,0.00000,1.40000e+06,0.00000e+00,1.40000e+06,50000.0000
loose_0.6,0.00733,1.36272e+06,0.00000e+00,1.36272e+06,47347.3342
loose_0.6,0.01467,1.33111e+06,0.00000e+00,1.33111e+06,45002.0186
loose_0.6,0.02200,1.30389e+06,0.00000e+00,1.30389e+06,42923.3445
loose_0.6,0.02933,1.28012e+06,0.00000e+00,1.28012e+06,41061.1429
loose_0.6,0.03667,1.25910e+06,0.00000e+00,1.25910e+06,39376.7091
loose_0.6,0.04400,1.24030e+06,0.00000e+00,1.24030e+06,37839.2466
loose_0.6,0.05133,1.22331e+06,0.00000e+00,1.22331e+06,36424.2640
loose_0.6,0.05867,1.20780e+06,0.00000e+00,1.20780e+06,35141.4631
loose_0.6,0.06600,1.19362e+06,0.00000e+00,1.19362e+06,33978.4340
loose_0.6,0.07333,1.18056e+06,0.00000e+00,1.18056e+06,32892.1143
loose_0.6,0.08067,1.16844e+06,0.00000e+00,1.16844e+06,31871.6642
loose_0.6,0.08800,1.15711e+06,0.00000e+00,1.15711e+06,30908.0155
loose_0.6,0.09533,1.14645e+06,0.00000e+00,1.14645e+06,29993.3088
loose_0.6,0.10267,1.13637e+06,0.00000e+00,1.13637e+06,29121.4858
loose_0.6,0.11000,1.12679e+06,0.00000e+00,1.12679e+06,28290.3007
loose_0.6,0.11733,1.11768e+06,0.00000e+00,1.11768e+06,27533.9334
loose_0.6,0.12467,1.10900e+06,0.00000e+00,1.10900e+06,26812.2779
loose_0.6,0.13200,1.10071e+06,0.00000e+00,1.10071e+06,26118.7390
loose_0.6,0.13933,1.09275e+06,0.00000e+00,1.09275e+06,25449.9111
loose_0.6,0.14667,1.08507e+06,0.00000e+00,1.08507e+06,24803.2385
loose_0.6,0.15400,1.07765e+06,0.00000e+00,1.07765e+06,24176.4598
loose_0.6,0.16133,1.07045e+06,0.00000e+00,1.07045e+06,23567.8192
loose_0.6,0.16867,1.06344e+06,0.00000e+00,1.06344e+06,22993.5260
loose_0.6,0.17600,1.05666e+06,0.00000e+00,1.05666e+06,22455.1921
loose_0.6,0.18333,1.05007e+06,0.00000e+00,1.05007e+06,21931.6434
loose_0.6,0.19067,1.04365e+06,0.00000e+00,1.04365e+06,21421.5531
loose_0.6,0.19800,1.03739e+06,0.00000e+00,1.03739e+06,20923.7492
loose_0.6,0.20533,1.03126e+06,0.00000e+00,1.03126e+06,20436.8645
loose_0.6,0.21267,1.02524e+06,0.00000e+00,1.02524e+06,19959.9754
loose_0.6,0.22000,1.01933e+06,0.00000e+00,1.01933e+06,19495.0105
loose_0.6,0.22733,1.01352e+06,0.00000e+00,1.01352e+06,19065.8564
loose_0.6,0.23467,1.00784e+06,0.00000e+00,1.00784e+06,18648.5704
loose_0.6,0.24200,1.00226e+06,0.00000e+00,1.00226e+06,18239.7921
loose_0.6,0.24933,9.96777e+05,0.00000e+00,9.96777e+05,17838.6002
loose_0.6,0.25667,9.91372e+05,0.00000e+00,9.91372e+05,17444.3828
loose_0.6,0.26400,9.86035e+05,0.00000e+00,9.86035e+05,17056.6561
loose_0.6,0.27133,9.80755e+05,0.00000e+00,9.80755e+05,16675.2300
loose_0.6,0.27867,9.75529e+05,0.00000e+00,9.75529e+05,16311.8894
loose_0.6,0.28600,9.70381e+05,0.00000e+00,9.70381e+05,15968.8891
loose_0.6,0.29333,9.65307e+05,0.00000e+00,9.65307e+05,15631.6929
loose_0.6,0.30067,9.60296e+05,0.00000e+00,9.60296e+05,15299.8365
loose_0.6,0.30800,9.55340e+05,0.00000e+00,9.55340e+05,14972.9840
loose_0.6,0.31533,9.50427e+05,0.00000e+00,9.50427e+05,14650.5789
loose_0.6,0.32267,9.45551e+05,0.00000e+00,9.45551e+05,14332.2663
loose_0.6,0.33000,9.40704e+05,0.00000e+00,9.40704e+05,14020.2421
loose_0.6,0.33733,9.35897e+05,0.00000e+00,9.35897e+05,13730.5850
loose_0.6,0.34467,9.31146e+05,0.00000e+00,9.31146e+05,13447.6193
loose_0.6,0.35200,9.26443e+05,0.00000e+00,9.26443e+05,13168.7489
loose_0.6,0.35933,9.21779e+05,0.00000e+00,9.21779e+05,12893.5425
loose_0.6,0.36667,9.17147e+05,0.00000e+00,9.17147e+05,12621.7170
loose_0.6,0.37400,9.12540e+05,0.00000e+00,9.12540e+05,12353.1063
loose_0.6,0.38133,9.07951e+05,0.00000e+00,9.07951e+05,12087.7722
loose_0.6,0.38867,9.03379e+05,0.00000e+00,9.03379e+05,11834.1845
loose_0.6,0.39600,8.98847e+05,0.00000e+00,8.98847e+05,11594.2321
loose_0.6,0.40333,8.94353e+05,0.00000e+00,8.94353e+05,11357.4470
loose_0.6,0.41067,8.89891e+05,0.00000e+00,8.89891e+05,11123.5645
loose_0.6,0.41800,8.85453e+05,0.00000e+00,8.85453e+05,10892.4467
loose_0.6,0.42533,8.81033e+05,0.00000e+00,8.81033e+05,10663.7826
loose_0.6,0.43267,8.76624e+05,0.00000e+00,8.76624e+05,10437.3560
loose_0.6,0.44000,8.72221e+05,0.00000e+00,8.72221e+05,10215.1885
loose_0.6,0.44733,8.67838e+05,0.00000e+00,8.67838e+05,10008.0950
loose_0.6,0.45467,8.63489e+05,0.00000e+00,8.63489e+05,9805.6396
loose_0.6,0.46200,8.59167e+05,0.00000e+00,8.59167e+05,9605.6722
loose_0.6,0.46933,8.54866e+05,0.00000e+00,8.54866e+05,9407.9295
loose_0.6,0.47667,8.50579e+05,0.00000e+00,8.50579e+05,9212.2064
loose_0.6,0.48400,8.46301e+05,0.00000e+00,8.46301e+05,9018.4301
loose_0.6,0.49133,8.42024e+05,0.00000e+00,8.42024e+05,8826.6937
loose_0.6,0.49867,8.37750e+05,0.00000e+00,8.37750e+05,8643.2170
loose_0.6,0.50600,8.33500e+05,0.00000e+00,8.33500e+05,8469.3534
loose_0.6,0.51333,8.29275e+05,0.00000e+00,8.29275e+05,8297.5469
loose_0.6,0.52067,8.25068e+05,0.00000e+00,8.25068e+05,8127.6121
loose_0.6,0.52800,8.20874e+05,0.00000e+00,8.20874e+05,7959.4762
loose_0.6,0.53533,8.16687e+05,0.00000e+00,8.16687e+05,7792.9496
loose_0.6,0.54267,8.12500e+05,0.00000e+00,8.12500e+05,7627.8618
loose_0.6,0.55000,8.08310e+05,0.00000e+00,8.08310e+05,7465.9332
loose_0.6,0.55733,8.04127e+05,0.00000e+00,8.04127e+05,7314.3845
loose_0.6,0.56467,7.99966e+05,0.00000e+00,7.99966e+05,7166.2900
loose_0.6,0.57200,7.95822e+05,0.00000e+00,7.95822e+05,7019.8614
loose_0.6,0.57933,7.91689e+05,0.00000e+00,7.91689e+05,6874.9444
loose_0.6,0.58667,7.87561e+05,0.00000e+00,7.87561e+05,6731.3943
loose_0.6,0.59400,7.83434e+05,0.00000e+00,7.83434e+05,6589.1705
loose_0.6,0.60133,7.79301e+05,0.00000e+00,7.79301e+05,6448.3466
loose_0.6,0.60867,7.75163e+05,0.00000e+00,7.75163e+05,6313.5160
loose_0.6,0.61600,7.71040e+05,0.00000e+00,7.71040e+05,6185.6093
loose_0.6,0.62333,7.66934e+05,0.00000e+00,7.66934e+05,6059.1417
loose_0.6,0.63067,7.62838e+05,0.00000e+00,7.62838e+05,5933.9608
loose_0.6,0.63800,7.58745e+05,0.00000e+00,7.58745e+05,5810.0184
loose_0.6,0.64533,7.54651e+05,0.00000e+00,7.54651e+05,5687.2055
loose_0.6,0.65267,7.50550e+05,0.00000e+00,7.50550e+05,5565.4015
loose_0.6,0.66000,7.46439e+05,0.00000e+00,7.46439e+05,5446.0249
loose_0.6,0.66733,7.42330e+05,0.00000e+00,7.42330e+05,5333.9001
loose_0.6,0.67467,7.38236e+05,0.00000e+00,7.38236e+05,5224.4248
loose_0.6,0.68200,7.34152e+05,0.00000e+00,7.34152e+05,5116.1409
loose_0.6,0.68933,7.30072e+05,0.00000e+00,7.30072e+05,5008.9480
loose_0.6,0.69667,7.25990e+05,0.00000e+00,7.25990e+05,4902.7180
loose_0.6,0.70400,7.21899e+05,0.00000e+00,7.21899e+05,4797.4176
loose_0.6,0.71133,7.17795e+05,0.00000e+00,7.17795e+05,4693.1056
loose_0.6,0.71867,7.13680e+05,0.00000e+00,7.13680e+05,4593.1991
loose_0.6,0.72600,7.09574e+05,0.00000e+00,7.09574e+05,4498.3092
loose_0.6,0.73333,7.05479e+05,0.00000e+00,7.05479e+05,4404.4831
loose_0.6,0.74067,7.01387e+05,0.00000e+00,7.01387e+05,4311.6016
loose_0.6,0.74800,6.97293e+05,0.00000e+00,6.97293e+05,4219.6240
loose_0.6,0.75533,6.93190e+05,0.00000e+00,6.93190e+05,4128.4781
loose_0.6,0.76267,6.89072e+05,0.00000e+00,6.89072e+05,4038.0566
loose_0.6,0.77000,6.84936e+05,0.00000e+00,6.84936e+05,3949.4781
loose_0.6,0.77733,6.80795e+05,0.00000e+00,6.80795e+05,3866.0197
loose_0.6,0.78467,6.76663e+05,0.00000e+00,6.76663e+05,3784.5812
loose_0.6,0.79200,6.72535e+05,0.00000e+00,6.72535e+05,3704.0261
loose_0.6,0.79933,6.68404e+05,0.00000e+00,6.68404e+05,3624.2897
loose_0.6,0.80667,6.64265e+05,0.00000e+00,6.64265e+05,3545.2724
loose_0.6,0.81400,6.60109e+05,0.00000e+00,6.60109e+05,3466.9418
loose_0.6,0.82133,6.55931e+05,0.00000e+00,6.55931e+05,3389.3193
loose_0.6,0.82867,6.51734e+05,0.00000e+00,6.51734e+05,3314.9492
loose_0.6,0.83600,6.47540e+05,0.00000e+00,6.47540e+05,3244.2032
loose_0.6,0.84333,6.43349e+05,0.00000e+00,6.43349e+05,3174.2640
loose_0.6,0.85067,6.39156e+05,0.00000e+00,6.39156e+05,3105.0390
loose_0.6,0.85800,6.34952e+05,0.00000e+00,6.34952e+05,3036.4905
loose_0.6,0.86533,6.30731e+05,0.00000e+00,6.30731e+05,2968.5733
loose_0.6,0.87267,6.26486e+05,0.00000e+00,6.26486e+05,2901.2040
loose_0.6,0.88000,6.22214e+05,0.00000e+00,6.22214e+05,2835.2277
loose_0.6,0.88733,6.17929e+05,0.00000e+00,6.17929e+05,2772.8808
loose_0.6,0.89467,6.13646e+05,0.00000e+00,6.13646e+05,2712.0741
loose_0.6,0.90200,6.09360e+05,0.00000e+00,6.09360e+05,2651.9348
loose_0.6,0.90933,6.05062e+05,0.00000e+00,6.05062e+05,2592.4210
loose_0.6,0.91667,6.00745e+05,0.00000e+00,6.00745e+05,2533.4563
loose_0.6,0.92400,5.96402e+05,0.00000e+00,5.96402e+05,2475.0124
loose_0.6,0.93133,5.92028e+05,0.00000e+00,5.92028e+05,2417.1093
loose_0.6,0.93867,5.87626e+05,0.00000e+00,5.87626e+05,2361.6040
loose_0.6,0.94600,5.83217e+05,0.00000e+00,5.83217e+05,2308.7011
loose_0.6,0.95333,5.78802e+05,0.00000e+00,5.78802e+05,2256.4189
loose_0.6,0.96067,5.74375e+05,0.00000e+00,5.74375e+05,2204.6889
loose_0.6,0.96800,5.69927e+05,0.00000e+00,5.69927e+05,2153.4755
loose_0.6,0.97533,5.65451e+05,0.00000e+00,5.65451e+05,2102.7582
loose_0.6,0.98267,5.60941e+05,0.00000e+00,5.60941e+05,2052.4880
loose_0.6,0.99000,5.56391e+05,0.00000e+00,5.56391e+05,2003.2615
loose_0.6,0.99733,5.51817e+05,0.00000e+00,5.51817e+05,1956.6060
loose_0.6,1.00467,5.47234e+05,0.00000e+00,5.47234e+05,1911.1080
loose_0.6,1.01200,5.42635e+05,0.00000e+00,5.42635e+05,1866.1224
loose_0.6,1.01933,5.38013e+05,0.00000e+00,5.38013e+05,1821.6302
loose_0.6,1.02667,5.33363e+05,0.00000e+00,5.33363e+05,1777.5904
loose_0.6,1.03400,5.28675e+05,0.00000e+00,5.28675e+05,1733.9702
loose_0.6,1.04133,5.23939e+05,0.00000e+00,5.23939e+05,1690.7612
loose_0.6,1.04867,5.19156e+05,0.00000e+00,5.19156e+05,1649.2963
loose_0.6,1.05600,5.14354e+05,0.00000e+00,5.14354e+05,1609.6815
loose_0.6,1.06333,5.09535e+05,0.00000e+00,5.09535e+05,1570.5662
loose_0.6,1.07067,5.04692e+05,0.00000e+00,5.04692e+05,1531.9052
loose_0.6,1.07800,4.99816e+05,0.00000e+00,4.99816e+05,1493.6652
loose_0.6,1.08533,4.94896e+05,0.00000e+00,4.94896e+05,1455.8243
loose_0.6,1.09267,4.89920e+05,0.00000e+00,4.89920e+05,1418.3378
loose_0.6,1.10000,4.84882e+05,0.00000e+00,4.84882e+05,1381.6222
loose_0.6,1.10733,4.79805e+05,0.00000e+00,4.79805e+05,1346.7416
loose_0.6,1.11467,4.74708e+05,0.00000e+00,4.74708e+05,1312.7351
loose_0.6,1.12200,4.69581e+05,0.00000e+00,4.69581e+05,1279.1498
loose_0.6,1.12933,4.64412e+05,0.00000e+00,4.64412e+05,1245.9631
loose_0.6,1.13667,4.59193e+05,0.00000e+00,4.59193e+05,1213.1415
loose_0.6,1.14400,4.53916e+05,0.00000e+00,4.53916e+05,1180.6701
loose_0.6,1.15133,4.48567e+05,0.00000e+00,4.48567e+05,1148.5380
loose_0.6,1.15867,4.43149e+05,0.00000e+00,4.43149e+05,1117.6754
loose_0.6,1.16600,4.37691e+05,0.00000e+00,4.37691e+05,1088.1197
loose_0.6,1.17333,4.32199e+05,0.00000e+00,4.32199e+05,1058.9820
loose_0.6,1.18067,4.26665e+05,0.00000e+00,4.26665e+05,1030.2272
loose_0.6,1.18800,4.21074e+05,0.00000e+00,4.21074e+05,1001.8267
loose_0.6,1.19533,4.15412e+05,0.00000e+00,4.15412e+05,973.7647
loose_0.6,1.20267,4.09666e+05,0.00000e+00,4.09666e+05,946.0135
loose_0.6,1.21000,4.03828e+05,0.00000e+00,4.03828e+05,918.8521
loose_0.6,1.21733,3.97925e+05,0.00000e+00,3.97925e+05,892.9958
loose_0.6,1.22467,3.91978e+05,0.00000e+00,3.91978e+05,867.8000
loose_0.6,1.23200,3.85976e+05,0.00000e+00,3.85976e+05,842.9620
loose_0.6,1.23933,3.79910e+05,0.00000e+00,3.79910e+05,818.4798
loose_0.6,1.24667,3.73766e+05,0.00000e+00,3.73766e+05,794.3320
loose_0.6,1.25400,3.67527e+05,0.00000e+00,3.67527e+05,770.4955
loose_0.6,1.26133,3.61174e+05,0.00000e+00,3.61174e+05,746.9631
loose_0.6,1.26867,3.54716e+05,0.00000e+00,3.54716e+05,724.3637
loose_0.6,1.27600,3.48196e+05,0.00000e+00,3.48196e+05,702.7092
loose_0.6,1.28333,3.41615e+05,0.00000e+00,3.41615e+05,681.4300
loose_0.6,1.29067,3.34957e+05,0.00000e+00,3.34957e+05,660.4977
loose_0.6,1.29800,3.28210e+05,0.00000e+00,3.28210e+05,639.9038
loose_0.6,1.30533,3.21356e+05,0.00000e+00,3.21356e+05,619.6421
loose_0.6,1.31267,3.14374e+05,0.00000e+00,3.14374e+05,599.6976
loose_0.6,1.32000,3.07252e+05,0.00000e+00,3.07252e+05,580.2441
loose_0.6,1.32733,3.00029e+05,0.00000e+00,3.00029e+05,561.7582
loose_0.6,1.33467,2.92735e+05,0.00000e+00,2.92735e+05,543.8160
loose_0.6,1.34200,2.85360e+05,0.00000e+00,2.85360e+05,526.2406
loose_0.6,1.34933,2.77890e+05,0.00000e+00,2.77890e+05,509.0352
loose_0.6,1.35667,2.70300e+05,0.00000e+00,2.70300e+05,492.1911
loose_0.6,1.36400,2.62574e+05,0.00000e+00,2.62574e+05,475.7083
loose_0.6,1.37133,2.54698e+05,0.00000e+00,2.54698e+05,459.6003
loose_0.6,1.37867,2.46670e+05,0.00000e+00,2.46670e+05,444.2610
loose_0.6,1.38600,2.38562e+05,0.00000e+00,2.38562e+05,429.6869
loose_0.6,1.39333,2.30388e+05,0.00000e+00,2.30388e+05,415.5493
loose_0.6,1.40067,2.22122e+05,0.00000e+00,2.22122e+05,401.8411
loose_0.6,1.40800,2.13755e+05,0.00000e+00,2.13755e+05,388.5724
loose_0.6,1.41533,2.05267e+05,0.00000e+00,2.05267e+05,375.7607
loose_0.6,1.42267,1.96644e+05,0.00000e+00,1.96644e+05,363.4252
loose_0.6,1.43000,1.87877e+05,0.00000e+00,1.87877e+05,351.6872
loose_0.6,1.43733,1.79030e+05,0.00000e+00,1.79030e+05,340.8513
loose_0.6,1.44467,1.70172e+05,0.00000e+00,1.70172e+05,330.6455
loose_0.6,1.45200,1.61292e+05,0.00000e+00,1.61292e+05,320.9840
loose_0.6,1.45933,1.52385e+05,0.00000e+00,1.52385e+05,311.8880
loose_0.6,1.46667,1.43440e+05,0.00000e+00,1.43440e+05,303.3769
loose_0.6,1.47400,1.34452e+05,0.00000e+00,1.34452e+05,295.4664
loose_0.6,1.48133,1.25413e+05,0.00000e+00,1.25413e+05,288.1752
loose_0.6,1.48867,1.16369e+05,0.00000e+00,1.16369e+05,281.7424
loose_0.6,1.49600,1.08326e+05,0.00000e+00,1.08326e+05,275.9323
loose_0.6,1.50333,1.01857e+05,0.00000e+00,1.01857e+05,270.3299
loose_0.6,1.51067,9.65733e+04,0.00000e+00,9.65733e+04,264.8985
loose_0.6,1.51800,9.22076e+04,0.00000e+00,9.22076e+04,259.6146
loose_0.6,1.52533,8.85679e+04,0.00000e+00,8.85679e+04,254.4653
loose_0.6,1.53267,8.55130e+04,0.00000e+00,8.55130e+04,249.4401
loose_0.6,1.54000,8.29371e+04,0.00000e+00,8.29371e+04,244.5928
loose_0.6,1.54733,8.07428e+04,0.00000e+00,8.07428e+04,240.1299
loose_0.6,1.55467,7.88585e+04,0.00000e+00,7.88585e+04,235.8352
loose_0.6,1.56200,7.72399e+04,0.00000e+00,7.72399e+04,231.6412
loose_0.6,1.56933,7.58538e+04,0.00000e+00,7.58538e+04,227.5492
loose_0.6,1.57667,7.54139e+04,0.00000e+00,7.54139e+04,224.5878
loose_0.6,1.58400,7.53770e+04,0.00000e+00,7.53770e+04,222.2473
loose_0.6,1.59133,7.53401e+04,0.00000e+00,7.53401e+04,219.8786
loose_0.6,1.59867,7.53032e+04,0.00000e+00,7.53032e+04,217.6700
loose_0.6,1.60600,7.52664e+04,0.00000e+00,7.52664e+04,215.6024
loose_0.6,1.61333,7.52295e+04,0.00000e+00,7.52295e+04,213.5190
loose_0.6,1.62067,7.51927e+04,0.00000e+00,7.51927e+04,211.4129
loose_0.6,1.62800,7.51559e+04,0.00000e+00,7.51559e+04,209.2812
loose_0.6,1.63533,7.51191e+04,0.00000e+00,7.51191e+04,207.1245
loose_0.6,1.64267,7.50823e+04,0.00000e+00,7.50823e+04,204.9429
loose_0.6,1.65000,7.50456e+04,0.00000e+00,7.50456e+04,202.7807
loose_0.6,1.65733,7.50089e+04,0.00000e+00,7.50089e+04,200.8341
loose_0.6,1.66467,7.49722e+04,0.00000e+00,7.49722e+04,198.9143
loose_0.6,1.67200,7.49355e+04,0.00000e+00,7.49355e+04,196.9719
loose_0.6,1.67933,7.48988e+04,0.00000e+00,7.48988e+04,195.0071
loose_0.6,1.68667,7.48622e+04,0.00000e+00,7.48622e+04,193.0204
loose_0.6,1.69400,7.48256e+04,0.00000e+00,7.48256e+04,191.0091
loose_0.6,1.70133,7.47889e+04,0.00000e+00,7.47889e+04,188.9731
loose_0.6,1.70867,7.47524e+04,0.00000e+00,7.47524e+04,187.0754
loose_0.6,1.71600,7.47158e+04,0.00000e+00,7.47158e+04,185.2979
loose_0.6,1.72333,7.46792e+04,0.00000e+00,7.46792e+04,183.5072
loose_0.6,1.73067,7.46427e+04,0.00000e+00,7.46427e+04,181.6971
loose_0.6,1.73800,7.46062e+04,0.00000e+00,7.46062e+04,179.8653
loose_0.6,1.74533,7.45697e+04,0.00000e+00,7.45697e+04,178.0115
loose_0.6,1.75267,7.45332e+04,0.00000e+00,7.45332e+04,176.1365
loose_0.6,1.76000,7.44968e+04,0.00000e+00,7.44968e+04,174.2729
loose_0.6,1.76733,7.44603e+04,0.00000e+00,7.44603e+04,172.6052
loose_0.6,1.77467,7.44239e+04,0.00000e+00,7.44239e+04,170.9552
loose_0.6,1.78200,7.43875e+04,0.00000e+00,7.43875e+04,169.2860
loose_0.6,1.78933,7.43511e+04,0.00000e+00,7.43511e+04,167.5972
loose_0.6,1.79667,7.43148e+04,0.00000e+00,7.43148e+04,165.8897
loose_0.6,1.80400,7.42784e+04,0.00000e+00,7.42784e+04,164.1613
loose_0.6,1.81133,7.42421e+04,0.00000e+00,7.42421e+04,162.4113
loose_0.6,1.81867,7.42058e+04,0.00000e+00,7.42058e+04,160.7808
loose_0.6,1.82600,7.41695e+04,0.00000e+00,7.41695e+04,159.2532
loose_0.6,1.83333,7.41332e+04,0.00000e+00,7.41332e+04,157.7141
loose_0.6,1.84067,7.40970e+04,0.00000e+00,7.40970e+04,156.1583
loose_0.6,1.84800,7.40607e+04,0.00000e+00,7.40607e+04,154.5841
loose_0.6,1.85533,7.40245e+04,0.00000e+00,7.40245e+04,152.9908
loose_0.6,1.86267,7.39883e+04,0.00000e+00,7.39883e+04,151.3793
loose_0.6,1.87000,7.39521e+04,0.00000e+00,7.39521e+04,149.7730
loose_0.6,1.87733,7.39160e+04,0.00000e+00,7.39160e+04,148.3443
loose_0.6,1.88467,7.38798e+04,0.00000e+00,7.38798e+04,146.9262
loose_0.6,1.89200,7.38437e+04,0.00000e+00,7.38437e+04,145.4917
loose_0.6,1.89933,7.38076e+04,0.00000e+00,7.38076e+04,144.0403
loose_0.6,1.90667,7.37715e+04,0.00000e+00,7.37715e+04,142.5727
loose_0.6,1.91400,7.37354e+04,0.00000e+00,7.37354e+04,141.0874
loose_0.6,1.92133,7.36994e+04,0.00000e+00,7.36994e+04,139.5833
loose_0.6,1.92867,7.36633e+04,0.00000e+00,7.36633e+04,138.1813
loose_0.6,1.93600,7.36273e+04,0.00000e+00,7.36273e+04,136.8690
loose_0.6,1.94333,7.35913e+04,0.00000e+00,7.35913e+04,135.5462
loose_0.6,1.95067,7.35553e+04,0.00000e+00,7.35553e+04,134.2090
loose_0.6,1.95800,7.35194e+04,0.00000e+00,7.35194e+04,132.8562
loose_0.6,1.96533,7.34834e+04,0.00000e+00,7.34834e+04,131.4868
loose_0.6,1.97267,7.34475e+04,0.00000e+00,7.34475e+04,130.1017
loose_0.6,1.98000,7.34116e+04,0.00000e+00,7.34116e+04,128.7171
loose_0.6,1.98733,7.33757e+04,0.00000e+00,7.33757e+04,127.4934
loose_0.6,1.99467,7.33398e+04,0.00000e+00,7.33398e+04,126.2745
loose_0.6,2.00200,7.33040e+04,0.00000e+00,7.33040e+04,125.0418
loose_0.6,2.00933,7.32681e+04,0.00000e+00,7.32681e+04,123.7943
loose_0.6,2.01667,7.32323e+04,0.00000e+00,7.32323e+04,122.5329
loose_0.6,2.02400,7.31965e+04,0.00000e+00,7.31965e+04,121.2565
loose_0.6,2.03133,7.31607e+04,0.00000e+00,7.31607e+04,119.9639
loose_0.6,2.03867,7.31250e+04,0.00000e+00,7.31250e+04,118.7576
loose_0.6,2.04600,7.30892e+04,0.00000e+00,7.30892e+04,117.6310
loose_0.6,2.05333,7.30535e+04,0.00000e+00,7.30535e+04,116.4941
loose_0.6,2.06067,7.30178e+04,0.00000e+00,7.30178e+04,115.3447
loose_0.6,2.06800,7.29821e+04,0.00000e+00,7.29821e+04,114.1822
loose_0.6,2.07533,7.29464e+04,0.00000e+00,7.29464e+04,113.0053
loose_0.6,2.08267,7.29108e+04,0.00000e+00,7.29108e+04,111.8147
loose_0.6,2.09000,7.28751e+04,0.00000e+00,7.28751e+04,110.6216
loose_0.6,2.09733,7.28395e+04,0.00000e+00,7.28395e+04,109.5735
loose_0.6,2.10467,7.28039e+04,0.00000e+00,7.28039e+04,108.5258
loose_0.6,2.11200,7.27683e+04,0.00000e+00,7.27683e+04,107.4664
loose_0.6,2.11933,7.27327e+04,0.00000e+00,7.27327e+04,106.3943
loose_0.6,2.12667,7.26972e+04,0.00000e+00,7.26972e+04,105.3101
loose_0.6,2.13400,7.26616e+04,0.00000e+00,7.26616e+04,104.2132
loose_0.6,2.14133,7.26261e+04,0.00000e+00,7.26261e+04,103.1023
loose_0.6,2.14867,7.25906e+04,0.00000e+00,7.25906e+04,102.0641
loose_0.6,2.15600,7.25551e+04,0.00000e+00,7.25551e+04,101.0974
loose_0.6,2.16333,7.25197e+04,0.00000e+00,7.25197e+04,100.1203
loose_0.6,2.17067,7.24842e+04,0.00000e+00,7.24842e+04,99.1324
loose_0.6,2.17800,7.24488e+04,0.00000e+00,7.24488e+04,98.1334
loose_0.6,2.18533,7.24134e+04,0.00000e+00,7.24134e+04,97.1219
loose_0.6,2.19267,7.23780e+04,0.00000e+00,7.23780e+04,96.0986
loose_0.6,2.20000,7.23426e+04,0.00000e+00,7.23426e+04,95.1143
baseline_1.0,0.00000,1.40000e+06,0.00000e+00,1.40000e+06,50000.0000
baseline_1.0,0.00733,1.27594e+06,0.00000e+00,1.27594e+06,41778.3689
baseline_1.0,0.01467,1.21413e+06,0.00000e+00,1.21413e+06,37220.1402
baseline_1.0,0.02200,1.17617e+06,0.00000e+00,1.17617e+06,34249.8910
baseline_1.0,0.02933,1.14959e+06,0.00000e+00,1.14959e+06,32087.5235
baseline_1.0,0.03667,1.12929e+06,0.00000e+00,1.12929e+06,30391.7496
baseline_1.0,0.04400,1.11285e+06,0.00000e+00,1.11285e+06,28991.0368
baseline_1.0,0.05133,1.09894e+06,0.00000e+00,1.09894e+06,27789.7905
baseline_1.0,0.05867,1.08681e+06,0.00000e+00,1.08681e+06,26753.0722
baseline_1.0,0.06600,1.07605e+06,0.00000e+00,1.07605e+06,25848.3128
baseline_1.0,0.07333,1.06633e+06,0.00000e+00,1.06633e+06,25026.7981
baseline_1.0,0.08067,1.05740e+06,0.00000e+00,1.05740e+06,24270.1358
baseline_1.0,0.08800,1.04909e+06,0.00000e+00,1.04909e+06,23565.0133
baseline_1.0,0.09533,1.04127e+06,0.00000e+00,1.04127e+06,22901.3352
baseline_1.0,0.10267,1.03386e+06,0.00000e+00,1.03386e+06,22271.8220
baseline_1.0,0.11000,1.02677e+06,0.00000e+00,1.02677e+06,21673.0447
baseline_1.0,0.11733,1.01999e+06,0.00000e+00,1.01999e+06,21130.7700
baseline_1.0,0.12467,1.01349e+06,0.00000e+00,1.01349e+06,20614.0715
baseline_1.0,0.13200,1.00723e+06,0.00000e+00,1.00723e+06,20117.1515
baseline_1.0,0.13933,1.00117e+06,0.00000e+00,1.00117e+06,19636.9322
baseline_1.0,0.14667,9.95275e+05,0.00000e+00,9.95275e+05,19171.1721
baseline_1.0,0.15400,9.89524e+05,0.00000e+00,9.89524e+05,18717.9789
baseline_1.0,0.16133,9.83894e+05,0.00000e+00,9.83894e+05,18275.9369
baseline_1.0,0.16867,9.78372e+05,0.00000e+00,9.78372e+05,17857.7654
baseline_1.0,0.17600,9.72980e+05,0.00000e+00,9.72980e+05,17465.4391
baseline_1.0,0.18333,9.67704e+05,0.00000e+00,9.67704e+05,17082.5683
baseline_1.0,0.19067,9.62528e+05,0.00000e+00,9.62528e+05,16708.0731
baseline_1.0,0.19800,9.57439e+05,0.00000e+00,9.57439e+05,16341.0289
baseline_1.0,0.20533,9.52422e+05,0.00000e+00,9.52422e+05,15980.3819
baseline_1.0,0.21267,9.47467e+05,0.00000e+00,9.47467e+05,15625.4434
baseline_1.0,0.22000,9.42564e+05,0.00000e+00,9.42564e+05,15277.7875
baseline_1.0,0.22733,9.37724e+05,0.00000e+00,9.37724e+05,14956.5471
baseline_1.0,0.23467,9.32960e+05,0.00000e+00,9.32960e+05,14643.3559
baseline_1.0,0.24200,9.28261e+05,0.00000e+00,9.28261e+05,14335.5359
baseline_1.0,0.24933,9.23617e+05,0.00000e+00,9.23617e+05,14032.3430
baseline_1.0,0.25667,9.19019e+05,0.00000e+00,9.19019e+05,13733.2916
baseline_1.0,0.26400,9.14459e+05,0.00000e+00,9.14459e+05,13438.0076
baseline_1.0,0.27133,9.09929e+05,0.00000e+00,9.09929e+05,13146.3594
baseline_1.0,0.27867,9.05429e+05,0.00000e+00,9.05429e+05,12867.7679
baseline_1.0,0.28600,9.00982e+05,0.00000e+00,9.00982e+05,12604.4783
baseline_1.0,0.29333,8.96585e+05,0.00000e+00,8.96585e+05,12345.0691
baseline_1.0,0.30067,8.92231e+05,0.00000e+00,8.92231e+05,12089.1280
baseline_1.0,0.30800,8.87911e+05,0.00000e+00,8.87911e+05,11836.3577
baseline_1.0,0.31533,8.83619e+05,0.00000e+00,8.83619e+05,11586.2977
baseline_1.0,0.32267,8.79347e+05,0.00000e+00,8.79347e+05,11338.6561
baseline_1.0,0.33000,8.75092e+05,0.00000e+00,8.75092e+05,11095.1825
baseline_1.0,0.33733,8.70865e+05,0.00000e+00,8.70865e+05,10868.8494
baseline_1.0,0.34467,8.66680e+05,0.00000e+00,8.66680e+05,10647.5063
baseline_1.0,0.35200,8.62532e+05,0.00000e+00,8.62532e+05,10429.0361
baseline_1.0,0.35933,8.58412e+05,0.00000e+00,8.58412e+05,10213.0520
baseline_1.0,0.36667,8.54315e+05,0.00000e+00,8.54315e+05,9999.2973
baseline_1.0,0.37400,8.50235e+05,0.00000e+00,8.50235e+05,9787.6102
baseline_1.0,0.38133,8.46166e+05,0.00000e+00,8.46166e+05,9578.0175
baseline_1.0,0.38867,8.42108e+05,0.00000e+00,8.42108e+05,9377.2938
baseline_1.0,0.39600,8.38084e+05,0.00000e+00,8.38084e+05,9187.2437
baseline_1.0,0.40333,8.34093e+05,0.00000e+00,8.34093e+05,8999.5841
baseline_1.0,0.41067,8.30127e+05,0.00000e+00,8.30127e+05,8814.0454
baseline_1.0,0.41800,8.26182e+05,0.00000e+00,8.26182e+05,8630.4695
baseline_1.0,0.42533,8.22250e+05,0.00000e+00,8.22250e+05,8448.5707
baseline_1.0,0.43267,8.18327e+05,0.00000e+00,8.18327e+05,8268.1469
baseline_1.0,0.44000,8.14408e+05,0.00000e+00,8.14408e+05,8090.7972
baseline_1.0,0.44733,8.10506e+05,0.00000e+00,8.10506e+05,7925.2546
baseline_1.0,0.45467,8.06636e+05,0.00000e+00,8.06636e+05,7763.4305
baseline_1.0,0.46200,8.02792e+05,0.00000e+00,8.02792e+05,7603.5568
baseline_1.0,0.46933,7.98967e+05,0.00000e+00,7.98967e+05,7445.3696
baseline_1.0,0.47667,7.95155e+05,0.00000e+00,7.95155e+05,7288.6608
baseline_1.0,0.48400,7.91350e+05,0.00000e+00,7.91350e+05,7133.3348
baseline_1.0,0.49133,7.87547e+05,0.00000e+00,7.87547e+05,6979.4335
baseline_1.0,0.49867,7.83746e+05,0.00000e+00,7.83746e+05,6831.9148
baseline_1.0,0.50600,7.79971e+05,0.00000e+00,7.79971e+05,6692.0705
baseline_1.0,0.51333,7.76220e+05,0.00000e+00,7.76220e+05,6553.9351
baseline_1.0,0.52067,7.72489e+05,0.00000e+00,7.72489e+05,6417.3067
baseline_1.0,0.52800,7.68770e+05,0.00000e+00,7.68770e+05,6282.0782
baseline_1.0,0.53533,7.65059e+05,0.00000e+00,7.65059e+05,6148.0580
baseline_1.0,0.54267,7.61349e+05,0.00000e+00,7.61349e+05,6015.0766
baseline_1.0,0.55000,7.57636e+05,0.00000e+00,7.57636e+05,5884.4746
baseline_1.0,0.55733,7.53933e+05,0.00000e+00,7.53933e+05,5762.0649
baseline_1.0,0.56467,7.50255e+05,0.00000e+00,7.50255e+05,5642.5206
baseline_1.0,0.57200,7.46594e+05,0.00000e+00,7.46594e+05,5524.3771
baseline_1.0,0.57933,7.42947e+05,0.00000e+00,7.42947e+05,5407.4652
baseline_1.0,0.58667,7.39306e+05,0.00000e+00,7.39306e+05,5291.6347
baseline_1.0,0.59400,7.35668e+05,0.00000e+00,7.35668e+05,5176.8175
baseline_1.0,0.60133,7.32025e+05,0.00000e+00,7.32025e+05,5063.0388
baseline_1.0,0.60867,7.28379e+05,0.00000e+00,7.28379e+05,4953.9334
baseline_1.0,0.61600,7.24752e+05,0.00000e+00,7.24752e+05,4850.3983
baseline_1.0,0.62333,7.21145e+05,0.00000e+00,7.21145e+05,4748.1285
baseline_1.0,0.63067,7.17550e+05,0.00000e+00,7.17550e+05,4646.9531
baseline_1.0,0.63800,7.13961e+05,0.00000e+00,7.13961e+05,4546.7906
baseline_1.0,0.64533,7.10372e+05,0.00000e+00,7.10372e+05,4447.5206
baseline_1.0,0.65267,7.06779e+05,0.00000e+00,7.06779e+05,4349.0241
baseline_1.0,0.66000,7.03178e+05,0.00000e+00,7.03178e+05,4252.3948
baseline_1.0,0.66733,6.99582e+05,0.00000e+00,6.99582e+05,4161.4953
baseline_1.0,0.67467,6.96005e+05,0.00000e+00,6.96005e+05,4072.8336
baseline_1.0,0.68200,6.92442e+05,0.00000e+00,6.92442e+05,3985.2231
baseline_1.0,0.68933,6.88886e+05,0.00000e+00,6.88886e+05,3898.5406
baseline_1.0,0.69667,6.85330e+05,0.00000e+00,6.85330e+05,3812.6482
baseline_1.0,0.70400,6.81767e+05,0.00000e+00,6.81767e+05,3727.4880
baseline_1.0,0.71133,6.78194e+05,0.00000e+00,6.78194e+05,3643.0824
baseline_1.0,0.71867,6.74613e+05,0.00000e+00,6.74613e+05,3562.1118
baseline_1.0,0.72600,6.71046e+05,0.00000e+00,6.71046e+05,3485.1833
baseline_1.0,0.73333,6.67493e+05,0.00000e+00,6.67493e+05,3409.2301
baseline_1.0,0.74067,6.63948e+05,0.00000e+00,6.63948e+05,3334.1146
baseline_1.0,0.74800,6.60403e+05,0.00000e+00,6.60403e+05,3259.7660
baseline_1.0,0.75533,6.56853e+05,0.00000e+00,6.56853e+05,3186.0948
baseline_1.0,0.76267,6.53290e+05,0.00000e+00,6.53290e+05,3112.9892
baseline_1.0,0.77000,6.49711e+05,0.00000e+00,6.49711e+05,3041.3022
baseline_1.0,0.77733,6.46130e+05,0.00000e+00,6.46130e+05,2973.6432
baseline_1.0,0.78467,6.42565e+05,0.00000e+00,6.42565e+05,2907.7077
baseline_1.0,0.79200,6.39009e+05,0.00000e+00,6.39009e+05,2842.5802
baseline_1.0,0.79933,6.35454e+05,0.00000e+00,6.35454e+05,2778.1712
baseline_1.0,0.80667,6.31893e+05,0.00000e+00,6.31893e+05,2714.3696
baseline_1.0,0.81400,6.28318e+05,0.00000e+00,6.28318e+05,2651.1206
baseline_1.0,0.82133,6.24724e+05,0.00000e+00,6.24724e+05,2588.4162
baseline_1.0,0.82867,6.21113e+05,0.00000e+00,6.21113e+05,2528.2266
baseline_1.0,0.83600,6.17512e+05,0.00000e+00,6.17512e+05,2470.9505
baseline_1.0,0.84333,6.13920e+05,0.00000e+00,6.13920e+05,2414.4380
baseline_1.0,0.85067,6.10330e+05,0.00000e+00,6.10330e+05,2358.5777
baseline_1.0,0.85800,6.06733e+05,0.00000e+00,6.06733e+05,2303.3052
baseline_1.0,0.86533,6.03123e+05,0.00000e+00,6.03123e+05,2248.5550
baseline_1.0,0.87267,5.99491e+05,0.00000e+00,5.99491e+05,2194.2374
baseline_1.0,0.88000,5.95833e+05,0.00000e+00,5.95833e+05,2140.9855
baseline_1.0,0.88733,5.92168e+05,0.00000e+00,5.92168e+05,2090.5656
baseline_1.0,0.89467,5.88514e+05,0.00000e+00,5.88514e+05,2041.4691
baseline_1.0,0.90200,5.84862e+05,0.00000e+00,5.84862e+05,1993.0001
baseline_1.0,0.90933,5.81203e+05,0.00000e+00,5.81203e+05,1945.0899
baseline_1.0,0.91667,5.77528e+05,0.00000e+00,5.77528e+05,1897.6493
baseline_1.0,0.92400,5.73831e+05,0.00000e+00,5.73831e+05,1850.6320
baseline_1.0,0.93133,5.70105e+05,0.00000e+00,5.70105e+05,1804.0385
baseline_1.0,0.93867,5.66353e+05,0.00000e+00,5.66353e+05,1759.2739
baseline_1.0,0.94600,5.62603e+05,0.00000e+00,5.62603e+05,1716.5891
baseline_1.0,0.95333,5.58857e+05,0.00000e+00,5.58857e+05,1674.5060
baseline_1.0,0.96067,5.55103e+05,0.00000e+00,5.55103e+05,1632.9367
baseline_1.0,0.96800,5.51333e+05,0.00000e+00,5.51333e+05,1591.8219
baseline_1.0,0.97533,5.47539e+05,0.00000e+00,5.47539e+05,1551.1224
baseline_1.0,0.98267,5.43714e+05,0.00000e+00,5.43714e+05,1510.7849
baseline_1.0,0.99000,5.39851e+05,0.00000e+00,5.39851e+05,1471.2331
baseline_1.0,0.99733,5.35970e+05,0.00000e+00,5.35970e+05,1433.6568
baseline_1.0,1.00467,5.32091e+05,0.00000e+00,5.32091e+05,1397.0790
baseline_1.0,1.01200,5.28204e+05,0.00000e+00,5.28204e+05,1360.9925
baseline_1.0,1.01933,5.24301e+05,0.00000e+00,5.24301e+05,1325.3544
baseline_1.0,1.02667,5.20374e+05,0.00000e+00,5.20374e+05,1290.1145
baseline_1.0,1.03400,5.16412e+05,0.00000e+00,5.16412e+05,1255.2200
baseline_1.0,1.04133,5.12404e+05,0.00000e+00,5.12404e+05,1220.6394
baseline_1.0,1.04867,5.08354e+05,0.00000e+00,5.08354e+05,1187.3511
baseline_1.0,1.05600,5.04294e+05,0.00000e+00,5.04294e+05,1155.5271
baseline_1.0,1.06333,5.00230e+05,0.00000e+00,5.00230e+05,1124.2026
baseline_1.0,1.07067,4.96151e+05,0.00000e+00,4.96151e+05,1093.3137
baseline_1.0,1.07800,4.92045e+05,0.00000e+00,4.92045e+05,1062.8026
baseline_1.0,1.08533,4.87898e+05,0.00000e+00,4.87898e+05,1032.6221
baseline_1.0,1.09267,4.83697e+05,0.00000e+00,4.83697e+05,1002.7141
baseline_1.0,1.10000,4.79436e+05,0.00000e+00,4.79436e+05,973.3640
baseline_1.0,1.10733,4.75144e+05,0.00000e+00,4.75144e+05,945.4008
baseline_1.0,1.11467,4.70848e+05,0.00000e+00,4.70848e+05,918.2064
baseline_1.0,1.12200,4.66535e+05,0.00000e+00,4.66535e+05,891.4270
baseline_1.0,1.12933,4.62187e+05,0.00000e+00,4.62187e+05,865.0088
baseline_1.0,1.13667,4.57794e+05,0.00000e+00,4.57794e+05,838.9021
baseline_1.0,1.14400,4.53345e+05,0.00000e+00,4.53345e+05,813.0805
baseline_1.0,1.15133,4.48826e+05,0.00000e+00,4.48826e+05,787.5104
baseline_1.0,1.15867,4.44239e+05,0.00000e+00,4.44239e+05,762.8446
baseline_1.0,1.16600,4.39629e+05,0.00000e+00,4.39629e+05,739.2042
baseline_1.0,1.17333,4.35002e+05,0.00000e+00,4.35002e+05,715.9895
baseline_1.0,1.18067,4.30345e+05,0.00000e+00,4.30345e+05,693.1453
baseline_1.0,1.18800,4.25638e+05,0.00000e+00,4.25638e+05,670.6147
baseline_1.0,1.19533,4.20863e+05,0.00000e+00,4.20863e+05,648.3531
baseline_1.0,1.20267,4.15315e+05,6.85095e+03,4.08464e+05,624.3430
baseline_1.0,1.21000,4.06167e+05,4.95130e+04,3.56654e+05,590.2725
baseline_1.0,1.21733,3.98481e+05,8.01518e+04,3.18330e+05,562.6222
baseline_1.0,1.22467,3.91278e+05,1.03086e+05,2.88192e+05,538.8739
baseline_1.0,1.23200,3.84151e+05,1.20851e+05,2.63300e+05,517.5920
baseline_1.0,1.23933,3.76954e+05,1.34925e+05,2.42029e+05,498.0601
baseline_1.0,1.24667,3.69643e+05,1.46271e+05,2.23372e+05,479.8019
baseline_1.0,1.25400,3.62220e+05,1.55551e+05,2.06669e+05,462.4879
baseline_1.0,1.26133,3.54706e+05,1.63232e+05,1.91474e+05,445.8966
baseline_1.0,1.26867,3.47145e+05,1.69563e+05,1.77582e+05,430.3006
baseline_1.0,1.27600,3.39596e+05,1.74668e+05,1.64928e+05,415.6991
baseline_1.0,1.28333,3.32089e+05,1.78755e+05,1.53334e+05,401.6538
baseline_1.0,1.29067,3.24647e+05,1.82045e+05,1.42601e+05,388.0456
baseline_1.0,1.29800,3.17293e+05,1.84687e+05,1.32606e+05,374.8005
baseline_1.0,1.30533,3.10041e+05,1.86811e+05,1.23230e+05,361.8498
baseline_1.0,1.31267,3.02905e+05,1.88520e+05,1.14385e+05,349.1308
baseline_1.0,1.32000,2.95898e+05,1.89868e+05,1.06030e+05,336.7196
baseline_1.0,1.32733,2.89044e+05,1.90828e+05,9.82156e+04,324.9452
baseline_1.0,1.33467,2.82357e+05,1.91408e+05,9.09494e+04,313.5832
baseline_1.0,1.34200,2.75845e+05,1.91676e+05,8.41683e+04,302.4913
baseline_1.0,1.34933,2.69508e+05,1.91693e+05,7.78148e+04,291.6346
baseline_1.0,1.35667,2.63347e+05,1.91513e+05,7.18341e+04,280.9674
baseline_1.0,1.36400,2.57361e+05,1.91166e+05,6.61956e+04,270.4652
baseline_1.0,1.37133,2.51552e+05,1.90677e+05,6.08750e+04,260.1173
baseline_1.0,1.37867,2.45919e+05,1.90046e+05,5.58726e+04,250.1490
baseline_1.0,1.38600,2.40473e+05,1.89239e+05,5.12331e+04,240.6342
baseline_1.0,1.39333,2.35213e+05,1.88269e+05,4.69443e+04,231.3801
baseline_1.0,1.40067,2.30133e+05,1.87173e+05,4.29594e+04,222.3417
baseline_1.0,1.40800,2.25228e+05,1.85973e+05,3.92548e+04,213.5027
baseline_1.0,1.41533,2.20492e+05,1.84688e+05,3.58045e+04,204.8462
baseline_1.0,1.42267,2.15920e+05,1.83329e+05,3.25915e+04,196.3631
baseline_1.0,1.43000,2.11506e+05,1.81900e+05,2.96068e+04,188.1088
baseline_1.0,1.43733,2.07253e+05,1.80387e+05,2.68660e+04,180.2922
baseline_1.0,1.44467,2.03159e+05,1.78787e+05,2.43729e+04,172.8019
baseline_1.0,1.45200,1.99217e+05,1.77114e+05,2.21037e+04,165.5686
baseline_1.0,1.45933,1.95418e+05,1.75378e+05,2.00396e+04,158.5894
baseline_1.0,1.46667,1.91752e+05,1.73587e+05,1.81649e+04,151.8623
baseline_1.0,1.47400,1.88210e+05,1.71740e+05,1.64699e+04,145.3981
baseline_1.0,1.48133,1.84779e+05,1.69834e+05,1.49456e+04,139.2151
baseline_1.0,1.48867,1.81454e+05,1.67864e+05,1.35899e+04,133.4645
baseline_1.0,1.49600,1.78347e+05,1.65904e+05,1.24428e+04,128.3236
baseline_1.0,1.50333,1.75523e+05,1.64010e+05,1.15128e+04,123.7898
baseline_1.0,1.51067,1.72925e+05,1.62170e+05,1.07546e+04,119.7732
baseline_1.0,1.51800,1.70514e+05,1.60379e+05,1.01351e+04,116.2005
baseline_1.0,1.52533,1.68261e+05,1.58633e+05,9.62830e+03,113.0120
baseline_1.0,1.53267,1.66146e+05,1.56931e+05,9.21445e+03,110.1559
baseline_1.0,1.54000,1.64153e+05,1.55275e+05,8.87821e+03,107.6146
baseline_1.0,1.54733,1.62265e+05,1.53661e+05,8.60417e+03,105.4319
baseline_1.0,1.55467,1.60469e+05,1.52089e+05,8.38074e+03,103.4745
baseline_1.0,1.56200,1.58759e+05,1.50558e+05,8.20068e+03,101.6873
baseline_1.0,1.56933,1.57127e+05,1.49069e+05,8.05800e+03,100.0491
baseline_1.0,1.57667,1.55586e+05,1.47559e+05,8.02709e+03,98.8670
baseline_1.0,1.58400,1.54117e+05,1.46081e+05,8.03607e+03,97.8370
baseline_1.0,1.59133,1.52709e+05,1.44664e+05,8.04501e+03,96.7946
baseline_1.0,1.59867,1.51359e+05,1.43305e+05,8.05419e+03,95.8226
baseline_1.0,1.60600,1.50060e+05,1.41997e+05,8.06288e+03,94.9127
baseline_1.0,1.61333,1.48810e+05,1.40738e+05,8.07184e+03,93.9958
baseline_1.0,1.62067,1.47607e+05,1.39526e+05,8.08075e+03,93.0689
baseline_1.0,1.62800,1.46449e+05,1.38360e+05,8.08977e+03,92.1308
baseline_1.0,1.63533,1.45335e+05,1.37237e+05,8.09874e+03,91.1816
baseline_1.0,1.64267,1.44263e+05,1.36155e+05,8.10767e+03,90.2214
baseline_1.0,1.65000,1.43231e+05,1.35114e+05,8.11672e+03,89.2698
baseline_1.0,1.65733,1.42236e+05,1.34110e+05,8.12573e+03,88.4131
baseline_1.0,1.66467,1.41275e+05,1.33141e+05,8.13471e+03,87.5681
baseline_1.0,1.67200,1.40347e+05,1.32204e+05,8.14376e+03,86.7132
baseline_1.0,1.67933,1.39451e+05,1.31299e+05,8.15278e+03,85.8485
baseline_1.0,1.68667,1.38586e+05,1.30424e+05,8.16177e+03,84.9741
baseline_1.0,1.69400,1.37751e+05,1.29580e+05,8.17085e+03,84.0888
baseline_1.0,1.70133,1.36944e+05,1.28764e+05,8.17990e+03,83.1927
baseline_1.0,1.70867,1.36165e+05,1.27976e+05,8.18904e+03,82.3574
baseline_1.0,1.71600,1.35411e+05,1.27213e+05,8.19800e+03,81.5751
baseline_1.0,1.72333,1.34681e+05,1.26474e+05,8.20707e+03,80.7869
baseline_1.0,1.73067,1.33974e+05,1.25758e+05,8.21613e+03,79.9902
baseline_1.0,1.73800,1.33289e+05,1.25064e+05,8.22525e+03,79.1839
baseline_1.0,1.74533,1.32626e+05,1.24391e+05,8.23435e+03,78.3679
baseline_1.0,1.75267,1.31984e+05,1.23741e+05,8.24343e+03,77.5426
baseline_1.0,1.76000,1.31363e+05,1.23110e+05,8.25263e+03,76.7222
baseline_1.0,1.76733,1.30761e+05,1.22499e+05,8.26171e+03,75.9882
baseline_1.0,1.77467,1.30176e+05,1.21905e+05,8.27082e+03,75.2619
baseline_1.0,1.78200,1.29609e+05,1.21329e+05,8.27998e+03,74.5272
baseline_1.0,1.78933,1.29058e+05,1.20769e+05,8.28913e+03,73.7838
baseline_1.0,1.79667,1.28523e+05,1.20225e+05,8.29827e+03,73.0322
baseline_1.0,1.80400,1.28005e+05,1.19697e+05,8.30745e+03,72.2713
baseline_1.0,1.81133,1.27502e+05,1.19185e+05,8.31664e+03,71.5010
baseline_1.0,1.81867,1.27014e+05,1.18688e+05,8.32589e+03,70.7833
baseline_1.0,1.82600,1.26539e+05,1.18204e+05,8.33504e+03,70.1109
baseline_1.0,1.83333,1.26077e+05,1.17733e+05,8.34426e+03,69.4334
baseline_1.0,1.84067,1.25628e+05,1.17275e+05,8.35346e+03,68.7485
baseline_1.0,1.84800,1.25192e+05,1.16829e+05,8.36269e+03,68.0556
baseline_1.0,1.85533,1.24767e+05,1.16395e+05,8.37194e+03,67.3542
baseline_1.0,1.86267,1.24354e+05,1.15973e+05,8.38117e+03,66.6448
baseline_1.0,1.87000,1.23953e+05,1.15562e+05,8.39069e+03,65.9377
baseline_1.0,1.87733,1.23563e+05,1.15163e+05,8.39969e+03,65.3088
baseline_1.0,1.88467,1.23182e+05,1.14773e+05,8.40895e+03,64.6845
baseline_1.0,1.89200,1.22812e+05,1.14393e+05,8.41822e+03,64.0530
baseline_1.0,1.89933,1.22450e+05,1.14023e+05,8.42753e+03,63.4141
baseline_1.0,1.90667,1.22099e+05,1.13662e+05,8.43683e+03,62.7681
baseline_1.0,1.91400,1.21756e+05,1.13310e+05,8.44611e+03,62.1142
baseline_1.0,1.92133,1.21422e+05,1.12967e+05,8.45546e+03,61.4521
baseline_1.0,1.92867,1.21097e+05,1.12633e+05,8.46480e+03,60.8349
baseline_1.0,1.93600,1.20780e+05,1.12306e+05,8.47411e+03,60.2572
baseline_1.0,1.94333,1.20471e+05,1.11987e+05,8.48348e+03,59.6749
baseline_1.0,1.95067,1.20169e+05,1.11676e+05,8.49283e+03,59.0862
baseline_1.0,1.95800,1.19874e+05,1.11372e+05,8.50217e+03,58.4907
baseline_1.0,1.96533,1.19586e+05,1.11075e+05,8.51158e+03,57.8878
baseline_1.0,1.97267,1.19306e+05,1.10785e+05,8.52096e+03,57.2781
baseline_1.0,1.98000,1.19032e+05,1.10501e+05,8.53096e+03,56.6685
baseline_1.0,1.98733,1.18765e+05,1.10225e+05,8.53975e+03,56.1298
baseline_1.0,1.99467,1.18504e+05,1.09955e+05,8.54917e+03,55.5932
baseline_1.0,2.00200,1.18249e+05,1.09690e+05,8.55855e+03,55.0505
baseline_1.0,2.00933,1.17999e+05,1.09431e+05,8.56803e+03,54.5014
baseline_1.0,2.01667,1.17755e+05,1.09178e+05,8.57748e+03,53.9461
baseline_1.0,2.02400,1.17517e+05,1.08930e+05,8.58689e+03,53.3842
baseline_1.0,2.03133,1.17284e+05,1.08688e+05,8.59640e+03,52.8151
baseline_1.0,2.03867,1.17057e+05,1.08451e+05,8.60586e+03,52.2840
baseline_1.0,2.04600,1.16834e+05,1.08219e+05,8.61529e+03,51.7881
baseline_1.0,2.05333,1.16616e+05,1.07992e+05,8.62484e+03,51.2876
baseline_1.0,2.06067,1.16403e+05,1.07769e+05,8.63434e+03,50.7816
baseline_1.0,2.06800,1.16194e+05,1.07550e+05,8.64380e+03,50.2698
baseline_1.0,2.07533,1.15990e+05,1.07336e+05,8.65338e+03,49.7517
baseline_1.0,2.08267,1.15790e+05,1.07127e+05,8.66291e+03,49.2275
baseline_1.0,2.09000,1.15594e+05,1.06920e+05,8.67363e+03,48.7022
baseline_1.0,2.09733,1.15402e+05,1.06720e+05,8.68207e+03,48.2408
baseline_1.0,2.10467,1.15214e+05,1.06523e+05,8.69164e+03,47.7796
baseline_1.0,2.11200,1.15030e+05,1.06329e+05,8.70114e+03,47.3132
baseline_1.0,2.11933,1.14849e+05,1.06139e+05,8.71080e+03,46.8412
baseline_1.0,2.12667,1.14672e+05,1.05952e+05,8.72039e+03,46.3639
baseline_1.0,2.13400,1.14499e+05,1.05769e+05,8.72991e+03,45.8810
baseline_1.0,2.14133,1.14329e+05,1.05589e+05,8.73962e+03,45.3919
baseline_1.0,2.14867,1.14162e+05,1.05413e+05,8.74926e+03,44.9349
baseline_1.0,2.15600,1.13998e+05,1.05239e+05,8.75882e+03,44.5093
baseline_1.0,2.16333,1.13838e+05,1.05069e+05,8.76855e+03,44.0791
baseline_1.0,2.17067,1.13680e+05,1.04902e+05,8.77821e+03,43.6442
baseline_1.0,2.17800,1.13525e+05,1.04737e+05,8.78778e+03,43.2044
baseline_1.0,2.18533,1.13373e+05,1.04575e+05,8.79756e+03,42.7591
baseline_1.0,2.19267,1.13223e+05,1.04416e+05,8.80725e+03,42.3086
baseline_1.0,2.20000,1.13077e+05,1.04246e+05,8.83110e+03,41.8752
tight_1.6,0.00000,1.40000e+06,0.00000e+00,1.40000e+06,50000.0000
tight_1.6,0.00733,1.14787e+06,0.00000e+00,1.14787e+06,33442.6379
tight_1.6,0.01467,1.08172e+06,0.00000e+00,1.08172e+06,29458.5978
tight_1.6,0.02200,1.03816e+06,0.00000e+00,1.03816e+06,27368.3737
tight_1.6,0.02933,1.00265e+06,0.00000e+00,1.00265e+06,25955.3930
tight_1.6,0.03667,9.71518e+05,0.00000e+00,9.71518e+05,24872.3792
tight_1.6,0.04400,9.43384e+05,0.00000e+00,9.43384e+05,23977.6110
tight_1.6,0.05133,9.17573e+05,0.00000e+00,9.17573e+05,23201.0316
tight_1.6,0.05867,8.93690e+05,0.00000e+00,8.93690e+05,22522.9434
tight_1.6,0.06600,8.71474e+05,0.00000e+00,8.71474e+05,21925.0186
tight_1.6,0.07333,8.50717e+05,0.00000e+00,8.50717e+05,21371.7585
tight_1.6,0.08067,8.31257e+05,0.00000e+00,8.31257e+05,20851.7088
tight_1.6,0.08800,8.12958e+05,0.00000e+00,8.12958e+05,20356.8746
tight_1.6,0.09533,7.95710e+05,0.00000e+00,7.95710e+05,19881.3394
tight_1.6,0.10267,7.79414e+05,0.00000e+00,7.79414e+05,19421.0897
tight_1.6,0.11000,7.63987e+05,0.00000e+00,7.63987e+05,18975.0701
tight_1.6,0.11733,7.49354e+05,0.00000e+00,7.49354e+05,18568.1969
tight_1.6,0.12467,7.35452e+05,0.00000e+00,7.35452e+05,18175.2978
tight_1.6,0.13200,7.22220e+05,0.00000e+00,7.22220e+05,17792.1162
tight_1.6,0.13933,7.09606e+05,0.00000e+00,7.09606e+05,17416.6943
tight_1.6,0.14667,6.97562e+05,0.00000e+00,6.97562e+05,17047.7304
tight_1.6,0.15400,6.86044e+05,0.00000e+00,6.86044e+05,16684.1583
tight_1.6,0.16133,6.75015e+05,0.00000e+00,6.75015e+05,16325.2722
tight_1.6,0.16867,6.64438e+05,0.00000e+00,6.64438e+05,15983.1038
tight_1.6,0.17600,6.54287e+05,0.00000e+00,6.54287e+05,15660.6345
tight_1.6,0.18333,6.44535e+05,0.00000e+00,6.44535e+05,15343.5335
tight_1.6,0.19067,6.35153e+05,0.00000e+00,6.35153e+05,15031.0025
tight_1.6,0.19800,6.26118e+05,0.00000e+00,6.26118e+05,14722.3857
tight_1.6,0.20533,6.17406e+05,0.00000e+00,6.17406e+05,14416.9081
tight_1.6,0.21267,6.08997e+05,0.00000e+00,6.08997e+05,14114.1208
tight_1.6,0.22000,6.00871e+05,0.00000e+00,6.00871e+05,13815.6338
tight_1.6,0.22733,5.93015e+05,0.00000e+00,5.93015e+05,13539.3002
tight_1.6,0.23467,5.85417e+05,0.00000e+00,5.85417e+05,13268.9922
tight_1.6,0.24200,5.78062e+05,0.00000e+00,5.78062e+05,13002.2642
tight_1.6,0.24933,5.70934e+05,0.00000e+00,5.70934e+05,12738.4464
tight_1.6,0.25667,5.64020e+05,0.00000e+00,5.64020e+05,12477.1224
tight_1.6,0.26400,5.57307e+05,0.00000e+00,5.57307e+05,12217.9893
tight_1.6,0.27133,5.50784e+05,0.00000e+00,5.50784e+05,11960.9755
tight_1.6,0.27867,5.44440e+05,0.00000e+00,5.44440e+05,11714.8126
tight_1.6,0.28600,5.38274e+05,0.00000e+00,5.38274e+05,11482.0257
tight_1.6,0.29333,5.32279e+05,0.00000e+00,5.32279e+05,11252.2457
tight_1.6,0.30067,5.26442e+05,0.00000e+00,5.26442e+05,11025.0407
tight_1.6,0.30800,5.20756e+05,0.00000e+00,5.20756e+05,10800.1054
tight_1.6,0.31533,5.15212e+05,0.00000e+00,5.15212e+05,10577.0025
tight_1.6,0.32267,5.09800e+05,0.00000e+00,5.09800e+05,10355.4611
tight_1.6,0.33000,5.04515e+05,0.00000e+00,5.04515e+05,10137.0999
tight_1.6,0.33733,4.99354e+05,0.00000e+00,4.99354e+05,9934.0068
tight_1.6,0.34467,4.94317e+05,0.00000e+00,4.94317e+05,9735.2992
tight_1.6,0.35200,4.89398e+05,0.00000e+00,4.89398e+05,9538.9683
tight_1.6,0.35933,4.84589e+05,0.00000e+00,4.84589e+05,9344.6099
tight_1.6,0.36667,4.79884e+05,0.00000e+00,4.79884e+05,9151.9553
tight_1.6,0.37400,4.75277e+05,0.00000e+00,4.75277e+05,8960.8304
tight_1.6,0.38133,4.70761e+05,0.00000e+00,4.70761e+05,8771.2442
tight_1.6,0.38867,4.66335e+05,0.00000e+00,4.66335e+05,8589.4597
tight_1.6,0.39600,4.62002e+05,0.00000e+00,4.62002e+05,8417.3818
tight_1.6,0.40333,4.57759e+05,0.00000e+00,4.57759e+05,8247.4181
tight_1.6,0.41067,4.53600e+05,0.00000e+00,4.53600e+05,8079.2622
tight_1.6,0.41800,4.49520e+05,0.00000e+00,4.49520e+05,7912.7248
tight_1.6,0.42533,4.45513e+05,0.00000e+00,4.45513e+05,7747.5117
tight_1.6,0.43267,4.41576e+05,0.00000e+00,4.41576e+05,7583.4157
tight_1.6,0.44000,4.37704e+05,0.00000e+00,4.37704e+05,7421.9051
tight_1.6,0.44733,4.33900e+05,0.00000e+00,4.33900e+05,7271.1204
tight_1.6,0.45467,4.30168e+05,0.00000e+00,4.30168e+05,7123.7662
tight_1.6,0.46200,4.26503e+05,0.00000e+00,4.26503e+05,6978.1622
tight_1.6,0.46933,4.22900e+05,0.00000e+00,4.22900e+05,6834.0198
tight_1.6,0.47667,4.19355e+05,0.00000e+00,4.19355e+05,6691.1134
tight_1.6,0.48400,4.15863e+05,0.00000e+00,4.15863e+05,6549.3294
tight_1.6,0.49133,4.12420e+05,0.00000e+00,4.12420e+05,6408.6870
tight_1.6,0.49867,4.09027e+05,0.00000e+00,4.09027e+05,6273.7714
tight_1.6,0.50600,4.05689e+05,0.00000e+00,4.05689e+05,6145.9218
tight_1.6,0.51333,4.02405e+05,0.00000e+00,4.02405e+05,6019.6575
tight_1.6,0.52067,3.99172e+05,0.00000e+00,3.99172e+05,5894.7505
tight_1.6,0.52800,3.95985e+05,0.00000e+00,3.95985e+05,5771.0670
tight_1.6,0.53533,3.92841e+05,0.00000e+00,3.92841e+05,5648.4039
tight_1.6,0.54267,3.89735e+05,0.00000e+00,3.89735e+05,5526.5853
tight_1.6,0.55000,3.86666e+05,0.00000e+00,3.86666e+05,5406.8365
tight_1.6,0.55733,3.83637e+05,0.00000e+00,3.83637e+05,5294.5802
tight_1.6,0.56467,3.80653e+05,0.00000e+00,3.80653e+05,5185.0019
tight_1.6,0.57200,3.77710e+05,0.00000e+00,3.77710e+05,5076.7162
tight_1.6,0.57933,3.74805e+05,0.00000e+00,3.74805e+05,4969.5360
tight_1.6,0.58667,3.71935e+05,0.00000e+00,3.71935e+05,4863.3007
tight_1.6,0.59400,3.69096e+05,0.00000e+00,3.69096e+05,4757.9274
tight_1.6,0.60133,3.66285e+05,0.00000e+00,3.66285e+05,4653.4227
tight_1.6,0.60867,3.63501e+05,0.00000e+00,3.63501e+05,4553.1484
tight_1.6,0.61600,3.60754e+05,0.00000e+00,3.60754e+05,4458.0287
tight_1.6,0.62333,3.58042e+05,0.00000e+00,3.58042e+05,4364.1027
tight_1.6,0.63067,3.55361e+05,0.00000e+00,3.55361e+05,4271.1813
tight_1.6,0.63800,3.52709e+05,0.00000e+00,3.52709e+05,4179.1643
tight_1.6,0.64533,3.50081e+05,0.00000e+00,3.50081e+05,4087.9226
tight_1.6,0.65267,3.47475e+05,0.00000e+00,3.47475e+05,3997.3346
tight_1.6,0.66000,3.44889e+05,0.00000e+00,3.44889e+05,3908.4007
tight_1.6,0.66733,3.42328e+05,0.00000e+00,3.42328e+05,3824.7271
tight_1.6,0.67467,3.39798e+05,0.00000e+00,3.39798e+05,3743.1586
tight_1.6,0.68200,3.37295e+05,0.00000e+00,3.37295e+05,3662.5756
tight_1.6,0.68933,3.34815e+05,0.00000e+00,3.34815e+05,3582.8398
tight_1.6,0.69667,3.32356e+05,0.00000e+00,3.32356e+05,3503.8049
tight_1.6,0.70400,3.29913e+05,0.00000e+00,3.29913e+05,3425.4025
tight_1.6,0.71133,3.27485e+05,0.00000e+00,3.27485e+05,3347.6435
tight_1.6,0.71867,3.25072e+05,0.00000e+00,3.25072e+05,3273.0088
tight_1.6,0.72600,3.22683e+05,0.00000e+00,3.22683e+05,3202.1265
tight_1.6,0.73333,3.20319e+05,0.00000e+00,3.20319e+05,3132.1759
tight_1.6,0.74067,3.17975e+05,0.00000e+00,3.17975e+05,3063.0061
tight_1.6,0.74800,3.15647e+05,0.00000e+00,3.15647e+05,2994.5324
tight_1.6,0.75533,3.13334e+05,0.00000e+00,3.13334e+05,2926.6567
tight_1.6,0.76267,3.11030e+05,0.00000e+00,3.11030e+05,2859.2644
tight_1.6,0.77000,3.08735e+05,0.00000e+00,3.08735e+05,2793.1372
tight_1.6,0.77733,3.06454e+05,0.00000e+00,3.06454e+05,2730.7158
tight_1.6,0.78467,3.04195e+05,0.00000e+00,3.04195e+05,2669.9233
tight_1.6,0.79200,3.01955e+05,0.00000e+00,3.01955e+05,2609.8972
tight_1.6,0.79933,2.99728e+05,0.00000e+00,2.99728e+05,2550.5357
tight_1.6,0.80667,2.97513e+05,0.00000e+00,2.97513e+05,2491.7212
tight_1.6,0.81400,2.95304e+05,0.00000e+00,2.95304e+05,2433.3907
tight_1.6,0.82133,2.93100e+05,0.00000e+00,2.93100e+05,2375.5277
tight_1.6,0.82867,2.90901e+05,0.00000e+00,2.90901e+05,2319.9557
tight_1.6,0.83600,2.88719e+05,0.00000e+00,2.88719e+05,2267.0952
tight_1.6,0.84333,2.86553e+05,0.00000e+00,2.86553e+05,2214.9711
tight_1.6,0.85067,2.84400e+05,0.00000e+00,2.84400e+05,2163.4611
tight_1.6,0.85800,2.82255e+05,0.00000e+00,2.82255e+05,2112.4903
tight_1.6,0.86533,2.80116e+05,0.00000e+00,2.80116e+05,2061.9858
tight_1.6,0.87267,2.77977e+05,0.00000e+00,2.77977e+05,2011.8553
tight_1.6,0.88000,2.75838e+05,0.00000e+00,2.75838e+05,1962.6786
tight_1.6,0.88733,2.73706e+05,0.00000e+00,2.73706e+05,1916.1117
tight_1.6,0.89467,2.71589e+05,0.00000e+00,2.71589e+05,1870.8006
tight_1.6,0.90200,2.69484e+05,0.00000e+00,2.69484e+05,1826.0897
tight_1.6,0.90933,2.67385e+05,0.00000e+00,2.67385e+05,1781.8996
tight_1.6,0.91667,2.65288e+05,0.00000e+00,2.65288e+05,1738.1355
tight_1.6,0.92400,2.63191e+05,0.00000e+00,2.63191e+05,1694.7456
tight_1.6,0.93133,2.61090e+05,0.00000e+00,2.61090e+05,1651.7258
tight_1.6,0.93867,2.58987e+05,0.00000e+00,2.58987e+05,1610.3730
tight_1.6,0.94600,2.56893e+05,0.00000e+00,2.56893e+05,1570.9597
tight_1.6,0.95333,2.54810e+05,0.00000e+00,2.54810e+05,1532.1303
tight_1.6,0.96067,2.52733e+05,0.00000e+00,2.52733e+05,1493.7879
tight_1.6,0.96800,2.50656e+05,0.00000e+00,2.50656e+05,1455.8651
tight_1.6,0.97533,2.48576e+05,0.00000e+00,2.48576e+05,1418.3169
tight_1.6,0.98267,2.46490e+05,0.00000e+00,2.46490e+05,1381.0889
tight_1.6,0.99000,2.44395e+05,0.00000e+00,2.44395e+05,1344.5641
tight_1.6,0.99733,2.42300e+05,0.00000e+00,2.42300e+05,1309.8596
tight_1.6,1.00467,2.40214e+05,0.00000e+00,2.40214e+05,1276.1065
tight_1.6,1.01200,2.38132e+05,0.00000e+00,2.38132e+05,1242.8259
tight_1.6,1.01933,2.36049e+05,0.00000e+00,2.36049e+05,1209.9666
tight_1.6,1.02667,2.33963e+05,0.00000e+00,2.33963e+05,1177.4750
tight_1.6,1.03400,2.31869e+05,0.00000e+00,2.31869e+05,1145.2927
tight_1.6,1.04133,2.29760e+05,0.00000e+00,2.29760e+05,1113.3826
tight_1.6,1.04867,2.27640e+05,0.00000e+00,2.27640e+05,1082.6463
tight_1.6,1.05600,2.25522e+05,0.00000e+00,2.25522e+05,1053.2787
tight_1.6,1.06333,2.23409e+05,0.00000e+00,2.23409e+05,1024.4011
tight_1.6,1.07067,2.21296e+05,0.00000e+00,2.21296e+05,995.9415
tight_1.6,1.07800,2.18537e+05,3.45639e+03,2.15081e+05,964.4556
tight_1.6,1.08533,2.13480e+05,1.88933e+04,1.94587e+05,922.8483
tight_1.6,1.09267,2.08720e+05,3.02404e+04,1.78480e+05,886.8744
tight_1.6,1.10000,2.03885e+05,3.87641e+04,1.65121e+05,854.8046
tight_1.6,1.10733,1.98894e+05,4.51484e+04,1.53745e+05,826.3294
tight_1.6,1.11467,1.93764e+05,4.98936e+04,1.43871e+05,800.2237
tight_1.6,1.12200,1.88541e+05,5.34510e+04,1.35090e+05,775.6633
tight_1.6,1.12933,1.83273e+05,5.61442e+04,1.27129e+05,752.2623
tight_1.6,1.13667,1.78006e+05,5.81971e+04,1.19809e+05,729.7528
tight_1.6,1.14400,1.72777e+05,5.97686e+04,1.13008e+05,707.9562
tight_1.6,1.15133,1.67614e+05,6.09845e+04,1.06629e+05,686.7276
tight_1.6,1.15867,1.62539e+05,6.19091e+04,1.00630e+05,666.5646
tight_1.6,1.16600,1.57574e+05,6.25429e+04,9.50308e+04,647.5354
tight_1.6,1.17333,1.52734e+05,6.29377e+04,8.97967e+04,629.0532
tight_1.6,1.18067,1.48031e+05,6.31627e+04,8.48685e+04,611.0134
tight_1.6,1.18800,1.43468e+05,6.32713e+04,8.01970e+04,593.3256
tight_1.6,1.19533,1.39046e+05,6.33033e+04,7.57427e+04,575.9227
tight_1.6,1.20267,1.34763e+05,6.32854e+04,7.14775e+04,558.7467
tight_1.6,1.21000,1.30617e+05,6.32271e+04,6.73903e+04,541.9462
tight_1.6,1.21733,1.26609e+05,6.30991e+04,6.35098e+04,526.0069
tight_1.6,1.22467,1.22738e+05,6.28877e+04,5.98504e+04,510.5860
tight_1.6,1.23200,1.19003e+05,6.26212e+04,5.63818e+04,495.4545
tight_1.6,1.23933,1.15401e+05,6.23181e+04,5.30831e+04,480.5791
tight_1.6,1.24667,1.11929e+05,6.19949e+04,4.99342e+04,465.9133
tight_1.6,1.25400,1.08582e+05,6.16647e+04,4.69169e+04,451.4108
tight_1.6,1.26133,1.05354e+05,6.13366e+04,4.40169e+04,437.0426
tight_1.6,1.26867,1.02242e+05,6.09970e+04,4.12448e+04,423.2030
tight_1.6,1.27600,9.92449e+04,6.06173e+04,3.86276e+04,409.9842
tight_1.6,1.28333,9.63604e+04,6.02010e+04,3.61594e+04,397.0386
tight_1.6,1.29067,9.35845e+04,5.97650e+04,3.38195e+04,384.3119
tight_1.6,1.29800,9.09140e+04,5.93169e+04,3.15971e+04,371.7765
tight_1.6,1.30533,8.83448e+04,5.88662e+04,2.94785e+04,359.3999
tight_1.6,1.31267,8.58723e+04,5.84195e+04,2.74527e+04,347.1470
tight_1.6,1.32000,8.34933e+04,5.79756e+04,2.55177e+04,335.1139
tight_1.6,1.32733,8.12061e+04,5.75148e+04,2.36913e+04,323.6430
tight_1.6,1.33467,7.90086e+04,5.70283e+04,2.19803e+04,312.5247
tight_1.6,1.34200,7.68980e+04,5.65242e+04,2.03738e+04,301.6296
tight_1.6,1.34933,7.48712e+04,5.60103e+04,1.88609e+04,290.9324
tight_1.6,1.35667,7.29244e+04,5.54937e+04,1.74307e+04,280.3950
tight_1.6,1.36400,7.10544e+04,5.49769e+04,1.60775e+04,269.9985
tight_1.6,1.37133,6.92585e+04,5.44615e+04,1.47969e+04,259.7369
tight_1.6,1.37867,6.75338e+04,5.39437e+04,1.35900e+04,249.8384
tight_1.6,1.38600,6.58798e+04,5.34114e+04,1.24684e+04,240.3798
tight_1.6,1.39333,6.42943e+04,5.28644e+04,1.14300e+04,231.1711
tight_1.6,1.40067,6.27738e+04,5.23100e+04,1.04638e+04,222.1696
tight_1.6,1.40800,6.13157e+04,5.17511e+04,9.56457e+03,213.3606
tight_1.6,1.41533,5.99169e+04,5.11906e+04,8.72630e+03,204.7286
tight_1.6,1.42267,5.85748e+04,5.06297e+04,7.94506e+03,196.2655
tight_1.6,1.43000,5.72867e+04,5.00679e+04,7.21886e+03,188.0275
tight_1.6,1.43733,5.60517e+04,4.95001e+04,6.55167e+03,180.2242
tight_1.6,1.44467,5.48685e+04,4.89240e+04,5.94449e+03,172.7446
tight_1.6,1.45200,5.37338e+04,4.83421e+04,5.39166e+03,165.5201
tight_1.6,1.45933,5.26450e+04,4.77563e+04,4.88866e+03,158.5480
tight_1.6,1.46667,5.15988e+04,4.71671e+04,4.43167e+03,151.8268
tight_1.6,1.47400,5.05923e+04,4.65739e+04,4.01843e+03,145.3674
tight_1.6,1.48133,4.96222e+04,4.59755e+04,3.64671e+03,139.1883
tight_1.6,1.48867,4.86858e+04,4.53698e+04,3.31608e+03,133.4409
tight_1.6,1.49600,4.78102e+04,4.47739e+04,3.03630e+03,128.3025
tight_1.6,1.50333,4.70103e+04,4.42008e+04,2.80945e+03,123.7709
tight_1.6,1.51067,4.62719e+04,4.36474e+04,2.62451e+03,119.7561
tight_1.6,1.51800,4.55851e+04,4.31117e+04,2.47339e+03,116.1850
tight_1.6,1.52533,4.49425e+04,4.25927e+04,2.34977e+03,112.9978
tight_1.6,1.53267,4.43387e+04,4.20899e+04,2.24882e+03,110.1428
tight_1.6,1.54000,4.37696e+04,4.16028e+04,2.16679e+03,107.6023
tight_1.6,1.54733,4.32305e+04,4.11305e+04,2.09994e+03,105.4204
tight_1.6,1.55467,4.27179e+04,4.06725e+04,2.04544e+03,103.4637
tight_1.6,1.56200,4.22299e+04,4.02284e+04,2.00152e+03,101.6770
tight_1.6,1.56933,4.17647e+04,3.97980e+04,1.96671e+03,100.0393
tight_1.6,1.57667,4.13251e+04,3.93660e+04,1.95917e+03,98.8574
tight_1.6,1.58400,4.09063e+04,3.89450e+04,1.96136e+03,97.8275
tight_1.6,1.59133,4.05054e+04,3.85418e+04,1.96354e+03,96.7852
tight_1.6,1.59867,4.01212e+04,3.81554e+04,1.96579e+03,95.8134
tight_1.6,1.60600,3.97523e+04,3.77844e+04,1.96791e+03,94.9035
tight_1.6,1.61333,3.93976e+04,3.74275e+04,1.97009e+03,93.9867
tight_1.6,1.62067,3.90567e+04,3.70844e+04,1.97227e+03,93.0600
tight_1.6,1.62800,3.87289e+04,3.67545e+04,1.97447e+03,92.1219
tight_1.6,1.63533,3.84138e+04,3.64372e+04,1.97666e+03,91.1728
tight_1.6,1.64267,3.81109e+04,3.61321e+04,1.97884e+03,90.2127
tight_1.6,1.65000,3.78197e+04,3.58386e+04,1.98105e+03,89.2612
tight_1.6,1.65733,3.75391e+04,3.55559e+04,1.98325e+03,88.4046
tight_1.6,1.66467,3.72685e+04,3.52830e+04,1.98544e+03,87.5597
tight_1.6,1.67200,3.70073e+04,3.50197e+04,1.98765e+03,86.7049
tight_1.6,1.67933,3.67554e+04,3.47655e+04,1.98985e+03,85.8402
tight_1.6,1.68667,3.65123e+04,3.45202e+04,1.99204e+03,84.9659
tight_1.6,1.69400,3.62778e+04,3.42835e+04,1.99426e+03,84.0807
tight_1.6,1.70133,3.60515e+04,3.40551e+04,1.99647e+03,83.1846
tight_1.6,1.70867,3.58332e+04,3.38345e+04,1.99870e+03,82.3495
tight_1.6,1.71600,3.56221e+04,3.36212e+04,2.00088e+03,81.5672
tight_1.6,1.72333,3.54177e+04,3.34146e+04,2.00310e+03,80.7791
tight_1.6,1.73067,3.52199e+04,3.32146e+04,2.00531e+03,79.9824
tight_1.6,1.73800,3.50285e+04,3.30210e+04,2.00754e+03,79.1762
tight_1.6,1.74533,3.48434e+04,3.28336e+04,2.00976e+03,78.3603
tight_1.6,1.75267,3.46643e+04,3.26523e+04,2.01197e+03,77.5351
tight_1.6,1.76000,3.44911e+04,3.24769e+04,2.01422e+03,76.7148
tight_1.6,1.76733,3.43233e+04,3.23069e+04,2.01643e+03,75.9809
tight_1.6,1.77467,3.41605e+04,3.21418e+04,2.01866e+03,75.2546
tight_1.6,1.78200,3.40026e+04,3.19817e+04,2.02089e+03,74.5200
tight_1.6,1.78933,3.38494e+04,3.18262e+04,2.02313e+03,73.7767
tight_1.6,1.79667,3.37008e+04,3.16754e+04,2.02536e+03,73.0251
tight_1.6,1.80400,3.35567e+04,3.15291e+04,2.02760e+03,72.2644
tight_1.6,1.81133,3.34171e+04,3.13872e+04,2.02984e+03,71.4941
tight_1.6,1.81867,3.32816e+04,3.12495e+04,2.03210e+03,70.7765
tight_1.6,1.82600,3.31500e+04,3.11157e+04,2.03433e+03,70.1041
tight_1.6,1.83333,3.30220e+04,3.09854e+04,2.03658e+03,69.4266
tight_1.6,1.84067,3.28976e+04,3.08588e+04,2.03883e+03,68.7419
tight_1.6,1.84800,3.27767e+04,3.07356e+04,2.04108e+03,68.0490
tight_1.6,1.85533,3.26592e+04,3.06158e+04,2.04334e+03,67.3477
tight_1.6,1.86267,3.25450e+04,3.04994e+04,2.04559e+03,66.6384
tight_1.6,1.87000,3.24341e+04,3.03862e+04,2.04791e+03,65.9313
tight_1.6,1.87733,3.23263e+04,3.02762e+04,2.05011e+03,65.3025
tight_1.6,1.88467,3.22212e+04,3.01689e+04,2.05237e+03,64.6782
tight_1.6,1.89200,3.21189e+04,3.00643e+04,2.05463e+03,64.0469
tight_1.6,1.89933,3.20193e+04,2.99623e+04,2.05691e+03,63.4080
tight_1.6,1.90667,3.19222e+04,2.98631e+04,2.05918e+03,62.7620
tight_1.6,1.91400,3.18278e+04,2.97664e+04,2.06144e+03,62.1082
tight_1.6,1.92133,3.17359e+04,2.96722e+04,2.06372e+03,61.4461
tight_1.6,1.92867,3.16464e+04,2.95804e+04,2.06600e+03,60.8290
tight_1.6,1.93600,3.15592e+04,2.94909e+04,2.06828e+03,60.2514
tight_1.6,1.94333,3.14740e+04,2.94035e+04,2.07056e+03,59.6691
tight_1.6,1.95067,3.13910e+04,2.93181e+04,2.07285e+03,59.0805
tight_1.6,1.95800,3.13100e+04,2.92349e+04,2.07512e+03,58.4850
tight_1.6,1.96533,3.12310e+04,2.91536e+04,2.07742e+03,57.8822
tight_1.6,1.97267,3.11540e+04,2.90743e+04,2.07971e+03,57.2725
tight_1.6,1.98000,3.10789e+04,2.89968e+04,2.08215e+03,56.6631
tight_1.6,1.98733,3.10056e+04,2.89214e+04,2.08430e+03,56.1244
tight_1.6,1.99467,3.09340e+04,2.88475e+04,2.08659e+03,55.5878
tight_1.6,2.00200,3.08641e+04,2.87752e+04,2.08889e+03,55.0452
tight_1.6,2.00933,3.07957e+04,2.87045e+04,2.09120e+03,54.4961
tight_1.6,2.01667,3.07289e+04,2.86354e+04,2.09350e+03,53.9409
tight_1.6,2.02400,3.06637e+04,2.85679e+04,2.09580e+03,53.3790
tight_1.6,2.03133,3.06001e+04,2.85019e+04,2.09812e+03,52.8100
tight_1.6,2.03867,3.05379e+04,2.84375e+04,2.10043e+03,52.2790
tight_1.6,2.04600,3.04771e+04,2.83743e+04,2.10273e+03,51.7831
tight_1.6,2.05333,3.04175e+04,2.83124e+04,2.10506e+03,51.2826
tight_1.6,2.06067,3.03592e+04,2.82518e+04,2.10738e+03,50.7767
tight_1.6,2.06800,3.03022e+04,2.81925e+04,2.10969e+03,50.2649
tight_1.6,2.07533,3.02464e+04,2.81344e+04,2.11203e+03,49.7469
tight_1.6,2.08267,3.01919e+04,2.80775e+04,2.11436e+03,49.2228
tight_1.6,2.09000,3.01386e+04,2.80216e+04,2.11697e+03,48.6975
tight_1.6,2.09733,3.00863e+04,2.79673e+04,2.11903e+03,48.2362
tight_1.6,2.10467,3.00352e+04,2.79138e+04,2.12137e+03,47.7750
tight_1.6,2.11200,2.99850e+04,2.78613e+04,2.12369e+03,47.3087
tight_1.6,2.11933,2.99358e+04,2.78098e+04,2.12604e+03,46.8367
tight_1.6,2.12667,2.98877e+04,2.77593e+04,2.12839e+03,46.3594
tight_1.6,2.13400,2.98405e+04,2.77098e+04,2.13071e+03,45.8766
tight_1.6,2.14133,2.97943e+04,2.76612e+04,2.13308e+03,45.3875
tight_1.6,2.14867,2.97490e+04,2.76136e+04,2.13543e+03,44.9305
tight_1.6,2.15600,2.97045e+04,2.75668e+04,2.13776e+03,44.5050
tight_1.6,2.16333,2.96609e+04,2.75208e+04,2.14014e+03,44.0749
tight_1.6,2.17067,2.96181e+04,2.74756e+04,2.14250e+03,43.6400
tight_1.6,2.17800,2.95761e+04,2.74313e+04,2.14483e+03,43.2002
tight_1.6,2.18533,2.95349e+04,2.73877e+04,2.14722e+03,42.7550
tight_1.6,2.19267,2.94945e+04,2.73449e+04,2.14958e+03,42.3045
tight_1.6,2.20000,2.94548e+04,2.72994e+04,2.15541e+03,41.8712
