t_ms,N,N0
0.31620,221693,88847.6
0.63239,205784,65727.6
0.94859,200045,55634.3
1.26479,197489,50226.5
1.58099,196666,47384.8
1.89718,197208,46398.6
2.21338,199472,47914
2.52958,201240,48912.3
2.84578,202817,51397.9
3.16197,205037,54045.4
3.47817,207242,56309.1
3.79437,209358,58855.8
4.11056,211563,61217.9
4.42676,213275,63602.6
4.74296,214540,65015.2
5.05916,216525,66434.5
5.37535,218163,67653.9
5.69155,220140,70087.6
6.00775,221408,71998.1
6.32395,223180,73749.4
6.64014,224714,75255.3
6.95634,226250,77353.8
7.27254,227412,78494.9
7.58873,229580,80647
7.90493,231097,82801.3
8.22113,232859,84321.2
8.53733,234769,86203.6
8.85352,236307,88706.2
9.16972,237563,89611.8
9.48592,238811,91249.9
9.80212,240250,92710.9
10.11831,241354,94580
10.43451,243318,96489.6
10.75071,243463,97525.3
11.06690,244635,99403.9
11.38310,246579,100982
11.69930,247310,101458
12.01550,248224,103135
12.33169,249278,104376
12.64789,250335,105016
12.96409,252042,106738
13.28029,252626,107373
13.59648,253711,109855
13.91268,254603,111010
14.22888,256722,112390
14.54507,257656,114138
14.86127,259550,116996
15.17747,259848,117768
15.49367,261792,120255
15.80986,262685,121174
16.12606,263661,122161
16.44226,265544,124259
16.75846,266100,126146
17.07465,267511,127669
17.39085,268260,129200
17.70705,268719,130103
18.02324,269196,130457
18.33944,270892,132831
18.65564,271605,132930
18.97184,272700,134290
19.28803,273638,136180
19.60423,275109,138532
19.92043,276149,139809
20.23663,276993,141241
20.55282,278402,142853
20.86902,279155,143348
21.18522,280412,144782
21.50141,281165,145612
21.81761,281902,147329
22.13381,282787,148005
22.45001,283662,148511
22.76620,285305,150721
23.08240,286128,152763
23.39860,287211,154274
23.71480,288431,156059
24.03099,289224,158160
24.34719,290279,158808
24.66339,290863,159241
24.97958,291567,160529
25.29578,292568,161779
25.61198,293135,162518
25.92818,294068,163535
26.24437,294548,164655
26.56057,295729,165653
26.87677,295602,166200
27.19297,297155,167243
27.50916,297608,167667
27.82536,298431,169626
28.14156,299072,171179
28.45775,299235,171891
28.77395,300501,172680
29.09015,301771,173760
29.40635,302830,175882
29.72254,303357,177076
30.03874,303609,178253
30.35494,303863,179325
30.67114,304688,180698
30.98733,306248,182632
31.30353,306937,183659
31.61973,307269,184746
31.93592,307830,185802
32.25212,308811,186538
32.56832,309397,186850
32.88452,309771,188269
33.20071,310484,189460
33.51691,310976,191058
33.83311,311253,192014
34.14931,311837,192563
34.46550,313225,193962
34.78170,313454,195230
35.09790,313692,196248
35.41409,314284,197480
35.73029,314955,197905
36.04649,315581,198840
36.36269,316842,200394
36.67888,316583,201123
36.99508,317340,201933
37.31128,318353,204067
37.62748,318648,205203
37.94367,319359,206323
38.25987,320111,207063
38.57607,321051,208431
38.89226,321105,209061
39.20846,321877,210431
39.52466,321948,211025
39.84086,322489,211551
40.15705,322460,212589
40.47325,322901,213311
40.78945,323686,214221
41.10565,323279,214511
41.42184,324206,215963
41.73804,323808,215900
42.05424,324343,216768
42.37043,325244,217559
42.68663,325363,218156
43.00283,325930,219670
43.31903,326463,220536
43.63522,326844,222153
43.95142,326979,222970
44.26762,327154,223830
44.58382,327211,224253
44.90001,327811,225734
45.21621,327878,225722
45.53241,328494,227049
45.84861,328243,227197
46.16480,328982,228118
46.48100,329681,228899
46.79720,329591,229081
47.11339,329883,229420
47.42959,329290,229434
47.74579,329735,230001
48.06199,329829,230374
48.37818,329986,231071
48.69438,329742,231863
49.01058,330075,232325
49.32678,329952,232802
49.64297,330463,233758
49.95917,330523,234080
50.27537,330364,234065
50.59156,330981,235875
50.90776,331038,236352
51.22396,330940,236706
51.54016,331043,237635
51.85635,331610,238220
52.17255,332267,239595
52.48875,331942,240368
52.80495,332429,241064
53.12114,332398,241557
53.43734,332210,241321
53.75354,331857,241148
54.06973,332198,242011
54.38593,332295,242467
54.70213,332554,243442
55.01833,332359,243287
55.33452,332565,243729
55.65072,332100,243090
55.96692,332516,244058
56.28312,332488,244031
56.59931,332157,244514
56.91551,332898,245335
57.23171,332270,245455
57.54790,333283,246717
57.86410,333414,247270
58.18030,333317,247542
58.49650,333001,247940
58.81269,333464,248486
59.12889,333138,248515
59.44509,333098,249155
59.76129,333017,249204
60.07748,333398,249923
60.39368,333116,249951
60.70988,333959,250462
61.02607,333593,250905
61.34227,333841,251632
61.65847,333635,251528
61.97467,333717,252081
62.29086,334344,252872
62.60706,333702,252392
62.92326,333648,252606
63.23946,333724,252821
63.55565,333724,253158
63.87185,334182,253559
64.18805,334176,253801
64.50424,334106,253867
64.82044,334379,254304
65.13664,334022,254265
65.45284,334616,254752
65.76903,334578,255353
66.08523,335099,255873
66.40143,334696,256092
66.71763,334712,256046
67.03382,334588,255993
67.35002,334493,256256
67.66622,334487,256612
67.98241,334981,257315
68.29861,335324,257890
68.61481,334992,257611
68.93101,334996,258374
69.24720,335459,258970
69.56340,335708,259200
69.87960,335195,259070
70.19580,335502,259712
70.51199,335840,259882
70.82819,335640,260136
71.14439,335590,259886
71.46058,335887,260335
71.77678,335602,260396
72.09298,335765,260268
72.40918,335900,260678
72.72537,336353,261263
73.04157,336016,261436
73.35777,335931,261432
73.67397,336303,261699
73.99016,336705,262227
74.30636,336538,262527
74.62256,336355,262721
74.93875,336201,263171
75.25495,336849,263681
75.57115,336808,263633
75.88735,337224,264252
76.20354,336755,264382
76.51974,337153,264945
76.83594,337297,265602
77.15214,336971,265615
77.46833,337388,265474
77.78453,337692,266068
78.10073,337257,265634
78.41692,337524,266215
78.73312,337646,266259
79.04932,337293,266335
79.36552,337497,266153
79.68171,337715,266464
79.99791,337581,266481
80.31411,337443,266976
80.63031,337876,267378
80.94650,337765,267620
81.26270,337898,267738
81.57890,337838,267857
81.89509,338266,268159
82.21129,338348,268898
82.52749,338248,268814
82.84369,338199,268830
83.15988,338220,269280
83.47608,338617,269679
83.79228,338938,269904
84.10848,339355,270174
84.42467,338687,269802
84.74087,338869,270391
85.05707,339134,271060
85.37326,339389,271217
85.68946,339058,270606
86.00566,339440,271372
86.32186,339147,271354
86.63805,339314,271955
86.95425,339674,272342
87.27045,339695,272438
87.58665,339190,272142
87.90284,339374,272410
88.21904,339687,272864
88.53524,339951,273012
88.85143,339926,273349
89.16763,339683,273200
89.48383,340074,273670
89.80003,339785,273515
90.11622,339996,273839
90.43242,340137,274132
90.74862,340301,274521
91.06482,340433,275029
91.38101,340370,274854
91.69721,340681,275037
92.01341,341036,275555
92.32960,341060,275475
92.64580,341146,275409
92.96200,341098,275921
93.27820,340473,275054
93.59439,340604,275377
93.91059,340697,275488
94.22679,341351,276248
94.54299,341477,276755
94.85918,341032,276181
95.17538,341151,276159
95.49158,341203,276063
95.80777,341056,276321
96.12397,341625,277197
96.44017,341702,277373
96.75637,341883,277685
97.07256,341936,278103
97.38876,341862,278430
97.70496,341709,278184
98.02116,342036,278420
98.33735,342644,279253
98.65355,341984,278560
98.96975,342317,278797
99.28594,342396,279158
99.60214,342441,279054
99.91834,342777,279472
100.23454,342499,279265
100.55073,342608,279906
100.86693,342663,279789
101.18313,342956,280321
101.49933,343341,280701
101.81552,343217,280797
102.13172,343452,281006
102.44792,343194,281052
102.76411,343805,281791
103.08031,343533,281423
103.39651,343449,281403
103.71271,343088,280974
104.02890,343939,282237
104.34510,343548,281783
104.66130,344087,282419
104.97750,344085,282580
105.29369,343795,282379
105.60989,344016,282936
105.92609,344223,283168
106.24228,344517,283288
106.55848,343968,282763
106.87468,344379,282921
107.19088,344779,283424
107.50707,344696,283632
107.82327,344537,283797
108.13947,344669,283862
108.45567,344834,283951
108.77186,345036,284446
109.08806,345145,284513
109.40426,345051,284464
109.72045,344970,284744
110.03665,344879,284457
110.35285,345343,284707
110.66905,345171,284628
110.98524,345278,284644
111.30144,345355,285378
111.61764,345458,285735
111.93384,345759,285918
112.25003,345799,285892
112.56623,345642,285935
112.88243,345622,286071
113.19862,346157,286586
113.51482,346148,286597
113.83102,345916,286788
114.14722,346653,287467
114.46341,346531,287594
114.77961,346230,287086
115.09581,346757,287768
115.41201,346573,287591
115.72820,346631,287493
116.04440,346699,287887
116.36060,346866,287948
116.67679,346931,288257
116.99299,347126,288754
117.30919,347218,288827
117.62539,347787,288979
117.94158,347144,288867
118.25778,347025,288781
118.57398,347409,289583
118.89018,347289,289457
119.20637,347635,289900
119.52257,347984,290206
119.83877,347892,290233
120.15496,347696,290598
120.47116,348032,291086
120.78736,348347,291528
121.10356,348227,291190
121.41975,348540,291666
121.73595,348568,291309
122.05215,348869,291898
122.36835,348668,291691
122.68454,348265,291389
123.00074,348801,292174
123.31694,348828,292083
123.63313,348976,291919
123.94933,348853,291618
124.26553,348941,291588
124.58173,348897,291767
124.89792,348884,291951
125.21412,349471,292807
125.53032,349909,293664
125.84652,349910,293743
126.16271,350160,293690
126.47891,349771,293754
126.79511,350494,294509
127.11130,349945,293969
127.42750,350051,293642
127.74370,349997,293755
128.05990,350421,294415
128.37609,350306,294327
128.69229,350417,294862
129.00849,350429,294915
129.32469,350897,295136
129.64088,350892,295282
129.95708,350767,295223
130.27328,351165,295553
130.58947,350848,295483
130.90567,351032,295873
131.22187,351352,295937
131.53807,351527,296313
131.85426,351721,296567
132.17046,351855,297077
132.48666,352170,297306
132.80286,351840,297342
133.11905,351585,297288
133.43525,351828,297540
133.75145,352012,297203
134.06765,352417,297537
134.38384,351950,297330
134.70004,352448,297774
135.01624,352409,297964
135.33243,352486,298041
135.64863,352540,297944
135.96483,352762,298455
136.28103,352861,298517
136.59722,352699,298673
136.91342,352903,298796
137.22962,353039,298917
137.54582,353184,299214
137.86201,352809,298784
138.17821,352846,298726
138.49441,353075,298938
138.81060,353971,299963
139.12680,353836,300032
139.44300,353920,299979
139.75920,354103,300316
140.07539,353835,300321
140.39159,353752,300511
140.70779,353893,300701
141.02399,353991,300609
141.34018,353741,300478
141.65638,353717,300609
141.97258,353877,300754
142.28877,354224,301079
142.60497,354567,301640
142.92117,354787,302011
143.23737,354682,301897
143.55356,354582,301970
143.86976,354644,302266
144.18596,355122,302373
144.50216,355100,302531
144.81835,355116,302808
145.13455,355281,303076
145.45075,355702,303293
145.76694,355953,303599
146.08314,355499,303332
146.39934,356219,304133
146.71554,356324,304008
147.03173,356338,304020
147.34793,356133,304206
147.66413,356244,304104
147.98033,356423,304340
148.29652,355895,304154
148.61272,356101,304194
148.92892,356466,304433
149.24511,356734,305036
149.56131,356958,305382
149.87751,356899,305486
150.19371,356952,305351
150.50990,357278,305234
150.82610,357055,305388
151.14230,357514,305896
151.45850,356952,305489
151.77469,357804,306436
152.09089,357696,306541
152.40709,357557,306429
152.72328,357555,306191
153.03948,357668,306439
153.35568,357717,306730
153.67188,357807,307058
153.98807,357962,306929
154.30427,357746,306885
154.62047,358129,307488
154.93667,358203,307595
155.25286,358254,307717
155.56906,358980,308466
155.88526,358611,308241
156.20145,358703,308480
156.51765,358793,308641
156.83385,359038,308971
157.15005,359242,309420
157.46624,358675,308823
157.78244,359060,308960
158.09864,359014,308898
158.41484,359168,308980
158.73103,359240,309087
159.04723,359371,309280
159.36343,359606,309577
159.67962,358987,309192
159.99582,359487,309491
160.31202,359413,309494
160.62822,359738,309857
160.94441,360028,310531
161.26061,359997,310333
161.57681,359945,310564
161.89301,360316,310784
162.20920,359952,310649
162.52540,360076,310675
162.84160,360235,310852
163.15779,360224,310873
163.47399,360312,310919
163.79019,359966,310937
164.10639,360387,311241
164.42258,360297,311417
164.73878,360437,311702
165.05498,360472,311981
165.37118,360866,312283
165.68737,360961,312418
166.00357,360597,312132
166.31977,361020,312570
166.63596,361113,312453
166.95216,360651,312181
167.26836,360993,312674
167.58456,360688,312279
167.90075,360831,312523
168.21695,360985,312871
168.53315,361634,313695
168.84935,361376,313370
169.16554,361303,313605
169.48174,361641,313813
169.79794,361102,313626
170.11413,361267,313825
170.43033,361241,313596
170.74653,361561,313814
171.06273,361535,314031
171.37892,361651,314234
171.69512,361445,314121
172.01132,361736,314121
172.32752,361889,314410
172.64371,361852,314899
172.95991,362083,315073
173.27611,361667,314849
173.59230,362188,315424
173.90850,361936,315139
174.22470,362309,315588
174.54090,362422,315990
174.85709,361965,315676
175.17329,362270,315946
175.48949,361945,315720
175.80569,362361,316004
176.12188,362198,315917
176.43808,361880,315675
176.75428,361787,315979
177.07047,362223,316393
177.38667,362195,316246
177.70287,362391,316663
178.01907,362557,316980
178.33526,362351,316733
178.65146,362308,316719
178.96766,362456,316949
179.28386,362730,317145
179.60005,362492,317067
179.91625,362078,316736
180.23245,362718,317217
180.54864,362863,317558
180.86484,362109,316959
181.18104,362361,317313
181.49724,362428,317392
181.81343,362472,317709
182.12963,362529,317502
182.44583,362642,317383
182.76203,362161,316924
183.07822,362283,317570
183.39442,362412,317893
183.71062,362398,317901
184.02681,362263,317597
184.34301,362322,317754
184.65921,362487,318109
184.97541,362503,318230
185.29160,362588,318615
185.60780,362362,318415
185.92400,362348,318578
186.24020,362218,318528
186.55639,362490,318523
186.87259,362237,318259
187.18879,362070,318174
187.50498,362531,318819
187.82118,362622,318973
188.13738,362598,319093
188.45358,362425,318848
188.76977,362111,318787
189.08597,362244,318964
189.40217,362699,319512
189.71837,362440,319134
190.03456,362328,319009
190.35076,362376,319064
190.66696,362371,319232
190.98315,362044,318942
191.29935,362245,319153
191.61555,362553,319533
191.93175,362467,319462
192.24794,361960,319140
192.56414,361970,319021
192.88034,361889,318791
193.19654,361834,318966
193.51273,361529,318946
193.82893,361654,319070
194.14513,361580,319034
194.46132,361217,318746
194.77752,361557,319046
195.09372,361708,319202
195.40992,361387,319006
195.72611,361753,319609
196.04231,361533,319336
196.35851,361260,319215
196.67471,361400,319344
196.99090,360881,318859
197.30710,361181,319308
197.62330,361348,319569
197.93949,361192,319496
198.25569,360806,319018
198.57189,360570,318816
198.88809,360415,318833
199.20428,360425,318878
199.52048,360469,318957
199.83668,360173,318891
200.15288,360484,319078
200.46907,360430,319119
200.78527,360038,318572
201.10147,360075,318869
201.41766,360185,319059
201.73386,360330,319138
202.05006,360250,319152
202.36626,360124,319121
202.68245,359781,318970
202.99865,359864,319221
203.31485,359713,319162
203.63105,359379,318732
203.94724,359177,318569
204.26344,358886,318529
204.57964,358726,318421
204.89583,358610,318523
205.21203,358522,318160
205.52823,358556,318175
205.84443,358269,317800
206.16062,358041,317571
206.47682,358512,318281
206.79302,358868,318677
207.10922,358128,317968
207.42541,358181,318320
207.74161,357518,317791
208.05781,357371,317577
208.37400,357575,317657
208.69020,357598,317866
209.00640,357140,317735
209.32260,357254,317839
209.63879,357110,317682
209.95499,356902,317598
210.27119,356781,317519
210.58739,356721,317456
210.90358,356732,317363
211.21978,356535,317570
211.53598,356424,317686
211.85217,356049,317202
212.16837,356289,317311
212.48457,356098,317219
212.80077,355661,316994
213.11696,355627,316912
213.43316,355402,316726
213.74936,355415,316639
214.06556,354695,316295
214.38175,354625,316118
214.69795,354471,315950
215.01415,354206,316064
215.33034,354188,315919
215.64654,353912,315918
215.96274,353365,315534
216.27894,353485,315813
216.59513,353624,315997
216.91133,353134,315434
217.22753,352431,314644
217.54373,352178,314377
217.85992,352142,314421
218.17612,352030,314402
218.49232,351817,314120
218.80851,351793,314039
219.12471,351468,313922
219.44091,351241,313622
219.75711,350857,313313
220.07330,350750,313240
220.38950,350514,313091
220.70570,350284,312925
221.02190,350082,313029
221.33809,349550,312527
221.65429,349367,312695
221.97049,349110,312314
222.28669,349164,312364
222.60288,348439,311695
222.91908,348313,311902
223.23528,348096,311641
223.55147,347686,311297
223.86767,347440,311026
224.18387,347292,310961
224.50007,347095,310804
224.81626,346778,310740
225.13246,346516,310446
225.44866,346156,310368
225.76486,346008,310370
226.08105,345348,309886
226.39725,345141,309668
226.71345,344377,309084
227.02964,344257,309006
227.34584,343800,308586
227.66204,343192,307973
227.97824,343478,308403
228.29443,342898,307860
228.61063,342661,307609
228.92683,341865,306863
229.24303,341642,306784
229.55922,341675,306748
229.87542,340907,305989
230.19162,340724,305996
230.50781,340582,305958
230.82401,340285,305760
231.14021,339909,305480
231.45641,339469,304910
231.77260,339141,304968
232.08880,339208,304881
232.40500,338056,303999
232.72120,337867,303947
233.03739,337789,303968
233.35359,337084,303181
233.66979,336630,302742
233.98598,336348,302478
234.30218,336155,302552
234.61838,335092,301561
234.93458,334458,300949
235.25077,334418,300980
235.56697,333524,300118
235.88317,333341,300047
236.19937,333131,299930
236.51556,332932,299805
236.83176,332287,299164
237.14796,331898,299004
237.46415,331037,298187
237.78035,330691,297970
238.09655,330186,297401
238.41275,329297,296715
238.72894,329133,296518
239.04514,328711,296256
239.36134,328102,295953
239.67754,327290,295269
239.99373,326587,294559
240.30993,326197,294401
240.62613,325965,294136
240.94232,325417,293750
241.25852,324810,292975
241.57472,324623,293134
241.89092,324141,292796
242.20711,323631,292498
242.52331,323012,291861
242.83951,322338,291277
243.15571,321786,290736
243.47190,320860,289991
243.78810,320392,289573
244.10430,319600,288778
244.42049,319155,288383
244.73669,318447,287750
245.05289,317923,287465
245.36909,317119,286868
245.68528,316621,286568
246.00148,316024,285884
246.31768,315323,285096
246.63388,314743,284749
246.95007,314094,284215
247.26627,313074,283186
247.58247,312051,282208
247.89866,311716,281939
248.21486,311357,281633
248.53106,310221,280543
248.84726,309618,280056
249.16345,309390,279835
249.47965,308560,279235
249.79585,307766,278487
250.11205,307032,277833
250.42824,306343,277193
250.74444,305362,276346
251.06064,304229,275358
251.37683,303500,274821
251.69303,302604,273933
252.00923,301752,273255
252.32543,300601,272277
252.64162,300220,271792
252.95782,299237,270968
253.27402,298178,270050
253.59022,297456,269302
253.90641,296997,268929
254.22261,296180,268348
254.53881,295285,267597
254.85500,294134,266603
255.17120,293359,265914
255.48740,292588,265266
255.80360,291599,264497
256.11979,290521,263483
256.43599,289368,262431
256.75219,288384,261366
257.06839,287445,260576
257.38458,286447,259687
257.70078,285711,259097
258.01698,284857,258390
258.33317,283525,257251
258.64937,282686,256562
258.96557,281622,255569
259.28177,280591,254681
259.59796,279488,253598
259.91416,278375,252434
260.23036,277285,251514
260.54656,275880,250352
260.86275,275068,249646
261.17895,273693,248308
261.49515,272442,247212
261.81134,270715,245704
262.12754,269736,244669
262.44374,268789,243713
262.75994,267685,242855
263.07613,265961,241354
263.39233,264698,240069
263.70853,263817,239278
264.02473,262553,238117
264.34092,260973,236689
264.65712,259849,235770
264.97332,258556,234511
265.28951,257090,233275
265.60571,256241,232384
265.92191,255757,231851
266.23811,255318,231451
266.55430,255323,231549
266.87050,255188,231599
267.18670,254522,231142
267.50290,254271,231062
267.81909,253850,230727
268.13529,253817,230715
268.45149,253191,230135
268.76768,253437,230295
269.08388,253061,229924
269.40008,252657,229342
269.71628,252520,229238
270.03247,251955,228736
270.34867,251844,228603
270.66487,251529,228295
270.98107,251557,228272
271.29726,251183,228019
271.61346,251026,227902
271.92966,251106,227959
272.24585,251099,227761
272.56205,251276,227935
272.87825,251241,227988
273.19445,251306,228127
273.51064,251374,228140
273.82684,251720,228388
274.14304,251760,228398
274.45924,251466,228190
274.77543,251995,228680
275.09163,251974,228587
275.40783,251983,228724
275.72402,252233,228930
276.04022,252248,228925
276.35642,252172,228866
276.67262,252280,228986
276.98881,252717,229421
277.30501,252633,229514
277.62121,252637,229613
277.93741,252594,229537
278.25360,252727,229569
278.56980,252609,229357
278.88600,252730,229578
279.20219,253003,229874
279.51839,253105,229967
279.83459,253331,230098
280.15079,253134,229914
280.46698,253051,229879
280.78318,253479,230319
281.09938,252950,229630
281.41558,253488,230172
281.73177,253520,230274
282.04797,253400,230227
282.36417,253841,230711
282.68036,253901,230614
282.99656,253942,230646
283.31276,254009,230833
283.62896,254003,230847
283.94515,254326,231239
284.26135,254236,231103
284.57755,254034,230840
284.89375,254197,231050
285.20994,254759,231555
285.52614,254833,231730
285.84234,254822,231655
286.15853,254843,231724
286.47473,254977,231782
286.79093,254815,231615
287.10713,254978,231820
287.42332,255114,231849
287.73952,255121,231715
288.05572,255175,231782
288.37192,255239,231963
288.68811,255198,231878
289.00431,255409,231917
289.32051,255523,232224
289.63670,255597,232175
289.95290,255703,232393
290.26910,255582,232435
290.58530,255842,232697
290.90149,255937,232830
291.21769,256167,232950
291.53389,256054,232952
291.85009,256250,233104
292.16628,256536,233374
292.48248,256425,233374
292.79868,256420,233388
293.11487,256634,233509
293.43107,256389,233271
293.74727,256544,233231
294.06347,256730,233393
294.37966,256809,233484
294.69586,256687,233395
295.01206,256620,233318
295.32826,256873,233601
295.64445,257157,234018
295.96065,257398,234367
296.27685,257534,234465
296.59304,257340,234254
296.90924,257359,234305
297.22544,257619,234606
297.54164,257401,234286
297.85783,257402,234303
298.17403,257527,234362
298.49023,257835,234735
298.80643,257657,234541
299.12262,257799,234646
299.43882,257832,234636
299.75502,257991,234650
300.07121,258002,234638
300.38741,257897,234674
300.70361,258028,234765
301.01981,258239,235113
301.33600,258319,235191
301.65220,258270,235064
301.96840,258207,234966
302.28460,258559,235339
302.60079,258811,235549
302.91699,258703,235560
303.23319,258534,235251
303.54938,258819,235651
303.86558,259047,235728
304.18178,259022,235682
304.49798,259080,235670
304.81417,259176,235886
305.13037,259032,235953
305.44657,259280,236108
305.76277,259402,236246
306.07896,259717,236660
306.39516,259650,236606
306.71136,259797,236673
307.02755,260042,236841
307.34375,259666,236570
307.65995,260030,237101
307.97615,260231,237209
308.29234,259862,236824
308.60854,260150,236926
308.92474,260107,236950
309.24094,260205,237011
309.55713,260337,237191
309.87333,260617,237473
310.18953,260396,237227
310.50573,261016,237861
310.82192,260606,237504
311.13812,260775,237673
311.45432,260863,237728
311.77051,260960,237967
312.08671,261278,238195
312.40291,261281,238185
312.71911,261173,238065
313.03530,261382,238409
313.35150,261676,238604
313.66770,261696,238540
313.98390,261783,238488
314.30009,261663,238442
314.61629,261626,238382
314.93249,261705,238356
315.24868,261876,238630
315.56488,262056,238751
315.88108,262081,238843
316.19728,262169,238941
316.51347,262363,239153
316.82967,262054,238891
317.14587,262200,239215
317.46207,262342,239332
317.77826,262353,239470
318.09446,262338,239301
318.41066,262667,239595
318.72685,262707,239410
319.04305,262618,239433
319.35925,263036,239878
319.67545,262907,239893
319.99164,262824,239754
320.30784,262872,239794
320.62404,263144,240067
320.94024,263100,240007
321.25643,263198,240119
321.57263,263476,240416
321.88883,263425,240309
322.20502,263226,240222
322.52122,263176,240167
322.83742,263388,240271
323.15362,263710,240540
323.46981,263650,240603
323.78601,263404,240303
324.10221,263539,240410
324.41841,263623,240479
324.73460,264045,240814
325.05080,264014,240954
325.36700,264233,241116
325.68319,264285,241021
325.99939,264444,241254
326.31559,264316,241154
326.63179,264740,241492
326.94798,264662,241518
327.26418,264437,241401
327.58038,264582,241673
327.89658,264387,241365
328.21277,264361,241250
328.52897,264746,241599
328.84517,264737,241556
329.16136,265326,242160
329.47756,265166,242061
329.79376,265152,241867
330.10996,264975,241667
330.42615,265096,241913
330.74235,265030,241919
331.05855,265287,242135
331.37475,265601,242408
331.69094,265764,242508
332.00714,265705,242561
332.32334,265827,242824
332.63953,265982,242926
332.95573,265564,242493
333.27193,265703,242648
333.58813,265917,243008
333.90432,266123,243167
334.22052,266263,243377
334.53672,266529,243664
334.85292,266598,243699
335.16911,266336,243529
335.48531,266223,243322
335.80151,266366,243436
336.11770,266640,243643
336.43390,266733,243695
336.75010,267004,244024
337.06630,266953,243890
337.38249,266778,243774
337.69869,266680,243510
338.01489,266964,243847
338.33109,267126,243853
338.64728,266900,243700
338.96348,267161,244016
339.27968,267195,243992
339.59587,267323,244112
339.91207,267252,244048
340.22827,267599,244340
340.54447,267722,244473
340.86066,267535,244342
341.17686,268055,244948
341.49306,267932,244698
341.80926,267881,244876
342.12545,267827,244783
342.44165,268092,245026
342.75785,267961,244947
343.07404,268089,244964
343.39024,268019,244950
343.70644,268496,245405
344.02264,268330,245442
344.33883,268319,245533
344.65503,268214,245437
344.97123,268243,245378
345.28743,268575,245820
345.60362,268829,245944
345.91982,268831,245737
346.23602,268991,245853
346.55221,268815,245751
346.86841,268901,245871
347.18461,268745,245635
347.50081,268784,245708
347.81700,269093,246030
348.13320,268885,245653
348.44940,269327,246291
348.76560,269576,246415
349.08179,269421,246170
349.39799,269636,246395
349.71419,269910,246776
350.03038,269835,246697
350.34658,269890,246698
350.66278,269816,246623
350.97898,269915,246657
351.29517,270246,246888
351.61137,270033,246756
351.92757,269980,246862
352.24377,270083,246938
352.55996,270306,247298
352.87616,270513,247515
353.19236,270526,247394
353.50855,270528,247554
353.82475,270792,247704
354.14095,270667,247578
354.45715,270636,247666
354.77334,270710,247804
355.08954,270520,247554
355.40574,270803,247812
355.72194,271050,247946
356.03813,270773,247611
356.35433,271098,247947
356.67053,271060,247964
356.98672,270847,247857
357.30292,271222,248268
357.61912,271415,248481
357.93532,271361,248382
358.25151,271710,248708
358.56771,271848,248841
358.88391,271587,248643
359.20011,271659,248696
359.51630,271721,248695
359.83250,271855,248748
360.14870,271659,248633
360.46489,271569,248421
360.78109,271519,248331
361.09729,271744,248515
361.41349,271850,248559
361.72968,271779,248586
362.04588,271896,248783
362.36208,272102,249086
362.67828,272186,249200
362.99447,272402,249428
363.31067,272408,249338
363.62687,272617,249397
363.94306,272604,249360
364.25926,272768,249474
364.57546,272794,249498
364.89166,272784,249613
365.20785,272890,249647
365.52405,273195,250103
365.84025,273296,250156
366.15645,273461,250326
366.47264,273566,250491
366.78884,273262,250375
367.10504,273364,250364
367.42123,273373,250285
367.73743,273541,250400
368.05363,273589,250438
368.36983,273319,250247
368.68602,273450,250355
369.00222,273789,250784
369.31842,273383,250490
369.63462,273807,250867
369.95081,273571,250563
370.26701,273689,250783
370.58321,273621,250740
370.89940,273751,250718
371.21560,273985,250803
371.53180,274088,250996
371.84800,274101,251002
372.16419,274235,251117
372.48039,274422,251312
372.79659,274281,251182
373.11279,274505,251478
373.42898,274489,251494
373.74518,274522,251588
374.06138,274278,251304
374.37757,274787,251774
374.69377,274869,251892
375.00997,274849,251669
375.32617,275021,251953
375.64236,274775,251697
375.95856,274996,251943
376.27476,275038,251975
376.59096,275042,251941
376.90715,275399,252270
377.22335,275299,252204
377.53955,275323,252124
377.85574,275374,252193
378.17194,275463,252248
378.48814,275117,251906
378.80434,275542,252410
379.12053,275443,252264
379.43673,275679,252525
379.75293,275620,252532
380.06913,275645,252590
380.38532,275707,252682
380.70152,275817,252784
381.01772,275914,252912
381.33391,275979,253000
381.65011,276180,253208
381.96631,276281,253383
382.28251,276533,253586
382.59870,276366,253385
382.91490,276385,253435
383.23110,276229,253214
383.54730,276277,253110
383.86349,276586,253531
384.17969,276479,253353
384.49589,276656,253430
384.81208,277026,253822
385.12828,277027,253919
385.44448,277135,254082
385.76068,277109,254229
386.07687,277184,254187
386.39307,277406,254533
386.70927,277351,254373
387.02547,277289,254261
387.34166,277357,254395
387.65786,277023,253991
387.97406,277138,254072
388.29025,277384,254211
388.60645,277298,254362
388.92265,277476,254524
389.23885,277764,254842
389.55504,277653,254613
389.87124,277747,254790
390.18744,277871,255074
390.50364,278025,255018
390.81983,278147,255053
391.13603,278213,255163
391.45223,278221,255354
391.76842,278098,255207
392.08462,278146,255169
392.40082,278108,255166
392.71702,278360,255401
393.03321,278213,255270
393.34941,278281,255328
393.66561,278382,255410
393.98181,278401,255409
394.29800,278581,255808
394.61420,278717,255897
394.93040,278645,255609
395.24659,278854,255892
395.56279,278875,255986
395.87899,279086,256004
396.19519,278927,255856
396.51138,279340,256242
396.82758,279241,256061
397.14378,279241,256017
397.45998,279166,256031
397.77617,279396,256207
398.09237,279413,256172
398.40857,279739,256409
398.72476,279594,256421
399.04096,279579,256405
399.35716,279627,256432
399.67336,279905,256714
399.98955,279977,256797
400.30575,279628,256648
400.62195,279870,256906
400.93815,279946,256943
401.25434,279977,256970
401.57054,280111,257138
401.88674,279981,257075
402.20294,279952,257068
402.51913,280332,257429
402.83533,280496,257546
403.15153,280424,257495
403.46772,280434,257507
403.78392,280590,257647
404.10012,280513,257600
404.41632,280541,257612
404.73251,280483,257497
405.04871,280635,257633
405.36491,280741,257761
405.68111,281141,258144
405.99730,280886,257886
406.31350,281040,258131
406.62970,281071,258003
406.94589,281224,258138
407.26209,281089,257994
407.57829,280923,257938
407.89449,281230,258349
408.21068,281353,258608
408.52688,281312,258401
408.84308,281289,258322
409.15928,281186,258095
409.47547,281404,258332
409.79167,281540,258432
410.10787,281533,258246
410.42406,281577,258425
410.74026,281957,258840
411.05646,281716,258774
411.37266,281748,258604
411.68885,281780,258700
412.00505,281810,258642
412.32125,281778,258644
412.63745,281727,258582
412.95364,281791,258671
413.26984,281733,258752
413.58604,281726,258905
413.90223,282191,259238
414.21843,282536,259564
414.53463,282597,259518
414.85083,282339,259314
415.16702,282611,259487
415.48322,282607,259516
415.79942,282628,259571
416.11562,282445,259465
416.43181,282824,259986
416.74801,282797,259928
417.06421,282789,259840
417.38040,283038,259986
417.69660,282902,259898
418.01280,282928,259936
418.32900,282921,259903
418.64519,282910,259974
418.96139,282939,260062
419.27759,283003,260208
419.59379,283303,260438
419.90998,283544,260654
420.22618,283629,260786
420.54238,283388,260583
420.85857,283595,260656
421.17477,283396,260467
421.49097,283286,260315
421.80717,283523,260593
422.12336,283792,260728
422.43956,283909,261065
422.75576,284086,261155
423.07196,283899,260967
423.38815,284167,261318
423.70435,283971,261228
424.02055,284062,261163
424.33674,284044,261145
424.65294,283903,261042
424.96914,284161,261256
425.28534,284365,261381
425.60153,284438,261382
425.91773,284352,261230
426.23393,284331,261151
426.55013,284557,261440
426.86632,284574,261459
427.18252,284349,261311
427.49872,284405,261260
427.81491,284613,261732
428.13111,284527,261672
428.44731,284847,261921
428.76351,284765,261973
429.07970,285097,262290
429.39590,285224,262313
429.71210,285010,262122
430.02830,285328,262440
430.34449,285344,262476
430.66069,284879,262039
430.97689,285244,262351
431.29308,285758,262735
431.60928,285902,262823
431.92548,285994,262973
432.24168,285649,262719
432.55787,285601,262676
432.87407,285679,262586
433.19027,285558,262617
433.50647,285468,262495
433.82266,285729,262572
434.13886,286069,262905
434.45506,285986,262879
434.77125,285937,262884
435.08745,286159,263164
435.40365,286321,263216
435.71985,286342,263422
436.03604,286301,263346
436.35224,286284,263346
436.66844,286256,263323
436.98464,286626,263631
437.30083,286534,263609
437.61703,286532,263512
437.93323,286437,263446
438.24942,286505,263516
438.56562,286427,263398
438.88182,286451,263391
439.19802,286771,263690
439.51421,286892,263684
439.83041,286971,263998
440.14661,286856,263624
440.46281,286756,263597
440.77900,287125,263974
441.09520,286932,263916
441.41140,287123,264108
441.72759,287240,264256
442.04379,287118,264084
442.35999,287060,264007
442.67619,287164,264141
442.99238,287456,264506
443.30858,287663,264631
443.62478,287313,264318
443.94098,287483,264500
444.25717,287367,264252
444.57337,287562,264500
444.88957,287728,264692
445.20576,287880,264879
445.52196,287966,265042
445.83816,288013,265010
446.15436,287965,264948
446.47055,287898,264874
446.78675,287949,264909
447.10295,287887,264720
447.41915,288166,265132
447.73534,288264,265130
448.05154,288139,264943
448.36774,288075,264760
448.68393,288425,265233
449.00013,288627,265507
449.31633,288762,265630
449.63253,288607,265489
449.94872,288369,265356
450.26492,288551,265518
450.58112,288774,265793
450.89732,288375,265346
451.21351,288520,265666
451.52971,288797,265870
451.84591,288778,265777
452.16210,288707,265622
452.47830,288933,265948
452.79450,289198,266258
453.11070,289139,266098
453.42689,289039,266072
453.74309,289208,266394
454.05929,289077,266298
454.37549,289277,266383
454.69168,289195,266406
455.00788,289168,266387
455.32408,289399,266569
455.64027,289343,266469
455.95647,289723,266912
456.27267,289626,266648
456.58887,289748,266850
456.90506,289963,267017
457.22126,289904,266887
457.53746,289758,266675
457.85366,289707,266679
458.16985,289642,266611
458.48605,289910,266776
458.80225,289803,266753
459.11844,290135,267232
459.43464,290117,267169
459.75084,290047,267064
