t_s,m_omega,omega_ramp_hz,omega_eff_hz
0.000000e+00,0.97611,1036.5358,1011.7681
5.563910e-03,0.97611,1035.3647,1010.6250
1.112782e-02,0.97611,1034.1900,1009.4784
1.669173e-02,0.97611,1033.0116,1008.3282
2.225564e-02,0.97611,1031.8295,1007.1743
2.781955e-02,0.97611,1030.6436,1006.0167
3.338346e-02,0.97611,1029.4539,1004.8555
3.894737e-02,0.97611,1028.2604,1003.6905
4.451128e-02,0.97611,1027.0630,1002.5217
5.007519e-02,0.97611,1025.8617,1001.3491
5.563910e-02,0.97611,1024.6564,1000.1726
6.120301e-02,0.97611,1023.4472,998.9923
6.676692e-02,0.97611,1022.2339,997.8080
7.233083e-02,0.97611,1021.0165,996.6197
7.789474e-02,0.97611,1019.7950,995.4274
8.345865e-02,0.97611,1018.5694,994.2310
8.902256e-02,0.97611,1017.3395,993.0305
9.458647e-02,0.97611,1016.1054,991.8259
1.001504e-01,0.97611,1014.8670,990.6171
1.057143e-01,0.97611,1013.6243,989.4041
1.112782e-01,0.97611,1012.3772,988.1868
1.168421e-01,0.97611,1011.1256,986.9651
1.224060e-01,0.97611,1009.8696,985.7391
1.279699e-01,0.97611,1008.6091,984.5087
1.335338e-01,0.97611,1007.3439,983.2738
1.390977e-01,0.97611,1006.0742,982.0344
1.446617e-01,0.97611,1004.7997,980.7904
1.502256e-01,0.97611,1003.5206,979.5418
1.557895e-01,0.97611,1002.2366,978.2885
1.613534e-01,0.97611,1000.9478,977.0305
1.669173e-01,0.97611,999.6542,975.7678
1.724812e-01,0.97611,998.3555,974.5002
1.780451e-01,0.97611,997.0519,973.2277
1.836090e-01,0.97611,995.7432,971.9503
1.891729e-01,0.97611,994.4294,970.6678
1.947368e-01,0.97611,993.1104,969.3804
2.003008e-01,0.97611,991.7862,968.0878
2.058647e-01,0.97611,990.4566,966.7900
2.114286e-01,0.97611,989.1217,965.4870
2.169925e-01,0.97611,987.7813,964.1786
2.225564e-01,0.97611,986.4355,962.8650
2.281203e-01,0.97611,985.0841,961.5458
2.336842e-01,0.97611,983.7270,960.2212
2.392481e-01,0.97611,982.3643,958.8910
2.448120e-01,0.97611,980.9958,957.5552
2.503759e-01,0.97611,979.6214,956.2137
2.559398e-01,0.97611,978.2411,954.8663
2.615038e-01,0.97611,976.8548,953.5132
2.670677e-01,0.97611,975.4624,952.1541
2.726316e-01,0.97611,974.0639,950.7890
2.781955e-01,0.97611,972.6592,949.4178
2.837594e-01,0.97611,971.2481,948.0405
2.893233e-01,0.97611,969.8307,946.6569
2.948872e-01,0.97611,968.4067,945.2670
3.004511e-01,0.97611,966.9762,943.8707
3.060150e-01,0.97611,965.5391,942.4678
3.115789e-01,0.97611,964.0952,941.0584
3.171429e-01,0.97611,962.6444,939.6424
3.227068e-01,0.97611,961.1868,938.2195
3.282707e-01,0.97611,959.7221,936.7898
3.338346e-01,0.97611,958.2502,935.3532
3.393985e-01,0.97611,956.7712,933.9095
3.449624e-01,0.97611,955.2848,932.4586
3.505263e-01,0.97611,953.7910,931.0005
3.560902e-01,0.97611,952.2897,929.5350
3.616541e-01,0.97611,950.7806,928.0621
3.672180e-01,0.97611,949.2639,926.5815
3.727820e-01,0.97611,947.7392,925.0933
3.783459e-01,0.97611,946.2066,923.5973
3.839098e-01,0.97611,944.6658,922.0934
3.894737e-01,0.97611,943.1168,920.5814
3.950376e-01,0.97611,941.5595,919.0612
4.006015e-01,0.97611,939.9936,917.5328
4.061654e-01,0.97611,938.4192,915.9960
4.117293e-01,0.97611,936.8359,914.4506
4.172932e-01,0.97611,935.2438,912.8965
4.228571e-01,0.97611,933.6426,911.3336
4.284211e-01,0.97611,932.0323,909.7617
4.339850e-01,0.97611,930.4126,908.1807
4.395489e-01,0.97611,928.7834,906.5904
4.451128e-01,0.97611,927.1446,904.9908
4.506767e-01,0.97611,925.4960,903.3816
4.562406e-01,0.97611,923.8374,901.7626
4.618045e-01,0.97611,922.1686,900.1337
4.673684e-01,0.97611,920.4896,898.4948
4.729323e-01,0.97611,918.8001,896.8457
4.784962e-01,0.97611,917.0999,895.1861
4.840602e-01,0.97611,915.3888,893.5159
4.896241e-01,0.97611,913.6667,891.8349
4.951880e-01,0.97611,911.9333,890.1430
5.007519e-01,0.97611,910.1885,888.4398
5.063158e-01,0.97611,908.4320,886.7253
5.118797e-01,0.97611,906.6636,884.9992
5.174436e-01,0.97611,904.8831,883.2612
5.230075e-01,0.97611,903.0903,881.5112
5.285714e-01,0.97611,901.2849,879.7490
5.341353e-01,0.97611,899.4667,877.9742
5.396992e-01,0.97611,897.6354,876.1867
5.452632e-01,0.97611,895.7908,874.3862
5.508271e-01,0.97611,893.9326,872.5724
5.563910e-01,0.97611,892.0606,870.7451
5.619549e-01,0.97611,890.1744,868.9040
5.675188e-01,0.97611,888.2738,867.0488
5.730827e-01,0.97611,886.3585,865.1793
5.786466e-01,0.97611,884.4281,863.2950
5.842105e-01,0.97611,882.4824,861.3958
5.897744e-01,0.97611,880.5210,859.4812
5.953383e-01,0.97611,878.5435,857.5510
6.009023e-01,0.97611,876.5496,855.6048
6.064662e-01,0.97611,874.5390,853.6422
6.120301e-01,0.97611,872.5113,851.6629
6.175940e-01,0.97611,870.4660,849.6665
6.231579e-01,0.97611,868.4028,847.6526
6.287218e-01,0.97611,866.3212,845.6208
6.342857e-01,0.97611,864.2209,843.5706
6.398496e-01,0.97611,862.1013,841.5017
6.454135e-01,0.97611,859.2165,838.6859
6.509774e-01,0.97611,856.1451,835.6878
6.565414e-01,0.97611,853.0516,832.6682
6.621053e-01,0.97611,849.9357,829.6267
6.676692e-01,0.97611,846.7969,826.5629
6.732331e-01,0.97611,843.6348,823.4764
6.787970e-01,0.97611,840.4490,820.3667
6.843609e-01,0.97611,837.2390,817.2334
6.899248e-01,0.97611,834.0044,814.0761
6.954887e-01,0.97611,830.7446,810.8942
7.010526e-01,0.97611,827.4592,807.6873
7.066165e-01,0.97611,824.1477,804.4549
7.121805e-01,0.97611,820.8095,801.1965
7.177444e-01,0.97611,817.4441,797.9115
7.233083e-01,0.97611,814.0509,794.5994
7.288722e-01,0.97611,810.6293,791.2596
7.344361e-01,0.97611,807.1788,787.8916
7.400000e-01,0.97611,803.6987,784.4946
7.455639e-01,0.97611,800.1884,781.0682
7.511278e-01,0.97611,796.6472,777.6115
7.566917e-01,0.97611,793.0743,774.1241
7.622556e-01,0.97611,789.4692,770.6051
7.678195e-01,0.97611,785.8309,767.0538
7.733835e-01,0.97611,782.1589,763.4695
7.789474e-01,0.97611,778.4522,759.8514
7.845113e-01,0.97611,774.7101,756.1986
7.900752e-01,0.97611,770.9316,752.5104
7.956391e-01,0.97611,767.1159,748.7859
8.012030e-01,0.97611,763.2620,745.0241
8.067669e-01,0.97611,759.3690,741.2241
8.123308e-01,0.97611,755.4358,737.3849
8.178947e-01,0.97611,751.4614,733.5055
8.234586e-01,0.97611,747.4447,729.5847
8.290226e-01,0.97611,743.3845,725.6216
8.345865e-01,0.97611,739.2796,721.6148
8.401504e-01,0.97611,735.1289,717.5632
8.457143e-01,0.97611,730.9309,713.4655
8.512782e-01,0.97611,726.6843,709.3204
8.568421e-01,0.97611,722.3876,705.1264
8.624060e-01,0.97611,718.0394,700.8821
8.679699e-01,0.97611,713.6380,696.5859
8.735338e-01,0.97611,709.1819,692.2362
8.790977e-01,0.97611,704.6692,687.8313
8.846617e-01,0.97611,700.0981,683.3695
8.902256e-01,0.97611,695.4667,678.8487
8.957895e-01,0.97611,690.7729,674.2671
9.013534e-01,0.97611,686.0147,669.6226
9.069173e-01,0.97611,681.4695,665.1861
9.124812e-01,0.97611,679.1795,662.9508
9.180451e-01,0.97611,676.8814,660.7075
9.236090e-01,0.97611,674.5750,658.4563
9.291729e-01,0.97611,672.2604,656.1969
9.347368e-01,0.97611,669.9373,653.9294
9.403008e-01,0.97611,667.6058,651.6536
9.458647e-01,0.97611,665.2657,649.3694
9.514286e-01,0.97611,662.9169,647.0768
9.569925e-01,0.97611,660.5594,644.7755
9.625564e-01,0.97611,658.1929,642.4656
9.681203e-01,0.97611,655.8175,640.1469
9.736842e-01,0.97611,653.4329,637.8194
9.792481e-01,0.97611,651.0392,635.4828
9.848120e-01,0.97611,648.6361,633.1372
9.903759e-01,0.97611,646.2236,630.7823
9.959398e-01,0.97611,643.8016,628.4182
1.001504e+00,0.97611,641.3699,626.0445
1.007068e+00,0.97611,638.9284,623.6614
1.012632e+00,0.97611,636.4769,621.2685
1.018195e+00,0.97611,634.0155,618.8659
1.023759e+00,0.97611,631.5438,616.4533
1.029323e+00,0.97611,629.0619,614.0307
1.034887e+00,0.97611,626.5695,611.5979
1.040451e+00,0.97611,624.0666,609.1547
1.046015e+00,0.97611,621.5529,606.7011
1.051579e+00,0.97611,619.0284,604.2369
1.057143e+00,0.97611,616.4928,601.7620
1.062707e+00,0.97611,613.9461,599.2761
1.068271e+00,0.97611,611.3881,596.7792
1.073835e+00,0.97611,608.8186,594.2711
1.079398e+00,0.97611,606.2375,591.7516
1.084962e+00,0.97611,603.6445,589.2206
1.090526e+00,0.97611,601.0396,586.6779
1.096090e+00,0.97611,598.4225,584.1234
1.101654e+00,0.97611,595.7931,581.5568
1.107218e+00,0.97611,593.1511,578.9780
1.112782e+00,0.97611,590.3621,576.2556
1.118346e+00,0.97611,587.4205,573.3843
1.123910e+00,0.97611,584.4584,570.4929
1.129474e+00,0.97611,581.4753,567.5811
1.135038e+00,0.97611,578.4708,564.6484
1.140602e+00,0.97611,575.4443,561.6943
1.146165e+00,0.97611,572.3955,558.7183
1.151729e+00,0.97611,569.3237,555.7199
1.157293e+00,0.97611,566.2285,552.6986
1.162857e+00,0.97611,563.1092,549.6539
1.168421e+00,0.97611,559.9652,546.5851
1.173985e+00,0.97611,556.7960,543.4916
1.179549e+00,0.97611,553.6009,540.3728
1.185113e+00,0.97611,550.3793,537.2281
1.190677e+00,0.97611,547.1304,534.0569
1.196241e+00,0.97611,543.8535,530.8583
1.201805e+00,0.97611,540.5478,527.6316
1.207368e+00,0.97611,537.2127,524.3762
1.212932e+00,0.97611,533.8472,521.0911
1.218496e+00,0.97611,530.4505,517.7755
1.224060e+00,0.97611,527.0216,514.4286
1.229624e+00,0.97611,523.5597,511.0494
1.235188e+00,0.97611,520.0638,507.6370
1.240752e+00,0.97611,516.5327,504.1903
1.246316e+00,0.97611,512.9654,500.7083
1.251880e+00,0.97611,509.3608,497.1898
1.257444e+00,0.97611,505.7177,493.6337
1.263008e+00,0.97611,502.0346,490.0387
1.268571e+00,0.97611,498.3104,486.4035
1.274135e+00,0.97611,494.5436,482.7267
1.279699e+00,0.97611,490.7327,479.0068
1.285263e+00,0.97611,487.8373,476.1806
1.290827e+00,0.97611,485.4684,473.8683
1.296391e+00,0.97611,483.0843,471.5412
1.301955e+00,0.97611,480.6847,469.1989
1.307519e+00,0.97611,478.2691,466.8410
1.313083e+00,0.97611,475.8373,464.4674
1.318647e+00,0.97611,473.3890,462.0775
1.324211e+00,0.97611,470.9237,459.6711
1.329774e+00,0.97611,468.4411,457.2478
1.335338e+00,0.97538,465.9408,454.4709
1.340902e+00,0.97418,463.4223,451.4568
1.346466e+00,0.97298,460.8853,448.4308
1.352030e+00,0.97177,458.3294,445.3925
1.357594e+00,0.97057,455.7540,442.3414
1.363158e+00,0.96937,453.1587,439.2772
1.368722e+00,0.96816,450.5430,436.1996
1.374286e+00,0.96696,447.9064,433.1080
1.379850e+00,0.96576,445.2484,430.0020
1.385414e+00,0.96455,442.5683,426.8812
1.390977e+00,0.96335,439.8657,423.7451
1.396541e+00,0.96215,437.1399,420.5932
1.402105e+00,0.96094,434.3902,417.4250
1.407669e+00,0.95974,431.6161,414.2398
1.413233e+00,0.95854,428.8168,411.0372
1.418797e+00,0.95733,425.9915,407.8166
1.424361e+00,0.95613,423.1396,404.5772
1.429925e+00,0.95493,420.2602,401.3184
1.435489e+00,0.95373,417.4884,398.1693
1.441053e+00,0.95252,414.8606,395.1638
1.446617e+00,0.95132,412.2091,392.1423
1.452180e+00,0.95012,409.5334,389.1041
1.457744e+00,0.94891,406.8328,386.0487
1.463308e+00,0.94771,404.1065,382.9755
1.468872e+00,0.94651,401.3538,379.8837
1.474436e+00,0.94530,398.5737,376.7728
1.480000e+00,0.94410,395.7656,373.6421
1.485564e+00,0.94290,392.9284,370.4907
1.491128e+00,0.94169,390.0612,367.3179
1.496692e+00,0.94049,387.1630,364.1229
1.502256e+00,0.93929,384.2328,360.9047
1.507820e+00,0.93808,381.2695,357.6626
1.513383e+00,0.93688,378.2718,354.3953
1.518947e+00,0.93568,375.2386,351.1020
1.524511e+00,0.93447,372.1684,347.7816
1.530075e+00,0.93327,369.0599,344.4327
1.535639e+00,0.93207,365.9116,341.0542
1.541203e+00,0.93086,362.7219,337.6448
1.546767e+00,0.92966,359.4891,334.2029
1.552331e+00,0.92846,356.2114,330.7271
1.557895e+00,0.92725,352.8868,327.2158
1.563459e+00,0.92605,349.5132,323.6671
1.569023e+00,0.92485,346.0884,320.0791
1.574586e+00,0.92364,342.4069,316.2623
1.580150e+00,0.92244,338.6457,312.3809
1.585714e+00,0.92124,334.8354,308.4632
1.591278e+00,0.92003,330.9736,304.5072
1.596842e+00,0.91883,327.0578,300.5111
1.602406e+00,0.91763,323.0854,296.4724
1.607970e+00,0.91643,319.0535,292.3887
1.613534e+00,0.91522,314.9589,288.2573
1.619098e+00,0.91402,310.7980,284.0752
1.624662e+00,0.91282,306.5670,279.8391
1.630226e+00,0.91161,302.2615,275.5453
1.635789e+00,0.91041,297.8768,271.1897
1.641353e+00,0.90921,293.4073,266.7677
1.646917e+00,0.90800,288.8471,262.2740
1.652481e+00,0.90680,284.1892,257.7026
1.658045e+00,0.90560,279.4256,253.0468
1.663609e+00,0.90439,274.5472,248.2986
1.669173e+00,0.90319,269.5434,243.4488
1.674737e+00,0.90199,264.4015,238.4866
1.680301e+00,0.90078,259.1068,233.3991
1.685865e+00,0.89958,253.6413,228.1707
1.691429e+00,0.89838,247.9832,222.7823
1.696992e+00,0.89717,242.7925,217.8271
1.702556e+00,0.89597,239.4516,214.5415
1.708120e+00,0.89477,236.0589,211.2178
1.713684e+00,0.89356,232.6119,207.8536
1.719248e+00,0.89236,229.1077,204.4467
1.724812e+00,0.89116,225.5431,200.9944
1.730376e+00,0.88995,221.9148,197.4940
1.735940e+00,0.88875,218.2189,193.9423
1.741504e+00,0.88755,214.4512,190.3357
1.747068e+00,0.88634,210.6072,186.6706
1.752632e+00,0.88514,206.6816,182.9424
1.758195e+00,0.88394,202.6686,179.1465
1.763759e+00,0.88273,198.5616,175.2773
1.769323e+00,0.88153,194.3533,171.3286
1.774887e+00,0.88033,190.0350,167.2932
1.780451e+00,0.87527,185.5970,162.4484
1.786015e+00,0.86926,181.0278,157.3600
1.791579e+00,0.86324,176.3142,152.2019
1.797143e+00,0.85723,171.4403,146.9632
1.802707e+00,0.85121,166.3872,141.6305
1.808271e+00,0.84519,161.1317,136.1876
1.813835e+00,0.83918,156.6482,131.4557
1.819398e+00,0.83316,155.6535,129.6846
1.824962e+00,0.82715,154.6360,127.9065
1.830526e+00,0.82113,153.5941,126.1206
1.836090e+00,0.81511,152.5262,124.3262
1.841654e+00,0.80910,151.4307,122.5222
1.847218e+00,0.80308,150.3055,120.7075
1.852782e+00,0.79707,149.1484,118.8810
1.858346e+00,0.79105,147.9570,117.0412
1.863910e+00,0.78503,146.7285,115.1867
1.869474e+00,0.77902,145.4598,113.3156
1.875038e+00,0.77300,144.1474,111.4260
1.880602e+00,0.76698,142.7871,109.5155
1.886165e+00,0.76097,141.3744,107.5814
1.891729e+00,0.75495,139.9037,105.6206
1.897293e+00,0.74894,138.3687,103.6293
1.902857e+00,0.74292,136.7619,101.6031
1.908421e+00,0.73690,135.0742,99.5367
1.913985e+00,0.73089,133.2950,97.4236
1.919549e+00,0.72487,131.4108,95.2559
1.925113e+00,0.71886,129.1634,92.8498
1.930677e+00,0.71284,126.5491,90.2092
1.936241e+00,0.70682,123.8726,87.5560
1.941805e+00,0.70081,121.1288,84.8879
1.947368e+00,0.69479,118.3119,82.2020
1.952932e+00,0.68877,115.4155,79.4953
1.958496e+00,0.68276,112.4318,76.7638
1.964060e+00,0.67674,109.3517,74.0030
1.969624e+00,0.67073,106.1646,71.2074
1.975188e+00,0.66471,102.8573,68.3703
1.980752e+00,0.65869,99.4140,65.4834
1.986316e+00,0.65268,95.8151,62.5364
1.991880e+00,0.64666,92.0353,59.5157
1.997444e+00,0.64065,88.0421,56.4038
2.003008e+00,0.63463,83.7916,53.1766
2.008571e+00,0.62861,79.2228,49.8005
2.014135e+00,0.62260,74.2465,46.2256
2.019699e+00,0.61658,68.7234,42.3735
2.025263e+00,0.61056,62.4146,38.1081
2.030827e+00,0.60455,60.7717,36.7394
2.036391e+00,0.59853,60.7717,36.3738
2.041955e+00,0.59252,60.7717,36.0082
2.047519e+00,0.58650,60.7717,35.6426
2.053083e+00,0.58048,60.7717,35.2770
2.058647e+00,0.57447,60.7717,34.9114
2.064211e+00,0.56845,60.7717,34.5458
2.069774e+00,0.56244,60.7717,34.1801
2.075338e+00,0.55642,60.7717,33.8145
2.080902e+00,0.55040,60.7717,33.4489
2.086466e+00,0.54439,60.7717,33.0833
2.092030e+00,0.53837,60.7717,32.7177
2.097594e+00,0.53236,60.7717,32.3521
2.103158e+00,0.52634,60.7717,31.9865
2.108722e+00,0.52032,60.7717,31.6209
2.114286e+00,0.51431,60.7717,31.2553
2.119850e+00,0.50829,60.7717,30.8897
2.125414e+00,0.50227,60.7717,30.5240
2.130977e+00,0.49626,60.7717,30.1584
2.136541e+00,0.49024,60.7717,29.7928
2.142105e+00,0.48423,60.7717,29.4272
2.147669e+00,0.47821,60.7717,29.0616
2.153233e+00,0.47219,60.7717,28.6960
2.158797e+00,0.46618,60.7717,28.3304
2.164361e+00,0.46016,60.7717,27.9648
2.169925e+00,0.45415,60.7717,27.5992
2.175489e+00,0.44813,60.7717,27.2335
2.181053e+00,0.44211,60.7717,26.8679
2.186617e+00,0.43610,60.7717,26.5023
2.192180e+00,0.43008,60.7717,26.1367
2.197744e+00,0.42406,60.7717,25.7711
2.203308e+00,0.41805,60.7717,25.4055
2.208872e+00,0.41203,60.7717,25.0399
2.214436e+00,0.40602,60.7717,24.6743
2.220000e+00,0.40000,60.7717,24.3087
