nu_Hz,hold_s,value
10.0,0.1,0.9870791742522099
10.0,0.2,0.9743889432221347
10.0,0.3,0.9619237376228948
10.0,0.4,0.9496781606404758
10.0,0.5,0.9376469814085999
10.0,0.6,0.9258251287748168
10.0,0.7,0.9142076853428037
10.0,0.8,0.9027898817770083
10.0,0.9,0.8915670913560153
10.0,1.0,0.8805348247624825
10.0,1.1,0.8696887250975291
10.0,1.2,0.8590245631086765
10.0,1.3,0.8485382326206655
10.0,1.4,0.8382257461592731
10.0,1.5,0.8280832307587852
10.0,1.6,0.8181069239442056
10.0,1.7,0.8082931698798032
10.0,1.8,0.7986384156761679
10.0,1.9,0.7891392078481246
10.0,2.0,0.7797921889165499
10.0,2.1,0.7705940941472573
10.0,2.2,0.7615417484206628
10.0,2.3,0.7526320632261252
10.0,2.4,0.743862033775322
10.0,2.5,0.7352287362291375
10.0,2.6,0.726729325033034
10.0,2.7,0.7183610303559078
10.0,2.8,0.710121155627918
10.0,2.9,0.7020070751727598
10.0,3.0,0.6940162319303449
16.153846153846153,0.1,0.9737552976906103
16.153846153846153,0.2,0.9485936509474778
16.153846153846153,0.3,0.9244526402411509
16.153846153846153,0.4,0.9012744524123972
16.153846153846153,0.5,0.8790054684980252
16.153846153846153,0.6,0.8575958946946974
16.153846153846153,0.7,0.8369994313121338
16.153846153846153,0.8,0.8171729752548935
16.153846153846153,0.9,0.7980763521581566
16.153846153846153,1.0,0.7796720748044643
16.153846153846153,1.1,0.7619251248779236
16.153846153846153,1.2,0.7448027554818012
16.153846153846153,1.3,0.7282743121635402
16.153846153846153,1.4,0.7123110704659289
16.153846153846153,1.5,0.6968860882609625
16.153846153846153,1.6,0.6819740713290903
16.153846153846153,1.7,0.6675512508259105
16.153846153846153,1.8,0.6535952714344851
16.153846153846153,1.9,0.6400850891377803
16.153846153846153,2.0,0.6270008776649372
16.153846153846153,2.1,0.6143239427695666
16.153846153846153,2.2,0.6020366435899583
16.153846153846153,2.3,0.5901223204217493
16.153846153846153,2.4,0.5785652283046445
16.153846153846153,2.5,0.5673504758875297
16.153846153846153,2.6,0.556463969091723
16.153846153846153,2.7,0.5458923591411828
16.153846153846153,2.8,0.5356229945720958
16.153846153846153,2.9,0.5256438768728238
16.153846153846153,3.0,0.5159436194396797
22.307692307692307,0.1,0.9516929772199484
22.307692307692307,0.2,0.9072015312877101
22.307692307692307,0.3,0.866107739028284
22.307692307692307,0.4,0.828051492823171
22.307692307692307,0.5,0.7927209387538081
22.307692307692307,0.6,0.7598447391331037
22.307692307692307,0.7,0.7291857677014479
22.307692307692307,0.8,0.7005359387040665
22.307692307692307,0.9,0.6737119399776994
22.307692307692307,1.0,0.6485516917524459
22.307692307692307,1.1,0.624911391822029
22.307692307692307,1.2,0.6026630373916614
22.307692307692307,1.3,0.5816923366707119
22.307692307692307,1.4,0.5618969408723876
22.307692307692307,1.5,0.5431849409805586
22.307692307692307,1.6,0.525473584379439
22.307692307692307,1.7,0.5086881749080797
22.307692307692307,1.8,0.4927611266185042
22.307692307692307,1.9,0.47763114687556846
22.307692307692307,2.0,0.4632425287355863
22.307692307692307,2.1,0.44954453600714434
22.307692307692307,2.2,0.43649086720633956
22.307692307692307,2.3,0.4240391869052553
22.307692307692307,2.4,0.4121507148423286
22.307692307692307,2.5,0.40078986469891736
22.307692307692307,2.6,0.3899239257128069
22.307692307692307,2.7,0.3795227813477286
22.307692307692307,2.8,0.3695586601093856
22.307692307692307,2.9,0.3600059143250772
22.307692307692307,3.0,0.3508408233124063
28.46153846153846,0.1,0.9207785096452998
28.46153846153846,0.2,0.8518334765059917
28.46153846153846,0.3,0.7913503173288334
28.46153846153846,0.4,0.7379114826706378
28.46153846153846,0.5,0.6903944454806299
28.46153846153846,0.6,0.6478994283738677
28.46153846153846,0.7,0.6096972629161028
28.46153846153846,0.8,0.5751911544907161
28.46153846153846,0.9,0.5438882276978819
28.46153846153846,1.0,0.5153780647823316
28.46153846153846,1.1,0.48931631930312547
28.46153846153846,1.2,0.46541206384590245
28.46153846153846,1.3,0.4434179196549465
28.46153846153846,1.4,0.42312228290034737
28.46153846153846,1.5,0.4043431480496723
28.46153846153846,1.6,0.3869231599156062
28.46153846153846,1.7,0.3707256196683581
28.46153846153846,1.8,0.35563123789272927
28.46153846153846,1.9,0.34153547735108536
28.46153846153846,2.0,0.3283463647516002
28.46153846153846,2.1,0.3159826781574129
28.46153846153846,2.2,0.3043724372530858
28.46153846153846,2.3,0.2934516393120863
28.46153846153846,2.4,0.2831631956700145
28.46153846153846,2.5,0.27345603273268454
28.46153846153846,2.6,0.26428432871288765
28.46153846153846,2.7,0.25560686289216433
28.46153846153846,2.8,0.24738645861309538
28.46153846153846,2.9,0.23958950469864518
28.46153846153846,3.0,0.23218554277513706
34.61538461538461,0.1,0.881686745703268
34.61538461538461,0.2,0.7859195455221702
34.61538461538461,0.3,0.7069886412184899
34.61538461538461,0.4,0.6409373157250795
34.61538461538461,0.5,0.5849420380187819
34.61538461538461,0.6,0.5369370083097892
34.61538461538461,0.7,0.49537797273317585
34.61538461538461,0.8,0.4590887486492992
34.61538461538461,0.9,0.42715864942392406
34.61538461538461,1.0,0.39887221689064006
34.61538461538461,1.1,0.3736600257396809
34.61538461538461,1.2,0.3510635664853744
34.61538461538461,1.3,0.33070973882551696
34.61538461538461,1.4,0.31229203302376574
34.61538461538461,1.5,0.29555644733650865
34.61538461538461,1.6,0.28029081262680816
34.61538461538461,1.7,0.26631660373120547
34.61538461538461,1.8,0.2534825898924759
34.61538461538461,1.9,0.24165986185106925
34.61538461538461,2.0,0.23073790103857
34.61538461538461,2.1,0.2206214458221239
34.61538461538461,2.2,0.21122797325193257
34.61538461538461,2.3,0.20248566037976654
34.61538461538461,2.4,0.19433172236264795
34.61538461538461,2.5,0.18671104891099893
34.61538461538461,2.6,0.1795750787016162
34.61538461538461,2.7,0.17288086490135138
34.61538461538461,2.8,0.16659029516601206
34.61538461538461,2.9,0.16066943726346516
34.61538461538461,3.0,0.1550879874466248
40.76923076923077,0.1,0.8357157149234702
40.76923076923077,0.2,0.7137794268400748
40.76923076923077,0.3,0.6200646669569453
40.76923076923077,0.4,0.5460304978009078
40.76923076923077,0.5,0.4862264006344884
40.76923076923077,0.6,0.4370197304365476
40.76923076923077,0.7,0.39590148081663007
40.76923076923077,0.8,0.3610862066995571
40.76923076923077,0.9,0.3312707247231339
40.76923076923077,1.0,0.30548287061747526
40.76923076923077,1.1,0.2829835278172028
40.76923076923077,1.2,0.26320132614745323
40.76923076923077,1.3,0.24568801512766905
40.76923076923077,1.4,0.2300872861582835
40.76923076923077,1.5,0.21611255908236
40.76923076923077,1.6,0.2035308752109307
40.76923076923077,1.7,0.19215103190909952
40.76923076923077,1.8,0.18181471566438184
40.76923076923077,1.9,0.17238978896392182
40.76923076923077,2.0,0.16376514691304167
40.76923076923077,2.1,0.15584673324087064
40.76923076923077,2.2,0.14855442314474754
40.76923076923077,2.3,0.1418195615900069
40.76923076923077,2.4,0.1355830024225035
40.76923076923077,2.5,0.12979353385482612
40.76923076923077,2.6,0.12440660473096479
40.76923076923077,2.7,0.1193832869092725
40.76923076923077,2.8,0.1146894244635096
40.76923076923077,2.9,0.11029493178561968
40.76923076923077,3.0,0.10617321119102098
46.92307692307692,0.1,0.7845734420202981
46.92307692307692,0.2,0.6397075787342832
46.92307692307692,0.3,0.5362957354142374
46.92307692307692,0.4,0.45915656795430704
46.92307692307692,0.5,0.39963942480979875
46.92307692307692,0.6,0.35247394146621225
46.92307692307692,0.7,0.31427623934254456
46.92307692307692,0.8,0.2827798263655292
46.92307692307692,0.9,0.2564128039274608
46.92307692307692,1.0,0.23405268013031713
46.92307692307692,1.1,0.2148777064089127
46.92307692307692,1.2,0.1982732772372056
46.92307692307692,1.3,0.1837710619880049
46.92307692307692,1.4,0.1710082964684858
46.92307692307692,1.5,0.1596998797756825
46.92307692307692,1.6,0.14961882849512997
46.92307692307692,1.7,0.1405823178239764
46.92307692307692,1.8,0.132441538446899
46.92307692307692,1.9,0.1250742101015367
46.92307692307692,2.0,0.1183789772514138
46.92307692307692,2.1,0.11227115930672676
46.92307692307692,2.2,0.10667948982360823
46.92307692307692,2.3,0.10154358733950772
46.92307692307692,2.4,0.09681197405261358
46.92307692307692,2.5,0.0924405093254903
46.92307692307692,2.6,0.08839114055048636
46.92307692307692,2.7,0.08463089915033704
46.92307692307692,2.8,0.08113108762056541
46.92307692307692,2.9,0.0778666167003373
46.92307692307692,3.0,0.07481546144150908
53.07692307692308,0.1,0.7301439156619579
53.07692307692308,0.2,0.5673067353295468
53.07692307692308,0.3,0.45942564870494346
53.07692307692308,0.4,0.38323107030984094
53.07692307692308,0.5,0.32684691642615404
53.07692307692308,0.6,0.28361330820132696
53.07692307692308,0.7,0.24952232953739029
53.07692307692308,0.8,0.22202565963513954
53.07692307692308,0.9,0.19942995852963755
53.07692307692308,1.0,0.1805685480760657
53.07692307692308,1.1,0.16461292598723937
53.07692307692308,1.2,0.15095944536992834
53.07692307692308,1.3,0.13915847916088306
53.07692307692308,1.4,0.12886864113215213
53.07692307692308,1.5,0.11982633425551298
53.07692307692308,1.6,0.11182497706129332
53.07692307692308,1.7,0.10470051320063707
53.07692307692308,1.8,0.09832110179818215
53.07692307692308,1.9,0.09257965129981903
53.07692307692308,2.0,0.08738832565774679
53.07692307692308,2.1,0.0826744430574257
53.07692307692308,2.2,0.0783773737599606
53.07692307692308,2.3,0.07444616535912271
53.07692307692308,2.4,0.07083770478096961
53.07692307692308,2.5,0.06751528123615945
53.07692307692308,2.6,0.06444745210405285
53.07692307692308,2.7,0.06160714010330647
53.07692307692308,2.8,0.05897090877389134
53.07692307692308,2.9,0.05651837667815042
53.07692307692308,3.0,0.05423174043361901
59.23076923076923,0.1,0.6742722555662222
59.23076923076923,0.2,0.49917047178476015
59.23076923076923,0.3,0.3913213327851901
59.23076923076923,0.4,0.31888838031426103
59.23076923076923,0.5,0.26722875807221885
59.23076923076923,0.6,0.228719499509936
59.23076923076923,0.7,0.19902288223201978
59.23076923076923,0.8,0.17549896880579444
59.23076923076923,0.9,0.15645418528345245
59.23076923076923,1.0,0.14075496017077144
59.23076923076923,1.1,0.12761555941847566
59.23076923076923,1.2,0.11647515535930543
59.23076923076923,1.3,0.10692334492289045
59.23076923076923,1.4,0.09865328415135949
59.23076923076923,1.5,0.09143122792324958
59.23076923076923,1.6,0.08507616764666392
59.23076923076923,1.7,0.07944587982860575
59.23076923076923,1.8,0.07442715678577615
59.23076923076923,1.9,0.06992883201710953
59.23076923076923,2.0,0.06587671358979044
59.23076923076923,2.1,0.06220984553932015
59.23076923076923,2.2,0.058877709816668275
59.23076923076923,2.3,0.05583810496695235
59.23076923076923,2.4,0.053055518783122126
59.23076923076923,2.5,0.050499866317291926
59.23076923076923,2.6,0.04814550141434281
59.23076923076923,2.7,0.045970435316588634
59.23076923076923,2.8,0.0439557136612887
59.23076923076923,2.9,0.04208491580384797
59.23076923076923,3.0,0.0403437494593264
65.38461538461539,0.1,0.6186007806311519
65.38461538461539,0.2,0.436867262444365
65.38461538461539,0.3,0.332439783386346
65.38461538461539,0.4,0.2654114261847425
65.38461538461539,0.5,0.21910997225336418
65.38461538461539,0.6,0.18540578511330394
65.38461538461539,0.7,0.15988812848670325
65.38461538461539,0.8,0.13996846827459195
65.38461538461539,0.9,0.12403317791197506
65.38461538461539,1.0,0.11102701497598515
65.38461538461539,1.1,0.10023246886472778
65.38461538461539,1.2,0.0911456249810529
65.38461538461539,1.3,0.08340278279042677
65.38461538461539,1.4,0.07673523768290769
65.38461538461539,1.5,0.07094041505925948
65.38461538461539,1.6,0.06586287314251979
65.38461538461539,1.7,0.06138146425703726
65.38461538461539,1.8,0.05740045321762916
65.38461538461539,1.9,0.053843244723691515
65.38461538461539,2.0,0.050647870763686105
65.38461538461539,2.1,0.04776368987605662
65.38461538461539,2.2,0.045148936360743665
65.38461538461539,2.3,0.042768875643055905
65.38461538461539,2.4,0.04059439853082824
65.38461538461539,2.5,0.03860093769310732
65.38461538461539,2.6,0.03676762372934735
65.38461538461539,2.7,0.035076621484356495
65.38461538461539,2.8,0.03351260343642192
65.38461538461539,2.9,0.032062328375321685
65.38461538461539,3.0,0.0307143017121227
71.53846153846153,0.1,0.5644701151542838
71.53846153846153,0.2,0.38110703143461105
71.53846153846153,0.3,0.2823544868646274
71.53846153846153,0.4,0.22146196481704217
71.53846153846153,0.5,0.18053445156134162
71.53846153846153,0.6,0.15132853436947377
71.53846153846153,0.7,0.12954806164093008
71.53846153846153,0.8,0.11274638763593758
71.53846153846153,0.9,0.09943354155123121
71.53846153846153,1.0,0.088653192183305
71.53846153846153,1.1,0.07976496583082936
71.53846153846153,1.2,0.07232483394482224
71.53846153846153,1.3,0.06601577212406626
71.53846153846153,1.4,0.06060572914290847
71.53846153846153,1.5,0.055921170241875005
71.53846153846153,1.6,0.0518298759548977
71.53846153846153,1.7,0.048229440064943147
71.53846153846153,1.8,0.04503938688321069
71.53846153846153,1.9,0.04219565025039475
71.53846153846153,2.0,0.039646631117113466
71.53846153846153,2.1,0.03735033311413784
71.53846153846153,2.2,0.03527224857415315
71.53846153846153,2.3,0.033383776146536946
71.53846153846153,2.4,0.03166102096103661
71.53846153846153,2.5,0.030083874072378326
71.53846153846153,2.6,0.028635298497579693
71.53846153846153,2.7,0.02730076993721472
71.53846153846153,2.8,0.026067834614671465
71.53846153846153,2.9,0.02492575671121929
71.53846153846153,3.0,0.02386523500240993
77.6923076923077,0.1,0.5128823627759006
77.6923076923077,0.2,0.3319746319074961
77.6923076923077,0.3,0.24018303541095698
77.6923076923077,0.4,0.18553875900423678
77.6923076923077,0.5,0.1496560695318202
77.6923076923077,0.6,0.12447107284437864
77.6923076923077,0.7,0.10592089707178802
77.6923076923077,0.8,0.09174847580283278
77.6923076923077,0.9,0.08060521783240251
77.6923076923077,1.0,0.07163850359573713
77.6923076923077,1.1,0.06428436874517274
77.6923076923077,1.2,0.058155725539644806
77.6923076923077,1.3,0.05297856501617935
77.6923076923077,1.4,0.04855378752437395
77.6923076923077,1.5,0.044733441961507
77.6923076923077,1.6,0.04140542445800525
77.6923076923077,1.7,0.03848333158864638
77.6923076923077,1.8,0.03589955716865594
77.6923076923077,1.9,0.03360048855743091
77.6923076923077,2.0,0.03154309624267138
77.6923076923077,2.1,0.02969246879036163
77.6923076923077,2.2,0.028020002130234024
77.6923076923077,2.3,0.026502049934466813
77.6923076923077,2.4,0.02511890423988425
77.6923076923077,2.5,0.02385401612228764
77.6923076923077,2.6,0.022693393240228642
77.6923076923077,2.7,0.02162512932421226
77.6923076923077,2.8,0.020639033230686082
77.6923076923077,2.9,0.01972633392563344
77.6923076923077,3.0,0.01887944394391371
83.84615384615384,0.1,0.4645123549745905
83.84615384615384,0.2,0.2891538337592089
83.84615384615384,0.3,0.20487639027040838
83.84615384615384,0.4,0.1562182757514408
83.84615384615384,0.5,0.12489139344288533
83.84615384615384,0.6,0.10320585661333645
83.84615384615384,0.7,0.08739574091650515
83.84615384615384,0.8,0.07541148968666521
83.84615384615384,0.9,0.06604744843467639
83.84615384615384,1.0,0.05855065637203531
83.84615384615384,1.1,0.05242797708563502
83.84615384615384,1.2,0.047343692098679856
83.84615384615384,1.3,0.043061780606497374
83.84615384615384,1.4,0.039411745365066725
83.84615384615384,1.5,0.03626752671023622
83.84615384615384,1.6,0.033534026641089336
83.84615384615384,1.7,0.0311382313475034
83.84615384615384,1.8,0.029023206444247288
83.84615384615384,1.9,0.0271439398085924
83.84615384615384,2.0,0.025464403605986955
83.84615384615384,2.1,0.023955439386115485
83.84615384615384,2.2,0.022593210286892363
83.84615384615384,2.3,0.021358051229013485
83.84615384615384,2.4,0.0202336030992209
83.84615384615384,2.5,0.019206152663431102
83.84615384615384,2.6,0.018264123590021653
83.84615384615384,2.7,0.017397679880093327
83.84615384615384,2.8,0.01659841389551664
83.84615384615384,2.9,0.01585909874519983
83.84615384615384,3.0,0.01517349012343597
90.0,0.1,0.4197491647225001
90.0,0.2,0.252106418292326
90.0,0.3,0.1753888089468119
90.0,0.4,0.13225640813201978
90.0,0.5,0.10494846890378093
90.0,0.6,0.08626221502067896
90.0,0.7,0.07275358086994342
90.0,0.8,0.06257990300742207
90.0,0.9,0.05467106466224871
90.0,1.0,0.04836542249202547
90.0,1.1,0.043233125820392244
90.0,1.2,0.03898347216932195
90.0,1.3,0.03541321819682571
90.0,1.4,0.03237623419008482
90.0,1.5,0.02976491367798225
90.0,1.6,0.02749836489693042
90.0,1.7,0.025514672857506707
90.0,1.8,0.023765689589822846
90.0,1.9,0.02221344211252419
90.0,2.0,0.020827603078206122
90.0,2.1,0.01958367594088005
90.0,2.2,0.018461670661697047
90.0,2.3,0.017445122547238606
90.0,2.4,0.016520355208247198
90.0,2.5,0.015675919889877377
90.0,2.6,0.014902164028678173
90.0,2.7,0.014190895720219318
90.0,2.8,0.013535120218532285
90.0,2.9,0.01292883112826531
90.0,3.0,0.012366843546732318
96.15384615384616,0.1,0.3787516368435054
96.15384615384616,0.2,0.2201990201287948
96.15384615384616,0.3,0.15076379389191755
96.15384615384616,0.4,0.11261360251828816
96.15384615384616,0.5,0.08880136952010134
96.15384615384616,0.6,0.07266444204586901
96.15384615384616,0.7,0.06108063158996066
96.15384615384616,0.8,0.052403126646567044
96.15384615384616,0.9,0.04568567595596693
96.15384615384616,1.0,0.040348038571290885
96.15384615384616,1.1,0.03601573450119315
96.15384615384616,1.2,0.032436876366607914
96.15384615384616,1.3,0.029436152741650436
96.15384615384616,1.4,0.026887998730664477
96.15384615384616,1.5,0.024700254980137757
96.15384615384616,1.6,0.022803839438758286
96.15384615384616,1.7,0.021146008478795573
96.15384615384616,1.8,0.019685836795749645
96.15384615384616,1.9,0.018391111186590644
96.15384615384616,2.0,0.017236149707056912
96.15384615384616,2.1,0.016200241011284974
96.15384615384616,2.2,0.015266508221656531
96.15384615384616,2.3,0.014421068977834147
96.15384615384616,2.4,0.01365240569938513
96.15384615384616,2.5,0.012950887393476126
96.15384615384616,2.6,0.012308402278726102
96.15384615384616,2.7,0.01171807250574598
96.15384615384616,2.8,0.011174030431287195
96.15384615384616,2.9,0.010671241556632141
96.15384615384616,3.0,0.010205363206453382
102.3076923076923,0.1,0.3415059084204205
102.3076923076923,0.2,0.1927844450239879
102.3076923076923,0.3,0.13016807709316516
102.3076923076923,0.4,0.09644327683906877
102.3076923076923,0.5,0.0756469465513719
102.3076923076923,0.6,0.06166859235156657
102.3076923076923,0.7,0.05169328165002075
102.3076923076923,0.8,0.04425392472982674
102.3076923076923,0.9,0.03851499000604384
102.3076923076923,1.0,0.03396763573512802
102.3076923076923,1.1,0.030285255214390072
102.3076923076923,1.2,0.02724914238556367
102.3076923076923,1.3,0.02470764540098923
102.3076923076923,1.4,0.022552486799819173
102.3076923076923,1.5,0.020704409697493282
102.3076923076923,1.6,0.019104142491229867
102.3076923076923,1.7,0.017706524337192716
102.3076923076923,1.8,0.01647657691938575
102.3076923076923,1.9,0.015386812263724263
102.3076923076923,2.0,0.014415347123224937
102.3076923076923,2.1,0.013544556484809095
102.3076923076923,2.2,0.012760095239929924
102.3076923076923,2.3,0.01205017615886546
102.3076923076923,2.4,0.011405029423603009
102.3076923076923,2.5,0.010816492816778909
102.3076923076923,2.6,0.010277697297496913
102.3076923076923,2.7,0.009782823138488937
102.3076923076923,2.8,0.009326908895801218
102.3076923076923,2.9,0.008905700380670276
102.3076923076923,3.0,0.008515530233530865
108.46153846153847,0.1,0.30787756153925583
108.46153846153847,0.2,0.16924872970609972
108.46153846153847,0.3,0.1128966983803281
108.46153846153847,0.4,0.08306593307228852
108.46153846153847,0.5,0.06486053037433305
108.46153846153847,0.6,0.052708168350227506
108.46153846153847,0.7,0.044078880406599234
108.46153846153847,0.8,0.03766734747333173
108.46153846153847,0.9,0.03273569216355388
108.46153846153847,1.0,0.028837118523430023
108.46153846153847,1.1,0.025686151593138216
108.46153846153847,1.2,0.02309233853031187
108.46153846153847,1.3,0.02092402620155343
108.46153846153847,1.4,0.01908746116206582
108.46153846153847,1.5,0.01751417106698751
108.46153846153847,1.6,0.01615304847196345
108.46153846153847,1.7,0.014965218913782696
108.46153846153847,1.8,0.013920617967588879
108.46153846153847,1.9,0.012995650599886228
108.46153846153847,2.0,0.012171555022097843
108.46153846153847,2.1,0.011433236407690719
108.46153846153847,2.2,0.010768420847221868
108.46153846153847,2.3,0.010167031848557117
108.46153846153847,2.4,0.009620724229851807
108.46153846153847,2.5,0.009122531113146799
108.46153846153847,2.6,0.008666593378513807
108.46153846153847,2.7,0.008247950043041888
108.46153846153847,2.8,0.007862374205835349
108.46153846153847,2.9,0.007506243457572856
108.46153846153847,3.0,0.007176436630510208
114.61538461538461,0.1,0.27765492204901054
114.61538461538461,0.2,0.1490348067571126
114.61538461538461,0.3,0.09836381955806675
114.61538461538461,0.4,0.07194028814262726
114.61538461538461,0.5,0.05595708105223285
114.61538461538461,0.6,0.04535083309871369
114.61538461538461,0.7,0.03785104288595396
114.61538461538461,0.8,0.03229626496492046
114.61538461538461,0.9,0.028034077392589316
114.61538461538461,1.0,0.024671336386785914
114.61538461538461,1.1,0.02195780990857224
114.61538461538461,1.2,0.019727077611597733
114.61538461538461,1.3,0.017864396777205038
114.61538461538461,1.4,0.016288234617386915
114.61538461538461,1.5,0.014939155221307291
114.61538461538461,1.6,0.013772867531495713
114.61538461538461,1.7,0.012755729448859028
114.61538461538461,1.8,0.011861755469223027
114.61538461538461,1.9,0.011070574284911473
114.61538461538461,2.0,0.01036600347651263
114.61538461538461,2.1,0.009735035018122038
114.61538461538461,2.2,0.009167100316944825
114.61538461538461,2.3,0.008653529225913652
114.61538461538461,2.4,0.00818714605912117
114.61538461538461,2.5,0.007761963936751972
114.61538461538461,2.6,0.007372950741854786
114.61538461538461,2.7,0.007015847932917461
114.61538461538461,2.8,0.006687028850707926
114.61538461538461,2.9,0.00638338687148809
114.61538461538461,3.0,0.0061022463529025114
120.76923076923077,0.1,0.2505826815678627
120.76923076923077,0.2,0.13165138826188888
120.76923076923077,0.3,0.0860877736158575
120.76923076923077,0.4,0.06263648686185033
120.76923076923077,0.5,0.048559453319133236
120.76923076923077,0.6,0.0392651857584211
120.76923076923077,0.7,0.03271663398578122
120.76923076923077,0.8,0.027879375480696484
120.76923076923077,0.9,0.024175449061042686
120.76923076923077,1.0,0.021258007617822223
120.76923076923077,1.1,0.018907002846211607
120.76923076923077,1.2,0.01697647420907489
120.76923076923077,1.3,0.015366005337971642
120.76923076923077,1.4,0.014004374656741835
120.76923076923077,1.5,0.012839744584797216
120.76923076923077,1.6,0.011833538777401705
120.76923076923077,1.7,0.010956490633225624
120.76923076923077,1.8,0.010186017964273176
120.76923076923077,1.9,0.00950443391971267
120.76923076923077,2.0,0.008897700194359308
120.76923076923077,2.1,0.008354540696166219
120.76923076923077,2.2,0.007865800148079466
120.76923076923077,2.3,0.00742397244355845
120.76923076923077,2.4,0.0070228487649006
120.76923076923077,2.5,0.006657251570317618
120.76923076923077,2.6,0.00632283105991679
120.76923076923077,2.7,0.006015907717396692
120.76923076923077,2.8,0.005733349252957646
120.76923076923077,2.9,0.005472473524931179
120.76923076923077,3.0,0.005230971287224827
126.92307692307692,0.1,0.22638656273441463
126.92307692307692,0.2,0.1166731952852666
126.92307692307692,0.3,0.0756748938677624
126.92307692307692,0.4,0.05481321173667801
126.92307692307692,0.5,0.04237341438744172
126.92307692307692,0.6,0.03419574615464891
126.92307692307692,0.7,0.02845161263648701
126.92307692307692,0.8,0.024218267445908735
126.92307692307692,0.9,0.020982507002445614
126.92307692307692,1.0,0.018437424700930547
126.92307692307692,1.1,0.01638885014736418
126.92307692307692,1.2,0.014708276898273798
126.92307692307692,1.3,0.013307460680383099
126.92307692307692,1.4,0.012123910998410497
126.92307692307692,1.5,0.011112205776787013
126.92307692307692,1.6,0.010238581923223281
126.92307692307692,1.7,0.009477450270344419
126.92307692307692,1.8,0.008809083642186527
126.92307692307692,1.9,0.008218043440311459
126.92307692307692,2.0,0.007692084434945642
126.92307692307692,2.1,0.007221377007634244
126.92307692307692,2.2,0.0067979448536214775
126.92307692307692,2.3,0.006415251854185298
126.92307692307692,2.4,0.006067894090313625
126.92307692307692,2.5,0.00575136717695108
126.92307692307692,2.6,0.005461888358238713
126.92307692307692,2.7,0.005196258957804786
126.92307692307692,2.8,0.004951756939178022
126.92307692307692,2.9,0.004726052190553251
126.92307692307692,3.0,0.004517139141988395
133.07692307692307,0.1,0.20479045608760604
133.07692307692307,0.2,0.10373657951182326
133.07692307692307,0.3,0.06680432108482216
133.07692307692307,0.4,0.04819895671189505
133.07692307692307,0.5,0.0371683652477542
133.07692307692307,0.6,0.02994428982736121
133.07692307692307,0.7,0.02488340573139765
133.07692307692307,0.8,0.021160947301848934
133.07692307692307,0.9,0.01832001373941192
133.07692307692307,1.0,0.016088190570651088
133.07692307692307,1.1,0.014293538611466988
133.07692307692307,1.2,0.012822483337986398
133.07692307692307,1.3,0.011597158114163399
133.07692307692307,1.4,0.010562495160938892
133.07692307692307,1.5,0.009678513380676951
133.07692307692307,1.6,0.008915523341805374
133.07692307692307,1.7,0.008251042655139172
133.07692307692307,1.8,0.00766775232625017
133.07692307692307,1.9,0.007152107503856863
133.07692307692307,2.0,0.006693371431512088
133.07692307692307,2.1,0.006282930026669068
133.07692307692307,2.2,0.005913796737464516
133.07692307692307,2.3,0.005580249017703763
133.07692307692307,2.4,0.005277557497228699
133.07692307692307,2.5,0.005001781508292153
133.07692307692307,2.6,0.0047496128231201695
133.07692307692307,2.7,0.004518254898032655
133.07692307692307,2.8,0.004305328595170938
133.07692307692307,2.9,0.004108797876709453
133.07692307692307,3.0,0.003926910725256195
139.23076923076923,0.1,0.1855276347707571
139.23076923076923,0.2,0.09253305362952968
139.23076923076923,0.3,0.05921468173617999
139.23076923076923,0.4,0.0425770790382999
139.23076923076923,0.5,0.032762615382947675
139.23076923076923,0.6,0.02635596350163595
139.23076923076923,0.7,0.02187802815873184
139.23076923076923,0.8,0.018589957211292835
139.23076923076923,0.9,0.01608384136660539
139.23076923076923,1.0,0.01411710821284273
139.23076923076923,1.1,0.01253696756433012
139.23076923076923,1.2,0.01124266108411563
139.23076923076923,1.3,0.01016520353384013
139.23076923076923,1.4,0.009255864290102991
139.23076923076923,1.5,0.008479297981707656
139.23076923076923,1.6,0.007809279841672532
139.23076923076923,1.7,0.007225965774192303
139.23076923076923,1.8,0.006714079090187481
139.23076923076923,1.9,0.006261679069064387
139.23076923076923,2.0,0.005859305387769258
139.23076923076923,2.1,0.005499371550966742
139.23076923076923,2.2,0.005175727011200734
139.23076923076923,2.3,0.0048833358853909515
139.23076923076923,2.4,0.004618037730413888
139.23076923076923,2.5,0.004376367023804965
139.23076923076923,2.6,0.004155415272433754
139.23076923076923,2.7,0.003952724499335325
139.23076923076923,2.8,0.0037662041182621856
139.23076923076923,2.9,0.0035940654421125254
139.23076923076923,3.0,0.0034347696291479332
145.3846153846154,0.1,0.16834754229137852
145.3846153846154,0.2,0.08280220716153308
145.3846153846154,0.3,0.05269285132551344
145.3846153846154,0.4,0.03777403186517228
145.3846153846154,0.5,0.029012185385160493
145.3846153846154,0.6,0.023308949570360865
145.3846153846154,0.7,0.019330633619010943
145.3846153846154,0.8,0.01641374989185021
145.3846153846154,0.9,0.014193085064572111
145.3846153846154,1.0,0.012451947405016758
145.3846153846154,1.1,0.011054090984417293
145.3846153846154,1.2,0.009909796814901133
145.3846153846154,1.3,0.008957710769866034
145.3846153846154,1.4,0.008154535995903475
145.3846153846154,1.5,0.007468895036365038
145.3846153846154,1.6,0.006877524211605781
145.3846153846154,1.7,0.006362831304448709
145.3846153846154,1.8,0.005911280809867617
145.3846153846154,1.9,0.0055122982371647545
145.3846153846154,2.0,0.005157509415148102
145.3846153846154,2.1,0.00484020154416471
145.3846153846154,2.2,0.0045549343637383225
145.3846153846154,2.3,0.004297255009591381
145.3846153846154,2.4,0.004063485802414908
145.3846153846154,2.5,0.00385056418376298
145.3846153846154,2.6,0.003655920499182988
145.3846153846154,2.7,0.0034773836278105263
145.3846153846154,2.8,0.0033131073586904237
145.3846153846154,2.9,0.00316151240370395
145.3846153846154,3.0,0.003021240322038565
151.53846153846155,0.1,0.1530194119804357
151.53846153846155,0.2,0.07432481598034964
151.53846153846155,0.3,0.04706469325398947
151.53846153846155,0.4,0.033650169563115465
151.53846153846155,0.5,0.025802298923434885
151.53846153846155,0.6,0.020706749213214904
151.53846153846155,0.7,0.017158544172019424
151.53846153846155,0.8,0.01456038211711516
151.53846153846155,0.9,0.012584335695759997
151.53846153846155,1.0,0.011036219834410815
151.53846153846155,1.1,0.009794129156640024
151.53846153846155,1.2,0.008777888624187182
151.53846153846155,1.3,0.007932727409575308
151.53846153846155,1.4,0.007220027968525896
151.53846153846155,1.5,0.006611824660871632
151.53846153846155,1.6,0.006087396595998041
151.53846153846155,1.7,0.005631083143590878
151.53846153846155,1.8,0.005230840852877838
151.53846153846155,1.9,0.004877264959574688
151.53846153846155,2.0,0.0045629105012410225
151.53846153846155,2.1,0.004281811608877076
151.53846153846155,2.2,0.0040291348717864045
151.53846153846155,2.3,0.003800925257706114
151.53846153846155,2.4,0.0035939170995322625
151.53846153846155,2.5,0.0034053915835707193
151.53846153846155,2.6,0.0032330679730715093
151.53846153846155,2.7,0.0030750196430530574
151.53846153846155,2.8,0.0029296085938389717
151.53846153846155,2.9,0.002795433887173538
151.53846153846155,3.0,0.002671290684904616
157.69230769230768,0.1,0.13933371097647104
157.69230769230768,0.2,0.06691654343206965
157.69230769230768,0.3,0.042187532282179856
157.69230769230768,0.4,0.030092587241452497
157.69230769230768,0.5,0.02304090789474394
157.69230769230768,0.6,0.018472394810431562
157.69230769230768,0.7,0.015296075217324304
157.69230769230768,0.8,0.012972867475949347
157.69230769230768,0.9,0.01120748344541242
157.69230769230768,1.0,0.009825368303069178
157.69230769230768,1.1,0.008717089154353276
157.69230769230768,1.2,0.007810752900602856
157.69230769230768,1.3,0.007057290908338422
157.69230769230768,1.4,0.006422132395530328
157.69230769230768,1.5,0.005880258460277755
157.69230769230768,1.6,0.005413141909265775
157.69230769230768,1.7,0.005006786887329406
157.69230769230768,1.8,0.004650434796589036
157.69230769230768,1.9,0.004335687396037815
157.69230769230768,2.0,0.004055898746968861
157.69230769230768,2.1,0.003805744875396755
157.69230769230768,2.2,0.0035809135991673067
157.69230769230768,2.3,0.0033778772671547914
157.69230769230768,2.4,0.0031937237594582076
157.69230769230768,2.5,0.0030260291081969206
157.69230769230768,2.6,0.0028727603013147906
157.69230769230768,2.7,0.0027322002774548344
157.69230769230768,2.8,0.002602889442865324
157.69230769230768,2.9,0.0024835796330181592
157.69230769230768,3.0,0.0023731975487889093
163.84615384615384,0.1,0.12710215580502401
163.84615384615384,0.2,0.060422390282608596
163.84615384615384,0.3,0.03794408850004555
163.84615384615384,0.4,0.02700954791760837
163.84615384615384,0.5,0.020653749450381353
163.84615384615384,0.6,0.01654408583931601
163.84615384615384,0.7,0.01369066675915296
163.84615384615384,0.8,0.011605724229726944
163.84615384615384,0.9,0.010022615840209316
163.84615384615384,1.0,0.008783960691011753
163.84615384615384,1.1,0.007791210826238737
163.84615384615384,1.2,0.006979686676125027
163.84615384615384,1.3,0.006305278161069714
163.84615384615384,1.4,0.0057369287604429565
163.84615384615384,1.5,0.005252175629342079
163.84615384615384,1.6,0.004834392558581015
163.84615384615384,1.7,0.004471025099404326
163.84615384615384,1.8,0.004152426281027365
163.84615384615384,1.9,0.0038710681086811167
163.84615384615384,2.0,0.003620995077619467
163.84615384615384,2.1,0.0033974375806262655
163.84615384615384,2.2,0.0031965333756798857
163.84615384615384,2.3,0.0030151235808877014
163.84615384615384,2.4,0.002850601017706199
163.84615384615384,2.5,0.002700795937320621
163.84615384615384,2.6,0.0025638888481395138
163.84615384615384,2.7,0.0024383432624902955
163.84615384615384,2.8,0.0023228532697490744
163.84615384615384,2.9,0.0022163022741716835
163.84615384615384,3.0,0.0021177302307619017
170.0,0.1,0.11615684096369565
170.0,0.2,0.054711916806921036
170.0,0.3,0.0342376108115793
170.0,0.4,0.024326140140198
170.0,0.5,0.018580556856141992
170.0,0.6,0.014871878550538387
170.0,0.7,0.012299970418839273
170.0,0.8,0.010422390170351393
170.0,0.9,0.008997704593559227
170.0,1.0,0.007883604484967768
170.0,1.1,0.0069910738003975716
170.0,1.2,0.0062617389117320685
170.0,1.3,0.005655818274390708
170.0,1.4,0.005145319484846593
170.0,1.5,0.004710006109992355
170.0,1.6,0.00433490633364982
170.0,1.7,0.004008719198036528
170.0,1.8,0.0037227638023806997
170.0,1.9,0.0034702680086172518
170.0,2.0,0.003245875681922865
170.0,2.1,0.0030452982413546933
170.0,2.2,0.0028650636967728622
170.0,2.3,0.002702332894281517
170.0,2.4,0.0025547629526659838
170.0,2.5,0.0024204043893128703
170.0,2.6,0.0022976226624026094
170.0,2.7,0.002185037654184213
170.0,2.8,0.0020814765050502556
170.0,2.9,0.0019859364988554194
170.0,3.0,0.0018975555971661121
176.15384615384616,0.1,0.10634886019026715
176.15384615384616,0.2,0.04967519137259876
176.15384615384616,0.3,0.030987980747515118
176.15384615384616,0.4,0.021980886172214737
176.15384615384616,0.5,0.016772140960584443
176.15384615384616,0.6,0.013415159276099141
176.15384615384616,0.7,0.011089640153141577
176.15384615384616,0.8,0.009393271238590368
176.15384615384616,0.9,0.008106865896878986
176.15384615384616,1.0,0.007101382858881774
176.15384615384616,1.1,0.0062961812601854674
176.15384615384616,1.2,0.005638419718327458
176.15384615384616,1.3,0.005092109395343614
176.15384615384616,1.4,0.004631939895586463
176.15384615384616,1.5,0.004239621828864981
176.15384615384616,1.6,0.0039016290794465823
176.15384615384616,1.7,0.003607755336108481
176.15384615384616,1.8,0.0033501628576453686
176.15384615384616,1.9,0.0031227388594666523
176.15384615384616,2.0,0.0029206498144529252
176.15384615384616,2.1,0.0027400263908706974
176.15384615384616,2.2,0.0025777366061284983
176.15384615384616,2.3,0.0024312197769285836
176.15384615384616,2.4,0.0022983631448212517
176.15384615384616,2.5,0.0021774089589809546
176.15384615384616,2.6,0.0020668836270135715
176.15384615384616,2.7,0.0019655430775392317
176.15384615384616,2.8,0.001872330184106517
176.15384615384616,2.9,0.0017863412677524009
176.15384615384616,3.0,0.0017067995070768657
182.30769230769232,0.1,0.09754667832526343
182.30769230769232,0.2,0.045219388973876555
182.30769230769232,0.3,0.028128594037495423
182.30769230769232,0.4,0.01992308400778518
182.30769230769232,0.5,0.015188130606369131
182.30769230769232,0.6,0.012140703560096763
182.30769230769232,0.7,0.010031644590601047
182.30769230769232,0.8,0.00849425700098662
182.30769230769232,0.9,0.0073290411360396705
182.30769230769232,1.0,0.006418671700759275
182.30769230769232,1.1,0.005689890901721276
182.30769230769232,1.2,0.0050947276785665175
182.30769230769232,1.3,0.004600528413355128
182.30769230769232,1.4,0.004184339026727965
182.30769230769232,1.5,0.003829579389579575
182.30769230769232,1.6,0.003523991676207384
182.30769230769232,1.7,0.0032583293296706275
182.30769230769232,1.8,0.0030254934874292144
182.30769230769232,1.9,0.0028199489084177647
182.30769230769232,2.0,0.0026373196453512845
182.30769230769232,2.1,0.002474103315893342
182.30769230769232,2.2,0.0023274654332571835
182.30769230769232,2.3,0.002195088895087363
182.30769230769232,2.4,0.0020750621794215305
182.30769230769232,2.5,0.0019657951587702233
182.30769230769232,2.6,0.0018659549205544078
182.30769230769232,2.7,0.0017744162816794827
182.30769230769232,2.8,0.0016902232332349715
182.30769230769232,2.9,0.001612558610913716
182.30769230769232,3.0,0.0015407200229669287
188.46153846153845,0.1,0.08963442300842764
188.46153846153845,0.2,0.041265953687933454
188.46153846153845,0.3,0.02560386231170698
188.46153846153845,0.4,0.01811071649445065
188.46153846153845,0.5,0.013795213773933642
188.46153846153845,0.6,0.011021175754016049
188.46153846153845,0.7,0.0091029686893719
188.46153846153845,0.8,0.007705582704579857
188.46153846153845,0.9,0.0066469884297576075
188.46153846153845,1.0,0.005820237356813345
188.46153846153845,1.1,0.005158601051382409
188.46153846153845,1.2,0.004618410444345646
188.46153846153845,1.3,0.004169955042049748
188.46153846153845,1.4,0.003792358358055117
188.46153846153845,1.5,0.0034705462887100725
188.46153846153845,1.6,0.0031933778258706382
188.46153846153845,1.7,0.00295245110325521
188.46153846153845,1.8,0.0027413172571947586
188.46153846153845,1.9,0.0025549489124939554
188.46153846153845,2.0,0.0023893723525660587
188.46153846153845,2.1,0.0022414076542474647
188.46153846153845,2.2,0.0021084816812976686
188.46153846153845,2.3,0.0019884912613759523
188.46153846153845,2.4,0.0018797015703564495
188.46153846153845,2.5,0.0017806696320120028
188.46153846153845,2.6,0.0016901860073674558
188.46153846153845,2.7,0.0016072298413828377
188.46153846153845,2.8,0.0015309338436816245
188.46153846153845,2.9,0.0014605567441907353
188.46153846153845,3.0,0.001395461434322474
194.6153846153846,0.1,0.08251020263602257
194.6153846153846,0.2,0.037748240896386946
194.6153846153846,0.3,0.0233672079515788
194.6153846153846,0.4,0.01650879968182612
194.6153846153846,0.5,0.012565760974799434
194.6153846153846,0.6,0.01003396177425117
194.6153846153846,0.7,0.00828460799784604
194.6153846153846,0.8,0.007010950587711659
194.6153846153846,0.9,0.006046505839737794
194.6153846153846,1.0,0.005293543011881616
194.6153846153846,1.1,0.00469112598541211
194.6153846153846,1.2,0.004199397977205637
194.6153846153846,1.3,0.0037912543032402857
194.6153846153846,1.4,0.0034476566043546457
194.6153846153846,1.5,0.0031548623865260235
194.6153846153846,1.6,0.002902717590058984
194.6153846153846,1.7,0.0026835664676835864
194.6153846153846,1.8,0.002491534068744928
194.6153846153846,1.9,0.002322041274015925
194.6153846153846,2.0,0.002171469272618715
194.6153846153846,2.1,0.0020369225794354536
194.6153846153846,2.2,0.0019160585332410678
194.6153846153846,2.3,0.0018069625740866036
194.6153846153846,2.4,0.001708055631031921
194.6153846153846,2.5,0.0016180244113929174
194.6153846153846,2.6,0.0015357682732513383
194.6153846153846,2.7,0.0014603582736124106
194.6153846153846,2.8,0.0013910052703793323
194.6153846153846,2.9,0.0013270348359415917
194.6153846153846,3.0,0.001267867351109643
200.76923076923077,0.1,0.07608451360948554
200.76923076923077,0.2,0.03460956244252518
200.76923076923077,0.3,0.02137945079996305
200.76923076923077,0.4,0.015088072379674439
200.76923076923077,0.5,0.011476741889073383
200.76923076923077,0.6,0.009160255401477494
200.76923076923077,0.7,0.007560784348035548
200.76923076923077,0.8,0.0063968465796683145
200.76923076923077,0.9,0.005515828627711756
200.76923076923077,1.0,0.00482821141730204
200.76923076923077,1.1,0.004278212744061197
200.76923076923077,1.2,0.003829364681088225
200.76923076923077,1.3,0.0034568771028542313
200.76923076923077,1.4,0.0031433432559380844
200.76923076923077,1.5,0.0028762019842524457
200.76923076923077,1.6,0.002646174379992877
200.76923076923077,1.7,0.002446266022805856
200.76923076923077,1.8,0.002271110467453066
200.76923076923077,1.9,0.0021165256357498826
200.76923076923077,2.0,0.00197920698287518
200.76923076923077,2.1,0.0018565108263651907
200.76923076923077,2.2,0.0017462984887720915
200.76923076923077,2.3,0.0016468223079547494
200.76923076923077,2.4,0.0015566410082006677
200.76923076923077,2.5,0.0014745560080912919
200.76923076923077,2.6,0.001399562886421509
200.76923076923077,2.7,0.0013308139756845268
200.76923076923077,2.8,0.0012675892288743847
200.76923076923077,2.9,0.0012092733099018146
200.76923076923077,3.0,0.0011553374166137751
206.92307692307693,0.1,0.07027877066061104
206.92307692307693,0.2,0.03180156733415669
206.92307692307693,0.3,0.019607506402995457
206.92307692307693,0.4,0.013823951727092653
206.92307692307693,0.5,0.010508868125528231
206.92307692307693,0.6,0.008384338712979278
206.92307692307693,0.7,0.006918330262472487
206.92307692307693,0.8,0.005852005329051767
206.92307692307693,0.9,0.0050451582695978025
206.92307692307693,1.0,0.004415605714015418
206.92307692307693,1.1,0.003912164628810378
206.92307692307693,1.2,0.003501388570818745
206.92307692307693,1.3,0.0031605495992769856
206.92307692307693,1.4,0.002873693800159603
206.92307692307693,1.5,0.0026293113945278328
206.92307692307693,1.6,0.0024189020138719016
206.92307692307693,1.7,0.0022360593371091955
206.92307692307693,1.8,0.002075868969975987
206.92307692307693,1.9,0.0019345016932507811
206.92307692307693,2.0,0.0018089321849668405
206.92307692307693,2.1,0.0016967404354612194
206.92307692307693,2.2,0.001595968925408493
206.92307692307693,2.3,0.001505018186674652
206.92307692307693,2.4,0.0014225692753520476
206.92307692307693,2.5,0.001347525432320071
206.92307692307693,2.6,0.0012789676333776875
206.92307692307693,2.7,0.0012161203343608058
206.92307692307693,2.8,0.0011583247952601527
206.92307692307693,2.9,0.0011050181049956447
206.92307692307693,3.0,0.00105571654066286
213.07692307692307,0.1,0.06502397486379922
213.07692307692307,0.2,0.029282900341931897
213.07692307692307,0.3,0.0180233322771357
213.07692307692307,0.4,0.012695696963035578
213.07692307692307,0.5,0.009645911262805182
213.07692307692307,0.6,0.007693012063484248
213.07692307692307,0.7,0.00634620276150037
213.07692307692307,0.8,0.0053669886305603
213.07692307692307,0.9,0.0046262919484154
213.07692307692307,1.0,0.004048500137833101
213.07692307692307,1.1,0.003586545765444679
213.07692307692307,1.2,0.0032096840773063115
213.07692307692307,1.3,0.002897029877113352
213.07692307692307,1.4,0.0026339267983437253
213.07692307692307,1.5,0.0024098036338942442
213.07692307692307,1.6,0.0022168547524612343
213.07692307692307,1.7,0.0020491984518332877
213.07692307692307,1.8,0.0019023234741410622
213.07692307692307,1.9,0.0017727151952978434
213.07692307692307,2.0,0.0016575971793670692
213.07692307692307,2.1,0.0015547487463595916
213.07692307692307,2.2,0.0014623737885578185
213.07692307692307,2.3,0.0013790048559201682
213.07692307692307,2.4,0.0013034319664478528
213.07692307692307,2.5,0.001234649042064405
213.07692307692307,2.6,0.001171813101636056
213.07692307692307,2.7,0.0011142128166191719
213.07692307692307,2.8,0.0010612440261438543
213.07692307692307,2.9,0.001012390486195188
213.07692307692307,3.0,0.0009672085981369666
219.23076923076923,0.1,0.06025952179202688
219.23076923076923,0.2,0.0270180899730052
219.23076923076923,0.3,0.016603072054865654
219.23076923076923,0.4,0.011685736830965968
219.23076923076923,0.5,0.008874157479194835
219.23076923076923,0.6,0.007075139958548147
219.23076923076923,0.7,0.005835097060200121
219.23076923076923,0.8,0.00493385113692868
219.23076923076923,0.9,0.004252329216189637
219.23076923076923,1.0,0.003720819633600342
219.23076923076923,1.1,0.0032959477276706265
219.23076923076923,1.2,0.002949391158668523
219.23076923076923,1.3,0.002661916033948873
219.23076923076923,1.4,0.00242002817198796
219.23076923076923,1.5,0.0022139966795711574
219.23076923076923,1.6,0.002036637712454901
219.23076923076923,1.7,0.0018825389566915689
219.23076923076923,1.8,0.0017475497528850203
219.23076923076923,1.9,0.0016284368101179693
219.23076923076923,2.0,0.0015226462169324075
219.23076923076923,2.1,0.0014281354766704669
219.23076923076923,2.2,0.0013432527449033405
219.23076923076923,2.3,0.001266648545892465
219.23076923076923,2.4,0.0011972102547300187
219.23076923076923,2.5,0.0011340128061235355
219.23076923076923,2.6,0.0010762811464065478
219.23076923076923,2.7,0.0010233613030909067
219.23076923076923,2.8,0.0009746978593621594
219.23076923076923,2.9,0.0009298162451909029
219.23076923076923,3.0,0.0008883086900672197
225.3846153846154,0.1,0.05593214492023769
225.3846153846154,0.2,0.024976625423569744
225.3846153846154,0.3,0.01532635790723392
225.3846153846154,0.4,0.01077912614440653
225.3846153846154,0.5,0.008181969178862032
225.3846153846154,0.6,0.006521287264477167
225.3846153846154,0.7,0.005377137857635972
225.3846153846154,0.8,0.004545873697649035
225.3846153846154,0.9,0.0039174383259674645
225.3846153846154,1.0,0.0034274326681858207
225.3846153846154,1.1,0.0030358040108143156
225.3846153846154,1.2,0.002716407778078009
225.3846153846154,1.3,0.0024514938295966183
225.3846153846154,1.4,0.0022286117886578063
225.3846153846154,1.5,0.002038785200915417
225.3846153846154,1.6,0.001875388287953697
225.3846153846154,1.7,0.0017334299039076467
225.3846153846154,1.8,0.0016090828649101192
225.3846153846154,1.9,0.0014993661962018655
225.3846153846154,2.0,0.001401925521158697
225.3846153846154,2.1,0.001314878090392781
225.3846153846154,2.2,0.0012367013762874931
225.3846153846154,2.3,0.0011661516397876803
225.3846153846154,2.4,0.0011022035029679173
225.3846153846154,2.5,0.0010440044920241288
225.3846153846154,2.6,0.0009908404131641908
225.3846153846154,2.7,0.000942108677208262
225.3846153846154,2.8,0.0008972975314763125
225.3846153846154,2.9,0.0008559697336652933
225.3846153846154,3.0,0.0008177496022879024
231.53846153846155,0.1,0.05199498524532397
231.53846153846155,0.2,0.023132189117508428
231.53846153846155,0.3,0.014175739935041396
231.53846153846155,0.4,0.009963104748943217
231.53846153846155,0.5,0.007559430868279594
231.53846153846155,0.6,0.006023426235786443
231.53846153846155,0.7,0.00496563126357619
231.53846153846155,0.8,0.0041973494249006454
231.53846153846155,0.9,0.0036166690042238447
231.53846153846155,1.0,0.0031639853884543345
231.53846153846155,1.1,0.0028022416504708612
231.53846153846155,1.2,0.002507256013825407
231.53846153846155,1.3,0.0022626149923395678
231.53846153846155,1.4,0.002056808157002259
231.53846153846155,1.5,0.0018815381968526504
231.53846153846155,1.6,0.0017306815564513641
231.53846153846155,1.7,0.0015996260181287505
231.53846153846155,1.8,0.0014848353670267546
231.53846153846155,1.9,0.0013835555445063292
231.53846153846155,2.0,0.0012936115908243014
231.53846153846155,2.1,0.0012132643750218703
231.53846153846155,2.2,0.0011411076134844572
231.53846153846155,2.3,0.0010759926026489076
231.53846153846155,2.4,0.001016972372541147
231.53846153846155,2.5,0.0009632596796410108
231.53846153846155,2.6,0.0009141950131504664
231.53846153846155,2.7,0.0008692219479825497
231.53846153846155,2.8,0.0008278679571900655
231.53846153846155,2.9,0.0007897293293035177
231.53846153846155,3.0,0.0007544592057741938
237.69230769230768,0.1,0.04840677606729615
237.69230769230768,0.2,0.021462017355392427
237.69230769230768,0.3,0.013136217733191081
237.69230769230768,0.4,0.00922673801902668
237.69230769230768,0.5,0.006998061710048128
237.69230769230768,0.6,0.0055746993661572744
237.69230769230768,0.7,0.004594864389887154
237.69230769230768,0.8,0.0038834111197099184
237.69230769230768,0.9,0.0033458015932375513
237.69230769230768,1.0,0.002926768117142197
237.69230769230768,1.1,0.0025919618636034455
237.69230769230768,1.2,0.0023189744243812304
237.69230769230768,1.3,0.0020925994400053933
237.69230769230768,1.4,0.0019021750353009662
237.69230769230768,1.5,0.0017400168183286406
237.69230769230768,1.6,0.0016004543638425284
237.69230769230768,1.7,0.0014792172630079012
237.69230769230768,1.8,0.00137303171397602
237.69230769230768,1.9,0.0012793482678987555
237.69230769230768,2.0,0.0011961537191313221
237.69230769230768,2.1,0.0011218383981023007
237.69230769230768,2.2,0.0010551007931007609
237.69230769230768,2.3,0.0009948778470486972
237.69230769230768,2.4,0.0009402932441409604
237.69230769230768,2.5,0.0008906185148060574
237.69230769230768,2.6,0.0008452434144681166
237.69230769230768,2.7,0.0008036531058167584
237.69230769230768,2.8,0.0007654103964562814
237.69230769230768,2.9,0.0007301417773821207
237.69230769230768,3.0,0.0006975263502413536
243.84615384615384,0.1,0.04513113119709413
243.84615384615384,0.2,0.019946366530239013
243.84615384615384,0.3,0.012194854445880624
243.84615384615384,0.4,0.008560622562135366
243.84615384615384,0.5,0.006490581109362844
243.84615384615384,0.6,0.005169226479733228
243.84615384615384,0.7,0.004259942620504978
243.84615384615384,0.8,0.0035998913313339182
243.84615384615384,0.9,0.00310122484747578
243.84615384615384,1.0,0.002712607296459468
243.84615384615384,1.1,0.0024021435066816743
243.84615384615384,1.2,0.0021490310385069095
243.84615384615384,1.3,0.0019391562752414531
243.84615384615384,1.4,0.001762625233317864
243.84615384615384,1.5,0.001612308020087942
243.84615384615384,1.6,0.0014829440514387304
243.84615384615384,1.7,0.0013705720080812328
243.84615384615384,1.8,0.0012721553381310634
243.84615384615384,1.9,0.0011853295520809074
243.84615384615384,2.0,0.0011082276424708595
243.84615384615384,2.1,0.0010393569355444856
243.84615384615384,2.2,0.000977510592095704
243.84615384615384,2.3,0.0009217029374708196
243.84615384615384,2.4,0.0008711214863986631
243.84615384615384,2.5,0.0008250908622828437
243.84615384615384,2.6,0.0007830453211737364
243.84615384615384,2.7,0.0007445075878744055
243.84615384615384,2.8,0.0007090723819744338
243.84615384615384,2.9,0.0006763934697196466
243.84615384615384,3.0,0.0006461733954986479
250.0,0.1,0.04213592500359065
250.0,0.2,0.01856806644086557
250.0,0.3,0.011340457647740634
250.0,0.4,0.007956644298076024
250.0,0.5,0.006030716685373181
250.0,0.6,0.004801947065175147
250.0,0.7,0.003956656827849601
250.0,0.8,0.003343208308658096
250.0,0.9,0.002879836434645149
250.0,1.0,0.0025187775744906255
250.0,1.1,0.002230364578778666
250.0,1.2,0.00199525264510376
250.0,1.3,0.0018003196088571057
250.0,1.4,0.0016363679865941626
250.0,1.5,0.0014967707025731053
250.0,1.6,0.0013766387317361304
250.0,1.7,0.0012722909190602254
250.0,1.8,0.0011809057238354648
250.0,1.9,0.0011002862535080997
250.0,2.0,0.0010286979573167247
250.0,2.1,0.0009647541479614137
250.0,2.2,0.000907333740777269
250.0,2.3,0.0008555211474208129
250.0,2.4,0.0008085616896627039
250.0,2.5,0.000765828069753151
250.0,2.6,0.0007267948387006622
250.0,2.7,0.0006910187311621517
250.0,2.8,0.0006581233589521909
250.0,2.9,0.0006277871811166743
250.0,3.0,0.0005997339640396383
