t,N,N0,Nth,T,eta
0.000000e+00,1.400000e+06,0.000000e+00,1.400000e+06,5.000000e-05,6.762876e+00
2.466667e-02,1.296702e+06,0.000000e+00,1.296702e+06,4.289807e-05,7.782793e+00
4.933333e-02,1.234612e+06,0.000000e+00,1.234612e+06,3.896225e-05,8.459211e+00
7.400000e-02,1.191310e+06,0.000000e+00,1.191310e+06,3.632681e-05,8.955175e+00
9.866667e-02,1.158302e+06,0.000000e+00,1.158302e+06,3.436292e-05,9.342510e+00
1.233333e-01,1.131617e+06,0.000000e+00,1.131617e+06,3.279659e-05,9.658292e+00
1.480000e-01,1.109162e+06,0.000000e+00,1.109162e+06,3.149615e-05,9.921277e+00
1.726667e-01,1.089716e+06,0.000000e+00,1.089716e+06,3.038158e-05,1.014447e+01
1.973333e-01,1.072501e+06,0.000000e+00,1.072501e+06,2.939719e-05,1.033868e+01
2.220000e-01,1.056992e+06,0.000000e+00,1.056992e+06,2.851092e-05,1.051005e+01
2.466667e-01,1.042831e+06,0.000000e+00,1.042831e+06,2.770487e-05,1.066145e+01
2.713333e-01,1.029759e+06,0.000000e+00,1.029759e+06,2.696256e-05,1.079635e+01
2.960000e-01,1.017582e+06,0.000000e+00,1.017582e+06,2.626916e-05,1.091852e+01
3.206667e-01,1.006146e+06,0.000000e+00,1.006146e+06,2.561683e-05,1.102960e+01
3.453333e-01,9.953385e+05,0.000000e+00,9.953385e+05,2.500128e-05,1.113009e+01
3.700000e-01,9.850680e+05,0.000000e+00,9.850680e+05,2.441622e-05,1.122162e+01
3.946667e-01,9.752590e+05,0.000000e+00,9.752590e+05,2.385562e-05,1.130604e+01
4.193333e-01,9.658487e+05,0.000000e+00,9.658487e+05,2.331709e-05,1.138373e+01
4.440000e-01,9.567877e+05,0.000000e+00,9.567877e+05,2.279923e-05,1.145475e+01
4.686667e-01,9.480345e+05,0.000000e+00,9.480345e+05,2.229863e-05,1.152020e+01
4.933333e-01,9.395520e+05,0.000000e+00,9.395520e+05,2.181236e-05,1.158110e+01
5.180000e-01,9.313084e+05,0.000000e+00,9.313084e+05,2.133987e-05,1.163726e+01
5.426667e-01,9.232777e+05,0.000000e+00,9.232777e+05,2.088042e-05,1.168866e+01
5.673333e-01,9.154369e+05,0.000000e+00,9.154369e+05,2.043170e-05,1.173619e+01
5.920000e-01,9.077643e+05,0.000000e+00,9.077643e+05,1.999222e-05,1.178042e+01
6.166667e-01,9.002413e+05,0.000000e+00,9.002413e+05,1.956209e-05,1.182099e+01
6.413333e-01,8.928525e+05,0.000000e+00,8.928525e+05,1.914074e-05,1.185793e+01
6.660000e-01,8.855833e+05,0.000000e+00,8.855833e+05,1.872648e-05,1.189204e+01
6.906667e-01,8.784195e+05,0.000000e+00,8.784195e+05,1.831858e-05,1.192354e+01
7.153333e-01,8.713493e+05,0.000000e+00,8.713493e+05,1.791738e-05,1.195201e+01
7.400000e-01,8.643621e+05,0.000000e+00,8.643621e+05,1.752234e-05,1.197757e+01
7.646667e-01,8.574477e+05,0.000000e+00,8.574477e+05,1.713218e-05,1.200089e+01
7.893333e-01,8.505959e+05,0.000000e+00,8.505959e+05,1.674662e-05,1.202201e+01
8.140000e-01,8.437981e+05,0.000000e+00,8.437981e+05,1.636606e-05,1.204055e+01
8.386667e-01,8.370472e+05,0.000000e+00,8.370472e+05,1.598995e-05,1.205677e+01
8.633333e-01,8.303353e+05,0.000000e+00,8.303353e+05,1.561731e-05,1.207107e+01
8.880000e-01,8.236537e+05,0.000000e+00,8.236537e+05,1.524818e-05,1.208330e+01
9.126667e-01,8.169955e+05,0.000000e+00,8.169955e+05,1.488287e-05,1.209303e+01
9.373333e-01,8.103541e+05,0.000000e+00,8.103541e+05,1.452071e-05,1.210061e+01
9.620000e-01,8.037219e+05,0.000000e+00,8.037219e+05,1.416100e-05,1.210650e+01
9.866667e-01,7.971028e+05,0.000000e+00,7.971028e+05,1.381140e-05,1.211970e+01
1.011333e+00,7.905433e+05,0.000000e+00,7.905433e+05,1.349062e-05,1.216241e+01
1.036000e+00,7.842984e+05,0.000000e+00,7.842984e+05,1.323548e-05,1.226783e+01
1.060667e+00,7.783916e+05,0.000000e+00,7.783916e+05,1.299840e-05,1.236021e+01
1.085333e+00,7.727601e+05,0.000000e+00,7.727601e+05,1.277608e-05,1.244163e+01
1.110000e+00,7.673564e+05,0.000000e+00,7.673564e+05,1.256599e-05,1.251375e+01
1.134667e+00,7.621436e+05,0.000000e+00,7.621436e+05,1.236581e-05,1.257823e+01
1.159333e+00,7.570921e+05,0.000000e+00,7.570921e+05,1.217397e-05,1.263624e+01
1.184000e+00,7.521788e+05,0.000000e+00,7.521788e+05,1.198950e-05,1.268837e+01
1.208667e+00,7.473846e+05,0.000000e+00,7.473846e+05,1.181137e-05,1.273535e+01
1.233333e+00,7.426938e+05,0.000000e+00,7.426938e+05,1.163848e-05,1.277800e+01
1.258000e+00,7.380929e+05,0.000000e+00,7.380929e+05,1.147022e-05,1.281677e+01
1.282667e+00,7.335707e+05,0.000000e+00,7.335707e+05,1.130622e-05,1.285184e+01
1.307333e+00,7.291179e+05,0.000000e+00,7.291179e+05,1.114593e-05,1.288367e+01
1.332000e+00,7.247262e+05,0.000000e+00,7.247262e+05,1.098873e-05,1.291278e+01
1.356667e+00,7.203883e+05,0.000000e+00,7.203883e+05,1.083439e-05,1.293933e+01
1.381333e+00,7.160983e+05,0.000000e+00,7.160983e+05,1.068278e-05,1.296333e+01
1.406000e+00,7.118507e+05,0.000000e+00,7.118507e+05,1.053349e-05,1.298515e+01
1.430667e+00,7.076408e+05,0.000000e+00,7.076408e+05,1.038619e-05,1.300513e+01
1.455333e+00,7.034640e+05,0.000000e+00,7.034640e+05,1.024081e-05,1.302323e+01
1.480000e+00,6.993167e+05,0.000000e+00,6.993167e+05,1.009728e-05,1.303945e+01
1.504667e+00,6.951954e+05,0.000000e+00,6.951954e+05,9.955308e-06,1.305411e+01
1.529333e+00,6.910970e+05,0.000000e+00,6.910970e+05,9.814672e-06,1.306741e+01
1.554000e+00,6.870185e+05,0.000000e+00,6.870185e+05,9.675423e-06,1.307922e+01
1.578667e+00,6.829573e+05,0.000000e+00,6.829573e+05,9.537496e-06,1.308956e+01
1.603333e+00,6.789112e+05,0.000000e+00,6.789112e+05,9.400629e-06,1.309872e+01
1.628000e+00,6.748776e+05,0.000000e+00,6.748776e+05,9.264723e-06,1.310680e+01
1.652667e+00,6.708546e+05,0.000000e+00,6.708546e+05,9.129864e-06,1.311373e+01
1.677333e+00,6.668406e+05,0.000000e+00,6.668406e+05,8.995988e-06,1.311956e+01
1.702000e+00,6.628338e+05,0.000000e+00,6.628338e+05,8.862882e-06,1.312447e+01
1.726667e+00,6.588323e+05,0.000000e+00,6.588323e+05,8.730517e-06,1.312842e+01
1.751333e+00,6.548343e+05,0.000000e+00,6.548343e+05,8.598981e-06,1.313123e+01
1.776000e+00,6.508384e+05,0.000000e+00,6.508384e+05,8.468170e-06,1.313299e+01
1.800667e+00,6.468428e+05,0.000000e+00,6.468428e+05,8.337909e-06,1.313395e+01
1.825333e+00,6.428459e+05,0.000000e+00,6.428459e+05,8.208223e-06,1.313402e+01
1.850000e+00,6.388461e+05,0.000000e+00,6.388461e+05,8.079188e-06,1.313302e+01
1.874667e+00,6.348422e+05,0.000000e+00,6.348422e+05,7.950677e-06,1.313114e+01
1.899333e+00,6.308326e+05,0.000000e+00,6.308326e+05,7.822561e-06,1.312853e+01
1.924000e+00,6.268155e+05,0.000000e+00,6.268155e+05,7.694912e-06,1.312503e+01
1.948667e+00,6.227899e+05,0.000000e+00,6.227899e+05,7.567775e-06,1.312053e+01
1.973333e+00,6.187541e+05,0.000000e+00,6.187541e+05,7.441190e-06,1.311490e+01
1.998000e+00,6.147257e+05,0.000000e+00,6.147257e+05,7.319028e-06,1.312975e+01
2.022667e+00,6.107456e+05,0.000000e+00,6.107456e+05,7.206425e-06,1.317819e+01
2.047333e+00,6.068946e+05,0.000000e+00,6.068946e+05,7.104733e-06,1.324709e+01
2.072000e+00,6.031614e+05,0.000000e+00,6.031614e+05,7.008463e-06,1.330781e+01
2.096667e+00,5.995270e+05,0.000000e+00,5.995270e+05,6.916764e-06,1.336138e+01
2.121333e+00,5.959761e+05,0.000000e+00,5.959761e+05,6.828997e-06,1.340867e+01
2.146000e+00,5.924965e+05,0.000000e+00,5.924965e+05,6.744608e-06,1.345045e+01
2.170667e+00,5.890781e+05,0.000000e+00,5.890781e+05,6.663098e-06,1.348749e+01
2.195333e+00,5.857125e+05,0.000000e+00,5.857125e+05,6.584101e-06,1.352028e+01
2.220000e+00,5.823927e+05,0.000000e+00,5.823927e+05,6.507340e-06,1.354922e+01
2.244667e+00,5.791128e+05,0.000000e+00,5.791128e+05,6.432531e-06,1.357472e+01
2.269333e+00,5.758678e+05,0.000000e+00,5.758678e+05,6.359409e-06,1.359721e+01
2.294000e+00,5.726531e+05,0.000000e+00,5.726531e+05,6.287801e-06,1.361695e+01
2.318667e+00,5.694652e+05,0.000000e+00,5.694652e+05,6.217568e-06,1.363412e+01
2.343333e+00,5.663007e+05,0.000000e+00,5.663007e+05,6.148539e-06,1.364902e+01
2.368000e+00,5.631568e+05,0.000000e+00,5.631568e+05,6.080558e-06,1.366190e+01
2.392667e+00,5.600309e+05,0.000000e+00,5.600309e+05,6.013546e-06,1.367287e+01
2.417333e+00,5.569207e+05,0.000000e+00,5.569207e+05,5.947422e-06,1.368204e+01
2.442000e+00,5.538244e+05,0.000000e+00,5.538244e+05,5.882067e-06,1.368962e+01
2.466667e+00,5.507401e+05,0.000000e+00,5.507401e+05,5.817389e-06,1.369579e+01
2.491333e+00,5.476661e+05,0.000000e+00,5.476661e+05,5.753355e-06,1.370056e+01
2.516000e+00,5.446010e+05,0.000000e+00,5.446010e+05,5.689913e-06,1.370401e+01
2.540667e+00,5.415435e+05,0.000000e+00,5.415435e+05,5.626970e-06,1.370632e+01
2.565333e+00,5.384924e+05,0.000000e+00,5.384924e+05,5.564475e-06,1.370758e+01
2.590000e+00,5.354465e+05,0.000000e+00,5.354465e+05,5.502422e-06,1.370787e+01
2.614667e+00,5.324051e+05,0.000000e+00,5.324051e+05,5.440775e-06,1.370727e+01
2.639333e+00,5.293673e+05,0.000000e+00,5.293673e+05,5.379467e-06,1.370591e+01
2.664000e+00,5.263323e+05,0.000000e+00,5.263323e+05,5.318473e-06,1.370372e+01
2.688667e+00,5.232991e+05,0.000000e+00,5.232991e+05,5.257797e-06,1.370064e+01
2.713333e+00,5.202671e+05,0.000000e+00,5.202671e+05,5.197399e-06,1.369676e+01
2.738000e+00,5.172353e+05,0.000000e+00,5.172353e+05,5.137221e-06,1.369221e+01
2.762667e+00,5.142032e+05,0.000000e+00,5.142032e+05,5.077259e-06,1.368696e+01
2.787333e+00,5.111700e+05,0.000000e+00,5.111700e+05,5.017520e-06,1.368098e+01
2.812000e+00,5.081351e+05,0.000000e+00,5.081351e+05,4.957961e-06,1.367436e+01
2.836667e+00,5.050978e+05,0.000000e+00,5.050978e+05,4.898540e-06,1.366719e+01
2.861333e+00,5.020575e+05,0.000000e+00,5.020575e+05,4.839272e-06,1.365941e+01
2.886000e+00,4.990136e+05,0.000000e+00,4.990136e+05,4.780158e-06,1.365101e+01
2.910667e+00,4.959657e+05,0.000000e+00,4.959657e+05,4.721154e-06,1.364207e+01
2.935333e+00,4.929129e+05,0.000000e+00,4.929129e+05,4.662234e-06,1.363266e+01
2.960000e+00,4.898549e+05,0.000000e+00,4.898549e+05,4.603421e-06,1.362272e+01
2.984667e+00,4.867912e+05,0.000000e+00,4.867912e+05,4.545000e-06,1.361418e+01
3.009333e+00,4.837292e+05,0.000000e+00,4.837292e+05,4.488017e-06,1.361354e+01
3.034000e+00,4.806775e+05,0.000000e+00,4.806775e+05,4.433261e-06,1.362504e+01
3.058667e+00,4.776455e+05,0.000000e+00,4.776455e+05,4.379843e-06,1.363674e+01
3.083333e+00,4.746308e+05,0.000000e+00,4.746308e+05,4.327278e-06,1.364616e+01
3.108000e+00,4.716309e+05,0.000000e+00,4.716309e+05,4.275447e-06,1.365346e+01
3.132667e+00,4.686435e+05,0.000000e+00,4.686435e+05,4.224270e-06,1.365883e+01
3.157333e+00,4.656668e+05,0.000000e+00,4.656668e+05,4.173696e-06,1.366236e+01
3.182000e+00,4.626988e+05,0.000000e+00,4.626988e+05,4.123651e-06,1.366422e+01
3.206667e+00,4.597382e+05,0.000000e+00,4.597382e+05,4.074054e-06,1.366462e+01
3.231333e+00,4.567833e+05,0.000000e+00,4.567833e+05,4.024869e-06,1.366364e+01
3.256000e+00,4.538329e+05,0.000000e+00,4.538329e+05,3.976067e-06,1.366131e+01
3.280667e+00,4.508858e+05,0.000000e+00,4.508858e+05,3.927592e-06,1.365779e+01
3.305333e+00,4.479409e+05,0.000000e+00,4.479409e+05,3.879392e-06,1.365321e+01
3.330000e+00,4.449972e+05,0.000000e+00,4.449972e+05,3.831453e-06,1.364759e+01
3.354667e+00,4.420537e+05,0.000000e+00,4.420537e+05,3.783759e-06,1.364094e+01
3.379333e+00,4.391095e+05,0.000000e+00,4.391095e+05,3.736262e-06,1.363341e+01
3.404000e+00,4.361637e+05,0.000000e+00,4.361637e+05,3.688929e-06,1.362507e+01
3.428667e+00,4.332156e+05,0.000000e+00,4.332156e+05,3.641762e-06,1.361590e+01
3.453333e+00,4.302643e+05,0.000000e+00,4.302643e+05,3.594747e-06,1.360600e+01
3.478000e+00,4.273095e+05,0.000000e+00,4.273095e+05,3.547854e-06,1.359581e+01
3.502667e+00,4.243507e+05,0.000000e+00,4.243507e+05,3.501070e-06,1.358499e+01
3.527333e+00,4.213872e+05,0.000000e+00,4.213872e+05,3.454406e-06,1.357346e+01
3.552000e+00,4.184183e+05,0.000000e+00,4.184183e+05,3.407846e-06,1.356124e+01
3.576667e+00,4.154434e+05,0.000000e+00,4.154434e+05,3.361353e-06,1.354842e+01
3.601333e+00,4.124616e+05,0.000000e+00,4.124616e+05,3.314920e-06,1.353499e+01
3.626000e+00,4.094724e+05,0.000000e+00,4.094724e+05,3.268559e-06,1.352088e+01
3.650667e+00,4.064749e+05,0.000000e+00,4.064749e+05,3.222249e-06,1.350614e+01
3.675333e+00,4.034686e+05,0.000000e+00,4.034686e+05,3.175960e-06,1.349089e+01
3.700000e+00,4.004526e+05,0.000000e+00,4.004526e+05,3.129697e-06,1.347508e+01
3.724667e+00,3.974263e+05,0.000000e+00,3.974263e+05,3.083470e-06,1.345864e+01
3.749333e+00,3.943889e+05,0.000000e+00,3.943889e+05,3.037254e-06,1.344164e+01
3.774000e+00,3.913398e+05,0.000000e+00,3.913398e+05,2.991027e-06,1.342417e+01
3.798667e+00,3.882782e+05,0.000000e+00,3.882782e+05,2.944808e-06,1.340661e+01
3.823333e+00,3.852042e+05,0.000000e+00,3.852042e+05,2.898620e-06,1.338867e+01
3.848000e+00,3.821170e+05,0.000000e+00,3.821170e+05,2.852434e-06,1.337017e+01
3.872667e+00,3.790157e+05,0.000000e+00,3.790157e+05,2.806236e-06,1.335116e+01
3.897333e+00,3.758995e+05,0.000000e+00,3.758995e+05,2.760044e-06,1.333155e+01
3.922000e+00,3.727674e+05,0.000000e+00,3.727674e+05,2.713857e-06,1.331128e+01
3.946667e+00,3.696186e+05,0.000000e+00,3.696186e+05,2.667643e-06,1.329044e+01
3.971333e+00,3.664519e+05,0.000000e+00,3.664519e+05,2.621395e-06,1.326904e+01
3.996000e+00,3.632711e+05,0.000000e+00,3.632711e+05,2.576371e-06,1.326494e+01
4.020667e+00,3.601092e+05,0.000000e+00,3.601092e+05,2.533852e-06,1.328122e+01
4.045333e+00,3.569903e+05,0.000000e+00,3.569903e+05,2.494456e-06,1.332292e+01
4.070000e+00,3.539206e+05,0.000000e+00,3.539206e+05,2.456729e-06,1.335696e+01
4.094667e+00,3.508917e+05,0.000000e+00,3.508917e+05,2.420344e-06,1.338491e+01
4.119333e+00,3.478972e+05,0.000000e+00,3.478972e+05,2.385101e-06,1.340768e+01
4.144000e+00,3.449314e+05,0.000000e+00,3.449314e+05,2.350819e-06,1.342564e+01
4.168667e+00,3.419896e+05,0.000000e+00,3.419896e+05,2.317362e-06,1.343935e+01
4.193333e+00,3.390677e+05,0.000000e+00,3.390677e+05,2.284619e-06,1.344928e+01
4.218000e+00,3.361625e+05,0.000000e+00,3.361625e+05,2.252483e-06,1.345594e+01
4.242667e+00,3.332711e+05,0.000000e+00,3.332711e+05,2.220862e-06,1.345969e+01
4.267333e+00,3.303909e+05,0.000000e+00,3.303909e+05,2.189694e-06,1.346078e+01
4.292000e+00,3.275199e+05,0.000000e+00,3.275199e+05,2.158920e-06,1.345943e+01
4.316667e+00,3.246561e+05,0.000000e+00,3.246561e+05,2.128477e-06,1.345596e+01
4.341333e+00,3.217977e+05,0.000000e+00,3.217977e+05,2.098315e-06,1.345059e+01
4.366000e+00,3.189431e+05,0.000000e+00,3.189431e+05,2.068403e-06,1.344343e+01
4.390667e+00,3.160910e+05,0.000000e+00,3.160910e+05,2.038709e-06,1.343462e+01
4.415333e+00,3.132400e+05,0.000000e+00,3.132400e+05,2.009190e-06,1.342440e+01
4.440000e+00,3.103894e+05,0.000000e+00,3.103894e+05,1.979826e-06,1.341366e+01
4.464667e+00,3.075385e+05,0.000000e+00,3.075385e+05,1.950617e-06,1.340172e+01
4.489333e+00,3.046862e+05,0.000000e+00,3.046862e+05,1.921538e-06,1.338852e+01
4.514000e+00,3.018317e+05,0.000000e+00,3.018317e+05,1.892560e-06,1.337436e+01
4.538667e+00,2.989739e+05,0.000000e+00,2.989739e+05,1.863668e-06,1.335915e+01
4.563333e+00,2.961118e+05,0.000000e+00,2.961118e+05,1.834857e-06,1.334287e+01
4.588000e+00,2.932445e+05,0.000000e+00,2.932445e+05,1.806106e-06,1.332562e+01
4.612667e+00,2.903711e+05,0.000000e+00,2.903711e+05,1.777393e-06,1.330753e+01
4.637333e+00,2.874905e+05,0.000000e+00,2.874905e+05,1.748712e-06,1.328860e+01
4.662000e+00,2.846020e+05,0.000000e+00,2.846020e+05,1.720063e-06,1.326880e+01
4.686667e+00,2.817047e+05,0.000000e+00,2.817047e+05,1.691427e-06,1.324823e+01
4.711333e+00,2.787981e+05,0.000000e+00,2.787981e+05,1.662799e-06,1.322800e+01
4.736000e+00,2.758820e+05,0.000000e+00,2.758820e+05,1.634196e-06,1.320719e+01
4.760667e+00,2.729557e+05,0.000000e+00,2.729557e+05,1.605618e-06,1.318561e+01
4.785333e+00,2.700183e+05,0.000000e+00,2.700183e+05,1.577045e-06,1.316321e+01
4.810000e+00,2.670686e+05,0.000000e+00,2.670686e+05,1.548466e-06,1.314003e+01
4.834667e+00,2.641054e+05,0.000000e+00,2.641054e+05,1.519884e-06,1.311601e+01
4.859333e+00,2.611279e+05,0.000000e+00,2.611279e+05,1.491293e-06,1.309114e+01
4.884000e+00,2.581347e+05,0.000000e+00,2.581347e+05,1.462677e-06,1.306554e+01
4.908667e+00,2.551249e+05,0.000000e+00,2.551249e+05,1.434030e-06,1.303956e+01
4.933333e+00,2.520978e+05,0.000000e+00,2.520978e+05,1.405369e-06,1.301348e+01
4.958000e+00,2.490533e+05,0.000000e+00,2.490533e+05,1.376712e-06,1.298724e+01
4.982667e+00,2.459904e+05,0.000000e+00,2.459904e+05,1.348043e-06,1.295999e+01
5.007333e+00,2.429235e+05,0.000000e+00,2.429235e+05,1.320157e-06,1.297021e+01
5.032000e+00,2.367706e+05,6.822609e+03,2.299480e+05,1.284373e-06,1.308945e+01
5.056667e+00,2.285692e+05,1.599183e+04,2.125774e+05,1.247949e-06,1.324213e+01
5.081333e+00,2.208842e+05,2.188776e+04,1.989964e+05,1.217582e-06,1.333747e+01
5.106000e+00,2.134702e+05,2.579080e+04,1.876794e+05,1.190879e-06,1.339635e+01
5.130667e+00,2.062696e+05,2.842277e+04,1.778468e+05,1.166567e-06,1.343048e+01
5.155333e+00,1.992778e+05,3.022430e+04,1.690535e+05,1.143898e-06,1.344704e+01
5.180000e+00,1.925018e+05,3.146925e+04,1.610325e+05,1.122406e-06,1.345144e+01
5.204667e+00,1.859469e+05,3.234266e+04,1.536043e+05,1.101789e-06,1.344545e+01
5.229333e+00,1.796134e+05,3.296703e+04,1.466464e+05,1.081828e-06,1.343116e+01
5.254000e+00,1.734970e+05,3.342397e+04,1.400731e+05,1.062364e-06,1.341024e+01
5.278667e+00,1.675902e+05,3.376647e+04,1.338237e+05,1.043279e-06,1.338367e+01
5.303333e+00,1.618833e+05,3.403225e+04,1.278510e+05,1.024494e-06,1.335219e+01
5.328000e+00,1.563660e+05,3.424443e+04,1.221216e+05,1.005947e-06,1.331641e+01
5.352667e+00,1.510278e+05,3.441697e+04,1.166108e+05,9.875814e-07,1.327687e+01
5.377333e+00,1.458586e+05,3.455681e+04,1.113018e+05,9.693700e-07,1.323537e+01
5.402000e+00,1.408498e+05,3.466612e+04,1.061837e+05,9.513049e-07,1.319095e+01
5.426667e+00,1.359934e+05,3.474966e+04,1.012438e+05,9.333624e-07,1.314343e+01
5.451333e+00,1.312816e+05,3.480960e+04,9.647197e+04,9.155123e-07,1.309272e+01
5.476000e+00,1.267069e+05,3.485030e+04,9.185658e+04,8.977371e-07,1.303910e+01
5.500667e+00,1.222629e+05,3.487227e+04,8.739064e+04,8.800280e-07,1.298247e+01
5.525333e+00,1.179439e+05,3.487697e+04,8.306688e+04,8.623694e-07,1.292291e+01
5.550000e+00,1.137446e+05,3.486051e+04,7.888413e+04,8.447486e-07,1.286112e+01
5.574667e+00,1.096611e+05,3.482441e+04,7.483666e+04,8.271685e-07,1.279762e+01
5.599333e+00,1.056901e+05,3.476481e+04,7.092529e+04,8.096410e-07,1.273145e+01
5.624000e+00,1.018286e+05,3.468449e+04,6.714410e+04,7.921493e-07,1.266198e+01
5.648667e+00,9.807340e+04,3.458333e+04,6.349007e+04,7.746759e-07,1.258908e+01
5.673333e+00,9.442159e+04,3.446507e+04,5.995652e+04,7.572154e-07,1.251288e+01
5.698000e+00,9.087064e+04,3.432924e+04,5.654140e+04,7.397647e-07,1.243375e+01
5.722667e+00,8.741890e+04,3.417309e+04,5.324581e+04,7.223278e-07,1.235274e+01
5.747333e+00,8.406479e+04,3.399578e+04,5.006901e+04,7.049022e-07,1.226872e+01
5.772000e+00,8.080682e+04,3.379973e+04,4.700709e+04,6.874887e-07,1.218062e+01
5.796667e+00,7.764333e+04,3.358691e+04,4.405642e+04,6.700757e-07,1.208817e+01
5.821333e+00,7.457263e+04,3.335839e+04,4.121424e+04,6.526434e-07,1.199137e+01
5.846000e+00,7.159333e+04,3.311341e+04,3.847992e+04,6.351947e-07,1.189317e+01
5.870667e+00,6.870490e+04,3.284987e+04,3.585503e+04,6.177529e-07,1.179069e+01
5.895333e+00,6.590628e+04,3.257020e+04,3.333608e+04,6.003049e-07,1.168304e+01
5.920000e+00,6.319618e+04,3.227542e+04,3.092076e+04,5.828268e-07,1.156998e+01
5.944667e+00,6.057334e+04,3.196717e+04,2.860617e+04,5.653154e-07,1.145358e+01
5.969333e+00,5.803716e+04,3.164355e+04,2.639360e+04,5.477890e-07,1.133230e+01
5.994000e+00,5.558674e+04,3.132227e+04,2.426447e+04,5.300970e-07,1.121011e+01
6.018667e+00,5.324667e+04,3.086144e+04,2.238524e+04,5.119181e-07,1.121779e+01
6.043333e+00,5.104249e+04,3.029317e+04,2.074932e+04,4.948340e-07,1.122298e+01
6.068000e+00,4.897754e+04,2.964973e+04,1.932782e+04,4.789120e-07,1.121417e+01
6.092667e+00,4.704529e+04,2.898163e+04,1.806365e+04,4.639410e-07,1.118441e+01
6.117333e+00,4.523662e+04,2.831873e+04,1.691790e+04,4.496659e-07,1.113622e+01
6.142000e+00,4.354183e+04,2.767981e+04,1.586202e+04,4.359139e-07,1.107185e+01
6.166667e+00,4.195134e+04,2.707407e+04,1.487726e+04,4.225581e-07,1.099452e+01
6.191333e+00,4.045643e+04,2.650421e+04,1.395222e+04,4.095162e-07,1.090854e+01
6.216000e+00,3.904894e+04,2.597132e+04,1.307761e+04,3.967175e-07,1.081181e+01
6.240667e+00,3.772132e+04,2.547635e+04,1.224497e+04,3.841084e-07,1.070402e+01
6.265333e+00,3.646674e+04,2.501861e+04,1.144813e+04,3.716376e-07,1.058652e+01
6.290000e+00,3.527937e+04,2.459456e+04,1.068482e+04,3.592781e-07,1.046402e+01
6.314667e+00,3.415392e+04,2.420209e+04,9.951834e+03,3.470040e-07,1.033201e+01
6.339333e+00,3.308559e+04,2.383949e+04,9.246104e+03,3.347927e-07,1.019067e+01
6.364000e+00,3.207023e+04,2.350445e+04,8.565784e+03,3.226235e-07,1.004031e+01
6.388667e+00,3.110425e+04,2.319316e+04,7.911091e+03,3.104817e-07,9.884626e+00
6.413333e+00,3.018441e+04,2.290411e+04,7.280302e+03,2.983546e-07,9.717565e+00
6.438000e+00,2.930776e+04,2.263544e+04,6.672319e+03,2.862276e-07,9.541506e+00
6.462667e+00,2.847208e+04,2.238372e+04,6.088358e+03,2.741117e-07,9.357562e+00
6.487333e+00,2.767513e+04,2.214654e+04,5.528590e+03,2.619815e-07,9.161004e+00
6.512000e+00,2.691491e+04,2.192328e+04,4.991639e+03,2.498274e-07,8.955544e+00
6.536667e+00,2.619002e+04,2.171065e+04,4.479372e+03,2.376696e-07,8.737089e+00
6.561333e+00,2.549898e+04,2.150747e+04,3.991508e+03,2.254881e-07,8.502652e+00
6.586000e+00,2.484051e+04,2.131173e+04,3.528775e+03,2.132672e-07,8.256449e+00
6.610667e+00,2.421358e+04,2.112224e+04,3.091332e+03,2.010122e-07,7.994441e+00
6.635333e+00,2.361745e+04,2.093671e+04,2.680742e+03,1.887384e-07,7.712619e+00
6.660000e+00,2.305140e+04,2.075387e+04,2.297537e+03,1.764318e-07,7.409151e+00
6.684667e+00,2.251471e+04,2.057268e+04,1.942032e+03,1.640730e-07,7.085977e+00
6.709333e+00,2.200734e+04,2.038386e+04,1.623482e+03,1.525190e-07,6.914573e+00
6.734000e+00,2.153006e+04,2.015107e+04,1.378991e+03,1.430301e-07,6.871865e+00
6.758667e+00,2.107923e+04,1.989174e+04,1.187481e+03,1.348090e-07,6.813286e+00
6.783333e+00,2.065196e+04,1.962090e+04,1.031061e+03,1.273873e-07,6.711293e+00
6.808000e+00,2.024623e+04,1.934782e+04,8.984077e+02,1.204946e-07,6.576093e+00
6.832667e+00,1.986054e+04,1.907726e+04,7.832768e+02,1.139762e-07,6.413146e+00
6.857333e+00,1.949359e+04,1.881206e+04,6.815330e+02,1.077139e-07,6.224961e+00
6.882000e+00,1.914430e+04,1.855379e+04,5.905090e+02,1.016312e-07,6.020006e+00
6.906667e+00,1.881173e+04,1.830298e+04,5.087481e+02,9.569110e-08,5.793314e+00
6.931333e+00,1.849502e+04,1.806013e+04,4.348990e+02,8.984475e-08,5.542021e+00
6.956000e+00,1.819338e+04,1.782528e+04,3.681015e+02,8.405335e-08,5.275713e+00
6.980667e+00,1.790683e+04,1.759365e+04,3.131771e+02,7.875198e-08,5.440444e+00
7.005333e+00,1.763632e+04,1.735618e+04,2.801432e+02,7.500955e-08,5.832626e+00
7.030000e+00,1.738022e+04,1.712040e+04,2.598235e+02,7.229201e-08,6.262521e+00
7.054667e+00,1.713723e+04,1.689052e+04,2.467084e+02,7.019768e-08,6.683457e+00
7.079333e+00,1.690635e+04,1.666846e+04,2.378973e+02,6.849572e-08,7.102973e+00
7.104000e+00,1.668682e+04,1.645495e+04,2.318722e+02,6.705403e-08,7.529569e+00
7.128667e+00,1.647794e+04,1.625021e+04,2.277349e+02,6.578733e-08,7.974709e+00
7.153333e+00,1.627912e+04,1.605420e+04,2.249173e+02,6.463892e-08,8.450568e+00
7.178000e+00,1.608979e+04,1.586677e+04,2.230225e+02,6.357241e-08,8.959224e+00
7.202667e+00,1.590947e+04,1.568769e+04,2.217813e+02,6.256016e-08,9.509228e+00
7.227333e+00,1.573769e+04,1.551668e+04,2.210130e+02,6.157907e-08,1.013050e+01
7.252000e+00,1.557408e+04,1.535319e+04,2.208874e+02,6.064339e-08,5.892080e+01
7.276667e+00,1.541818e+04,1.519729e+04,2.208877e+02,5.970623e-08,9.624409e+01
7.301333e+00,1.526964e+04,1.504877e+04,2.208747e+02,5.875428e-08,9.946431e+01
7.326000e+00,1.512814e+04,1.490725e+04,2.208879e+02,5.778376e-08,1.028236e+02
7.350667e+00,1.499334e+04,1.477245e+04,2.208887e+02,5.679477e-08,1.063323e+02
7.375333e+00,1.486498e+04,1.464409e+04,2.208888e+02,5.578937e-08,1.099977e+02
7.400000e+00,1.474279e+04,1.452085e+04,2.219412e+02,5.485388e-08,1.136526e+02
