0.0,4.0,1.8,4.0,1.8,4.0,1.8,4.0,1.8,4.0,1.8
0.006015037593984964,3.97593984962406,1.798796992481203,3.9528421052631577,1.778778947368421,3.9528421052631577,1.778778947368421,3.9528421052631577,1.778778947368421,3.9528421052631577,1.778778947368421
0.012030075187969927,3.95187969924812,1.7975939849624059,3.9056842105263154,1.757557894736842,3.9056842105263154,1.757557894736842,3.9056842105263154,1.757557894736842,3.9056842105263154,1.757557894736842
0.01804511278195489,3.9278195488721805,1.796390977443609,3.858526315789474,1.7363368421052632,3.858526315789474,1.7363368421052632,3.858526315789474,1.7363368421052632,3.858526315789474,1.7363368421052632
0.024060150375939855,3.903759398496241,1.795187969924812,3.8113684210526317,1.7151157894736841,3.8113684210526317,1.7151157894736841,3.8113684210526317,1.7151157894736841,3.8113684210526317,1.7151157894736841
0.030075187969924817,3.8796992481203008,1.793984962406015,3.7642105263157895,1.6938947368421051,3.7642105263157895,1.6938947368421051,3.7642105263157895,1.6938947368421051,3.7642105263157895,1.6938947368421051
0.03609022556390978,3.8556390977443606,1.792781954887218,3.717052631578947,1.6726736842105263,3.717052631578947,1.6726736842105263,3.717052631578947,1.6726736842105263,3.717052631578947,1.6726736842105263
0.04210526315789474,3.831578947368421,1.7915789473684212,3.6698947368421053,1.6514526315789475,3.6698947368421053,1.6514526315789475,3.6698947368421053,1.6514526315789475,3.6698947368421053,1.6514526315789475
0.04812030075187971,3.807518796992481,1.7903759398496242,3.622736842105263,1.6302315789473685,3.622736842105263,1.6302315789473685,3.622736842105263,1.6302315789473685,3.622736842105263,1.6302315789473685
0.05413533834586467,3.7834586466165416,1.7891729323308272,3.575578947368421,1.6090105263157897,3.575578947368421,1.6090105263157897,3.575578947368421,1.6090105263157897,3.575578947368421,1.6090105263157897
0.060150375939849635,3.7593984962406015,1.7879699248120302,3.528421052631579,1.5877894736842106,3.528421052631579,1.5877894736842106,3.528421052631579,1.5877894736842106,3.528421052631579,1.5877894736842106
0.0661654135338346,3.735338345864662,1.7867669172932332,3.4812631578947366,1.5665684210526316,3.4812631578947366,1.5665684210526316,3.4812631578947366,1.5665684210526316,3.4812631578947366,1.5665684210526316
0.07218045112781955,3.7112781954887217,1.785563909774436,3.4341052631578948,1.5453473684210526,3.4341052631578948,1.5453473684210526,3.4341052631578948,1.5453473684210526,3.4341052631578948,1.5453473684210526
0.07819548872180453,3.6872180451127816,1.784360902255639,3.3869473684210525,1.5241263157894736,3.3869473684210525,1.5241263157894736,3.3869473684210525,1.5241263157894736,3.3869473684210525,1.5241263157894736
0.08421052631578949,3.663157894736842,1.783157894736842,3.33978947368421,1.5029052631578945,3.33978947368421,1.5029052631578945,3.33978947368421,1.5029052631578945,3.33978947368421,1.5029052631578945
0.09022556390977444,3.6390977443609023,1.781954887218045,3.2926315789473684,1.4816842105263157,3.2926315789473684,1.4816842105263157,3.2926315789473684,1.4816842105263157,3.2926315789473684,1.4816842105263157
0.09624060150375942,3.6150375939849626,1.780751879699248,3.245473684210526,1.460463157894737,3.245473684210526,1.460463157894737,3.245473684210526,1.460463157894737,3.245473684210526,1.460463157894737
0.10225563909774438,3.5909774436090225,1.779548872180451,3.1983157894736842,1.4392421052631579,3.1983157894736842,1.4392421052631579,3.1983157894736842,1.4392421052631579,3.1983157894736842,1.4392421052631579
0.10827067669172934,3.5669172932330824,1.7783458646616541,3.151157894736842,1.4180210526315788,3.151157894736842,1.4180210526315788,3.151157894736842,1.4180210526315788,3.151157894736842,1.4180210526315788
0.1142857142857143,3.5428571428571427,1.7771428571428571,3.1039999999999996,1.3968,3.1039999999999996,1.3968,3.1039999999999996,1.3968,3.1039999999999996,1.3968
0.12030075187969927,3.518796992481203,1.7759398496240604,3.056842105263158,1.3755789473684212,3.056842105263158,1.3755789473684212,3.056842105263158,1.3755789473684212,3.056842105263158,1.3755789473684212
0.12631578947368424,3.494736842105263,1.7747368421052632,3.0096842105263155,1.354357894736842,3.0096842105263155,1.354357894736842,3.0096842105263155,1.354357894736842,3.0096842105263155,1.354357894736842
0.1323308270676692,3.4706766917293232,1.7735338345864662,2.9625263157894737,1.3331368421052632,2.9625263157894737,1.3331368421052632,2.9625263157894737,1.3331368421052632,2.9625263157894737,1.3331368421052632
0.13834586466165416,3.446616541353383,1.7723308270676692,2.9153684210526314,1.3119157894736841,2.9153684210526314,1.3119157894736841,2.9153684210526314,1.3119157894736841,2.9153684210526314,1.3119157894736841
0.1443609022556391,3.4225563909774435,1.7711278195488722,2.868210526315789,1.2906947368421051,2.868210526315789,1.2906947368421051,2.868210526315789,1.2906947368421051,2.868210526315789,1.2906947368421051
0.15037593984962408,3.398496240601504,1.7699248120300752,2.8210526315789473,1.2694736842105263,2.8210526315789473,1.2694736842105263,2.8210526315789473,1.2694736842105263,2.8210526315789473,1.2694736842105263
0.15639097744360905,3.3744360902255637,1.768721804511278,2.773894736842105,1.248252631578947,2.773894736842105,1.248252631578947,2.773894736842105,1.248252631578947,2.773894736842105,1.248252631578947
0.162406015037594,3.350375939849624,1.7675187969924813,2.726736842105263,1.2270315789473685,2.726736842105263,1.2270315789473685,2.726736842105263,1.2270315789473685,2.726736842105263,1.2270315789473685
0.16842105263157897,3.326315789473684,1.7663157894736843,2.679578947368421,1.2058105263157894,2.679578947368421,1.2058105263157894,2.679578947368421,1.2058105263157894,2.679578947368421,1.2058105263157894
0.17443609022556394,3.302255639097744,1.7651127819548873,2.6324210526315786,1.1845894736842104,2.6324210526315786,1.1845894736842104,2.6324210526315786,1.1845894736842104,2.6324210526315786,1.1845894736842104
0.1804511278195489,3.2781954887218046,1.7639097744360903,2.5852631578947367,1.1633684210526316,2.5852631578947367,1.1633684210526316,2.5852631578947367,1.1633684210526316,2.5852631578947367,1.1633684210526316
0.18646616541353386,3.2541353383458644,1.7627067669172933,2.5381052631578944,1.1421473684210526,2.5381052631578944,1.1421473684210526,2.5381052631578944,1.1421473684210526,2.5381052631578944,1.1421473684210526
0.19248120300751884,3.2300751879699248,1.7615037593984963,2.4909473684210526,1.1209263157894738,2.4909473684210526,1.1209263157894738,2.4909473684210526,1.1209263157894738,2.4909473684210526,1.1209263157894738
0.19849624060150378,3.2060150375939847,1.7603007518796994,2.4437894736842103,1.0997052631578947,2.4437894736842103,1.0997052631578947,2.4437894736842103,1.0997052631578947,2.4437894736842103,1.0997052631578947
0.20451127819548875,3.181954887218045,1.7590977443609024,2.396631578947368,1.0784842105263157,2.396631578947368,1.0784842105263157,2.396631578947368,1.0784842105263157,2.396631578947368,1.0784842105263157
0.21052631578947373,3.1578947368421053,1.7578947368421054,2.349473684210526,1.0572631578947367,2.349473684210526,1.0572631578947367,2.349473684210526,1.0572631578947367,2.349473684210526,1.0572631578947367
0.21654135338345867,3.133834586466165,1.7566917293233082,2.302315789473684,1.0360421052631577,2.302315789473684,1.0360421052631577,2.302315789473684,1.0360421052631577,2.302315789473684,1.0360421052631577
0.22255639097744365,3.1097744360902255,1.7554887218045114,2.255157894736842,1.014821052631579,2.255157894736842,1.014821052631579,2.255157894736842,1.014821052631579,2.255157894736842,1.014821052631579
0.2285714285714286,3.0857142857142854,1.7542857142857144,2.2079999999999997,0.9935999999999999,2.2079999999999997,0.9935999999999999,2.2079999999999997,0.9935999999999999,2.2079999999999997,0.9935999999999999
0.23458646616541357,3.0616541353383457,1.7530827067669172,2.1608421052631575,0.9723789473684209,2.1608421052631575,0.9723789473684209,2.1608421052631575,0.9723789473684209,2.1608421052631575,0.9723789473684209
0.24060150375939854,3.037593984962406,1.7518796992481203,2.1136842105263156,0.951157894736842,2.1136842105263156,0.951157894736842,2.1136842105263156,0.951157894736842,2.1136842105263156,0.951157894736842
0.24661654135338348,3.013533834586466,1.7506766917293233,2.0665263157894733,0.9299368421052631,2.0665263157894733,0.9299368421052631,2.0665263157894733,0.9299368421052631,2.0665263157894733,0.9299368421052631
0.2526315789473685,2.989473684210526,1.7494736842105263,2.019368421052631,0.908715789473684,2.019368421052631,0.908715789473684,2.019368421052631,0.908715789473684,2.019368421052631,0.908715789473684
0.2586466165413534,2.965413533834586,1.7482706766917293,1.9722105263157894,0.8874947368421052,1.9722105263157894,0.8874947368421052,1.9722105263157894,0.8874947368421052,1.9722105263157894,0.8874947368421052
0.2646616541353384,2.9413533834586465,1.7470676691729323,1.9250526315789471,0.8662736842105262,1.9250526315789471,0.8662736842105262,1.9250526315789471,0.8662736842105262,1.9250526315789471,0.8662736842105262
0.27067669172932335,2.917293233082707,1.7458646616541353,1.8778947368421048,0.8450526315789473,1.8778947368421048,0.8450526315789473,1.8778947368421048,0.8450526315789473,1.8778947368421048,0.8450526315789473
0.2766917293233083,2.8932330827067667,1.7446616541353381,1.8307368421052628,0.8238315789473682,1.8307368421052628,0.8238315789473682,1.8307368421052628,0.8238315789473682,1.8307368421052628,0.8238315789473682
0.2827067669172933,2.8691729323308266,1.7434586466165414,1.7835789473684205,0.8026105263157893,1.7835789473684205,0.8026105263157893,1.7835789473684205,0.8026105263157893,1.7835789473684205,0.8026105263157893
0.2887218045112782,2.845112781954887,1.7422556390977444,1.7364210526315789,0.7813894736842105,1.7364210526315789,0.7813894736842105,1.7364210526315789,0.7813894736842105,1.7364210526315789,0.7813894736842105
0.2947368421052632,2.8210526315789473,1.7410526315789474,1.6892631578947366,0.7601684210526315,1.6892631578947366,0.7601684210526315,1.6892631578947366,0.7601684210526315,1.6892631578947366,0.7601684210526315
0.30075187969924816,2.7969924812030076,1.7398496240601504,1.6421052631578945,0.7389473684210526,1.6421052631578945,0.7389473684210526,1.6421052631578945,0.7389473684210526,1.6421052631578945,0.7389473684210526
0.30676691729323313,2.7729323308270675,1.7386466165413534,1.5949473684210522,0.7177263157894735,1.5949473684210522,0.7177263157894735,1.5949473684210522,0.7177263157894735,1.5949473684210522,0.7177263157894735
0.3127819548872181,2.7488721804511274,1.7374436090225562,1.5477894736842102,0.6965052631578945,1.5477894736842102,0.6965052631578945,1.5477894736842102,0.6965052631578945,1.5477894736842102,0.6965052631578945
0.3187969924812031,2.7248120300751877,1.7362406015037593,1.5006315789473679,0.6752842105263156,1.5006315789473679,0.6752842105263156,1.5006315789473679,0.6752842105263156,1.5006315789473679,0.6752842105263156
0.324812030075188,2.700751879699248,1.7350375939849623,1.453473684210526,0.6540631578947368,1.453473684210526,0.6540631578947368,1.453473684210526,0.6540631578947368,1.453473684210526,0.6540631578947368
0.33082706766917297,2.6766917293233083,1.7338345864661653,1.406315789473684,0.6328421052631578,1.406315789473684,0.6328421052631578,1.406315789473684,0.6328421052631578,1.406315789473684,0.6328421052631578
0.33684210526315794,2.6526315789473682,1.7326315789473683,1.3591578947368417,0.6116210526315788,1.3591578947368417,0.6116210526315788,1.3591578947368417,0.6116210526315788,1.3591578947368417,0.6116210526315788
0.3428571428571429,2.628571428571428,1.7314285714285713,1.3119999999999996,0.5903999999999998,1.3119999999999996,0.5903999999999998,1.3119999999999996,0.5903999999999998,1.3119999999999996,0.5903999999999998
0.3488721804511279,2.6045112781954884,1.7302255639097743,1.2648421052631573,0.5691789473684208,1.2648421052631573,0.5691789473684208,1.2648421052631573,0.5691789473684208,1.2648421052631573,0.5691789473684208
0.35488721804511286,2.5804511278195488,1.7290225563909776,1.2176842105263153,0.5479578947368419,1.2176842105263153,0.5479578947368419,1.2176842105263153,0.5479578947368419,1.2176842105263153,0.5479578947368419
0.3609022556390978,2.556390977443609,1.7278195488721806,1.1705263157894734,0.5267368421052631,1.1705263157894734,0.5267368421052631,1.1705263157894734,0.5267368421052631,1.1705263157894734,0.5267368421052631
0.36691729323308275,2.532330827067669,1.7266165413533834,1.1233684210526311,0.505515789473684,1.1233684210526311,0.505515789473684,1.1233684210526311,0.505515789473684,1.1233684210526311,0.505515789473684
0.3729323308270677,2.508270676691729,1.7254135338345864,1.076210526315789,0.4842947368421051,1.076210526315789,0.4842947368421051,1.076210526315789,0.4842947368421051,1.076210526315789,0.4842947368421051
0.3789473684210527,2.484210526315789,1.7242105263157894,1.0290526315789468,0.4630736842105261,1.0290526315789468,0.4630736842105261,1.0290526315789468,0.4630736842105261,1.0290526315789468,0.4630736842105261
0.3849624060150377,2.4601503759398495,1.7230075187969924,0.9818947368421046,0.4418526315789471,0.9818947368421046,0.4418526315789471,0.9818947368421046,0.4418526315789471,0.9818947368421046,0.4418526315789471
0.3909774436090226,2.43609022556391,1.7218045112781954,0.9347368421052629,0.42063157894736836,0.9347368421052629,0.42063157894736836,0.9347368421052629,0.42063157894736836,0.9347368421052629,0.42063157894736836
0.39699248120300756,2.4120300751879697,1.7206015037593985,0.8875789473684207,0.3994105263157893,0.8875789473684207,0.3994105263157893,0.8875789473684207,0.3994105263157893,0.8875789473684207,0.3994105263157893
0.40300751879699254,2.3879699248120296,1.7193984962406015,0.8404210526315785,0.3781894736842103,0.8404210526315785,0.3781894736842103,0.8404210526315785,0.3781894736842103,0.8404210526315785,0.3781894736842103
0.4090225563909775,2.36390977443609,1.7181954887218045,0.7932631578947363,0.3569684210526314,0.7932631578947363,0.3569684210526314,0.7932631578947363,0.3569684210526314,0.7932631578947363,0.3569684210526314
0.4150375939849625,2.3398496240601503,1.7169924812030075,0.7461052631578942,0.33574736842105235,0.7461052631578942,0.33574736842105235,0.7461052631578942,0.33574736842105235,0.7461052631578942,0.33574736842105235
0.42105263157894746,2.31578947368421,1.7157894736842105,0.698947368421052,0.31452631578947343,0.698947368421052,0.31452631578947343,0.698947368421052,0.31452631578947343,0.698947368421052,0.31452631578947343
0.4270676691729324,2.2917293233082705,1.7145864661654135,0.6517894736842103,0.2933052631578946,0.6517894736842103,0.2933052631578946,0.6517894736842103,0.2933052631578946,0.6517894736842103,0.2933052631578946
0.43308270676691735,2.2676691729323304,1.7133834586466166,0.604631578947368,0.2720842105263156,0.604631578947368,0.2720842105263156,0.604631578947368,0.2720842105263156,0.604631578947368,0.2720842105263156
0.4390977443609023,2.2436090225563907,1.7121804511278196,0.5574736842105258,0.2508631578947366,0.5574736842105258,0.2508631578947366,0.5574736842105258,0.2508631578947366,0.5574736842105258,0.2508631578947366
0.4451127819548873,2.219548872180451,1.7109774436090226,0.5103157894736836,0.22964210526315762,0.5103157894736836,0.22964210526315762,0.5103157894736836,0.22964210526315762,0.5103157894736836,0.22964210526315762
0.45112781954887227,2.195488721804511,1.7097744360902256,0.46315789473684144,0.20842105263157865,0.46315789473684144,0.20842105263157865,0.46315789473684144,0.20842105263157865,0.46315789473684144,0.20842105263157865
0.4571428571428572,2.1714285714285713,1.7085714285714286,0.4159999999999997,0.18719999999999987,0.4159999999999997,0.18719999999999987,0.4159999999999997,0.18719999999999987,0.4159999999999997,0.18719999999999987
0.46315789473684216,2.147368421052631,1.7073684210526314,0.36884210526315747,0.1659789473684209,0.36884210526315747,0.1659789473684209,0.36884210526315747,0.1659789473684209,0.36884210526315747,0.1659789473684209
0.46917293233082713,2.1233082706766915,1.7061654135338344,0.3216842105263153,0.1447578947368419,0.3216842105263153,0.1447578947368419,0.3216842105263153,0.1447578947368419,0.3216842105263153,0.1447578947368419
0.4751879699248121,2.099248120300752,1.7049624060150375,0.2745263157894731,0.1235368421052629,0.2745263157894731,0.1235368421052629,0.2745263157894731,0.1235368421052629,0.2745263157894731,0.1235368421052629
0.4812030075187971,2.0751879699248117,1.7037593984962405,0.22736842105263091,0.10231578947368392,0.22736842105263091,0.10231578947368392,0.22736842105263091,0.10231578947368392,0.22736842105263091,0.10231578947368392
0.48721804511278205,2.0511278195488716,1.7025563909774437,0.1802105263157887,0.08109473684210494,0.1802105263157887,0.08109473684210494,0.1802105263157887,0.08109473684210494,0.1802105263157887,0.08109473684210494
0.49323308270676697,2.027067669172932,1.7013533834586467,0.13305263157894698,0.05987368421052614,0.13305263157894698,0.05987368421052614,0.13305263157894698,0.05987368421052614,0.13305263157894698,0.05987368421052614
0.49924812030075194,2.0030075187969922,1.7001503759398497,0.08589473684210479,0.038652631578947154,0.08589473684210479,0.038652631578947154,0.08589473684210479,0.038652631578947154,0.08589473684210479,0.038652631578947154
0.505263157894737,1.9868421052631575,1.6986842105263156,0.0794736842105263,0.03597213622291022,0.0794736842105263,0.03597213622291022,0.0794736842105263,0.03597213622291022,0.0794736842105263,0.03597213622291022
0.5112781954887219,1.9718045112781952,1.6971804511278195,0.0788721804511278,0.03594029190623618,0.0788721804511278,0.03594029190623618,0.0788721804511278,0.03594029190623618,0.0788721804511278,0.03594029190623618
0.5172932330827068,1.956766917293233,1.6956766917293231,0.07827067669172931,0.03590844758956214,0.07827067669172931,0.03590844758956214,0.07827067669172931,0.03590844758956214,0.07827067669172931,0.03590844758956214
0.5233082706766918,1.9417293233082704,1.694172932330827,0.07766917293233082,0.03587660327288811,0.07766917293233082,0.03587660327288811,0.07766917293233082,0.03587660327288811,0.07766917293233082,0.03587660327288811
0.5293233082706768,1.9266917293233081,1.6926691729323309,0.07706766917293233,0.03584475895621407,0.07706766917293233,0.03584475895621407,0.07706766917293233,0.03584475895621407,0.07706766917293233,0.03584475895621407
0.5353383458646618,1.9116541353383454,1.6911654135338343,0.07646616541353382,0.03581291463954003,0.07646616541353382,0.03581291463954003,0.07646616541353382,0.03581291463954003,0.07646616541353382,0.03581291463954003
0.5413533834586467,1.896616541353383,1.6896616541353382,0.07586466165413533,0.035781070322865996,0.07586466165413533,0.035781070322865996,0.07586466165413533,0.035781070322865996,0.07586466165413533,0.035781070322865996
0.5473684210526316,1.8815789473684208,1.6881578947368419,0.07526315789473684,0.03574922600619195,0.07526315789473684,0.03574922600619195,0.07526315789473684,0.03574922600619195,0.07526315789473684,0.03574922600619195
0.5533834586466166,1.8665413533834585,1.6866541353383457,0.07466165413533835,0.035717381689517914,0.07466165413533835,0.035717381689517914,0.07466165413533835,0.035717381689517914,0.07466165413533835,0.035717381689517914
0.5593984962406016,1.8515037593984962,1.6851503759398496,0.07406015037593985,0.035685537372843884,0.07406015037593985,0.035685537372843884,0.07406015037593985,0.035685537372843884,0.07406015037593985,0.035685537372843884
0.5654135338345866,1.8364661654135335,1.6836466165413533,0.07345864661654133,0.03565369305616984,0.07345864661654133,0.03565369305616984,0.07345864661654133,0.03565369305616984,0.07345864661654133,0.03565369305616984
0.5714285714285715,1.8214285714285712,1.682142857142857,0.07285714285714284,0.0356218487394958,0.07285714285714284,0.0356218487394958,0.07285714285714284,0.0356218487394958,0.07285714285714284,0.0356218487394958
0.5774436090225564,1.8063909774436089,1.6806390977443608,0.07225563909774436,0.035590004422821765,0.07225563909774436,0.035590004422821765,0.07225563909774436,0.035590004422821765,0.07225563909774436,0.035590004422821765
0.5834586466165415,1.7913533834586464,1.6791353383458647,0.07165413533834586,0.03555816010614773,0.07165413533834586,0.03555816010614773,0.07165413533834586,0.03555816010614773,0.07165413533834586,0.03555816010614773
0.5894736842105264,1.776315789473684,1.6776315789473686,0.07105263157894737,0.03552631578947369,0.07105263157894737,0.03552631578947369,0.07105263157894737,0.03552631578947369,0.07105263157894737,0.03552631578947369
0.5954887218045114,1.7612781954887216,1.676127819548872,0.07045112781954886,0.035494471472799646,0.07045112781954886,0.035494471472799646,0.07045112781954886,0.035494471472799646,0.07045112781954886,0.035494471472799646
0.6015037593984963,1.746240601503759,1.674624060150376,0.06984962406015037,0.035462627156125616,0.06984962406015037,0.035462627156125616,0.06984962406015037,0.035462627156125616,0.06984962406015037,0.035462627156125616
0.6075187969924813,1.7312030075187965,1.6731203007518793,0.06924812030075186,0.03543078283945157,0.06924812030075186,0.03543078283945157,0.06924812030075186,0.03543078283945157,0.06924812030075186,0.03543078283945157
0.6135338345864663,1.7161654135338342,1.6716165413533832,0.06864661654135337,0.035398938522777534,0.06864661654135337,0.035398938522777534,0.06864661654135337,0.035398938522777534,0.06864661654135337,0.035398938522777534
0.6195488721804512,1.701127819548872,1.670112781954887,0.06804511278195488,0.0353670942061035,0.06804511278195488,0.0353670942061035,0.06804511278195488,0.0353670942061035,0.06804511278195488,0.0353670942061035
0.6255639097744362,1.6860902255639094,1.668609022556391,0.06744360902255638,0.03533524988942946,0.06744360902255638,0.03533524988942946,0.06744360902255638,0.03533524988942946,0.06744360902255638,0.03533524988942946
0.6315789473684211,1.6710526315789471,1.6671052631578949,0.06684210526315788,0.03530340557275542,0.06684210526315788,0.03530340557275542,0.06684210526315788,0.03530340557275542,0.06684210526315788,0.03530340557275542
0.6375939849624062,1.6560150375939846,1.6656015037593987,0.06624060150375939,0.035271561256081385,0.06624060150375939,0.035271561256081385,0.06624060150375939,0.035271561256081385,0.06624060150375939,0.035271561256081385
0.6436090225563911,1.6409774436090223,1.6640977443609022,0.0656390977443609,0.03523971693940735,0.0656390977443609,0.03523971693940735,0.0656390977443609,0.03523971693940735,0.0656390977443609,0.03523971693940735
0.649624060150376,1.62593984962406,1.662593984962406,0.06503759398496241,0.03520787262273331,0.06503759398496241,0.03520787262273331,0.06503759398496241,0.03520787262273331,0.06503759398496241,0.03520787262273331
0.655639097744361,1.6109022556390973,1.6610902255639097,0.06443609022556389,0.035176028306059266,0.06443609022556389,0.035176028306059266,0.06443609022556389,0.035176028306059266,0.06443609022556389,0.035176028306059266
0.6616541353383459,1.595864661654135,1.6595864661654134,0.0638345864661654,0.03514418398938523,0.0638345864661654,0.03514418398938523,0.0638345864661654,0.03514418398938523,0.0638345864661654,0.03514418398938523
0.667669172932331,1.5808270676691725,1.6580827067669173,0.0632330827067669,0.03511233967271119,0.0632330827067669,0.03511233967271119,0.0632330827067669,0.03511233967271119,0.0632330827067669,0.03511233967271119
0.6736842105263159,1.5657894736842102,1.6565789473684212,0.06263157894736841,0.035080495356037154,0.06263157894736841,0.035080495356037154,0.06263157894736841,0.035080495356037154,0.06263157894736841,0.035080495356037154
0.6796992481203008,1.5507518796992479,1.6550751879699248,0.06203007518796992,0.03504865103936312,0.06203007518796992,0.03504865103936312,0.06203007518796992,0.03504865103936312,0.06203007518796992,0.03504865103936312
0.6857142857142858,1.5357142857142854,1.6535714285714287,0.061428571428571416,0.03501680672268908,0.061428571428571416,0.03501680672268908,0.061428571428571416,0.03501680672268908,0.061428571428571416,0.03501680672268908
0.6917293233082707,1.520676691729323,1.6520676691729324,0.060827067669172924,0.03498496240601504,0.060827067669172924,0.03498496240601504,0.060827067669172924,0.03498496240601504,0.060827067669172924,0.03498496240601504
0.6977443609022558,1.5056390977443606,1.650563909774436,0.06022556390977442,0.034953118089341,0.06022556390977442,0.034953118089341,0.06022556390977442,0.034953118089341,0.06022556390977442,0.034953118089341
0.7037593984962407,1.490601503759398,1.64906015037594,0.05962406015037593,0.03492127377266696,0.05962406015037593,0.03492127377266696,0.05962406015037593,0.03492127377266696,0.05962406015037593,0.03492127377266696
0.7097744360902257,1.4755639097744355,1.6475563909774436,0.05902255639097742,0.034889429455992924,0.05902255639097742,0.034889429455992924,0.05902255639097742,0.034889429455992924,0.05902255639097742,0.034889429455992924
0.7157894736842106,1.4605263157894732,1.6460526315789474,0.05842105263157893,0.034857585139318886,0.05842105263157893,0.034857585139318886,0.05842105263157893,0.034857585139318886,0.05842105263157893,0.034857585139318886
0.7218045112781956,1.445488721804511,1.644548872180451,0.05781954887218044,0.03482574082264485,0.05781954887218044,0.03482574082264485,0.05781954887218044,0.03482574082264485,0.05781954887218044,0.03482574082264485
0.7278195488721806,1.4304511278195484,1.6430451127819548,0.05721804511278194,0.03479389650597081,0.05721804511278194,0.03479389650597081,0.05721804511278194,0.03479389650597081,0.05721804511278194,0.03479389650597081
0.7338345864661655,1.4154135338345861,1.6415413533834586,0.05661654135338345,0.034762052189296774,0.05661654135338345,0.034762052189296774,0.05661654135338345,0.034762052189296774,0.05661654135338345,0.034762052189296774
0.7398496240601505,1.4003759398496234,1.6400375939849625,0.05601503759398494,0.03473020787262274,0.05601503759398494,0.03473020787262274,0.05601503759398494,0.03473020787262274,0.05601503759398494,0.03473020787262274
0.7458646616541355,1.3853383458646613,1.6385338345864662,0.05541353383458645,0.0346983635559487,0.05541353383458645,0.0346983635559487,0.05541353383458645,0.0346983635559487,0.05541353383458645,0.0346983635559487
0.7518796992481204,1.3703007518796988,1.6370300751879698,0.05481203007518796,0.03466651923927466,0.05481203007518796,0.03466651923927466,0.05481203007518796,0.03466651923927466,0.05481203007518796,0.03466651923927466
0.7578947368421054,1.3552631578947363,1.6355263157894737,0.05421052631578946,0.034634674922600625,0.05421052631578946,0.034634674922600625,0.05421052631578946,0.034634674922600625,0.05421052631578946,0.034634674922600625
0.7639097744360903,1.3402255639097742,1.6340225563909776,0.05360902255639097,0.03460283060592659,0.05360902255639097,0.03460283060592659,0.05360902255639097,0.03460283060592659,0.05360902255639097,0.03460283060592659
0.7699248120300753,1.3251879699248115,1.632518796992481,0.05300751879699246,0.03457098628925255,0.05300751879699246,0.03457098628925255,0.05300751879699246,0.03457098628925255,0.05300751879699246,0.03457098628925255
0.7759398496240603,1.3101503759398492,1.631015037593985,0.05240601503759397,0.034539141972578506,0.05240601503759397,0.034539141972578506,0.05240601503759397,0.034539141972578506,0.05240601503759397,0.034539141972578506
0.7819548872180452,1.2951127819548869,1.6295112781954886,0.05180451127819548,0.03450729765590447,0.05180451127819548,0.03450729765590447,0.05180451127819548,0.03450729765590447,0.05180451127819548,0.03450729765590447
0.7879699248120302,1.2800751879699244,1.6280075187969925,0.05120300751879697,0.03447545333923043,0.05120300751879697,0.03447545333923043,0.05120300751879697,0.03447545333923043,0.05120300751879697,0.03447545333923043
0.7939849624060151,1.265037593984962,1.6265037593984961,0.05060150375939848,0.034443609022556394,0.05060150375939848,0.034443609022556394,0.05060150375939848,0.034443609022556394,0.05060150375939848,0.034443609022556394
0.8000000000000002,1.2499999999999996,1.625,0.049999999999999975,0.03441176470588235,0.049999999999999975,0.03441176470588235,0.049999999999999975,0.03441176470588235,0.049999999999999975,0.03441176470588235
0.8060150375939851,1.234962406015037,1.6234962406015039,0.04939849624060148,0.03437992038920832,0.04939849624060148,0.03437992038920832,0.04939849624060148,0.03437992038920832,0.04939849624060148,0.03437992038920832
0.81203007518797,1.219924812030075,1.6219924812030078,0.04879699248120299,0.03434807607253428,0.04879699248120299,0.03434807607253428,0.04879699248120299,0.03434807607253428,0.04879699248120299,0.03434807607253428
0.818045112781955,1.2048872180451122,1.6204887218045112,0.048195488721804486,0.034316231755860245,0.048195488721804486,0.034316231755860245,0.048195488721804486,0.034316231755860245,0.048195488721804486,0.034316231755860245
0.8240601503759399,1.18984962406015,1.618984962406015,0.047593984962405994,0.0342843874391862,0.047593984962405994,0.0342843874391862,0.047593984962405994,0.0342843874391862,0.047593984962405994,0.0342843874391862
0.830075187969925,1.1748120300751874,1.617481203007519,0.0469924812030075,0.034252543122512163,0.0469924812030075,0.034252543122512163,0.0469924812030075,0.034252543122512163,0.0469924812030075,0.034252543122512163
0.8360902255639099,1.1597744360902251,1.6159774436090226,0.04639097744360901,0.034220698805838126,0.04639097744360901,0.034220698805838126,0.04639097744360901,0.034220698805838126,0.04639097744360901,0.034220698805838126
0.8421052631578949,1.1447368421052624,1.6144736842105263,0.045789473684210505,0.03418885448916409,0.045789473684210505,0.03418885448916409,0.045789473684210505,0.03418885448916409,0.045789473684210505,0.03418885448916409
0.8481203007518798,1.1296992481203003,1.6129699248120302,0.04518796992481201,0.03415701017249005,0.04518796992481201,0.03415701017249005,0.04518796992481201,0.03415701017249005,0.04518796992481201,0.03415701017249005
0.8541353383458647,1.1146616541353378,1.6114661654135338,0.04458646616541352,0.034125165855816014,0.04458646616541352,0.034125165855816014,0.04458646616541352,0.034125165855816014,0.04458646616541352,0.034125165855816014
0.8601503759398498,1.0996240601503753,1.6099624060150377,0.043984962406015016,0.03409332153914198,0.043984962406015016,0.03409332153914198,0.043984962406015016,0.03409332153914198,0.043984962406015016,0.03409332153914198
0.8661654135338347,1.0845864661654132,1.6084586466165414,0.043383458646616524,0.03406147722246794,0.043383458646616524,0.03406147722246794,0.043383458646616524,0.03406147722246794,0.043383458646616524,0.03406147722246794
0.8721804511278197,1.0695488721804505,1.6069548872180452,0.04278195488721802,0.034029632905793895,0.04278195488721802,0.034029632905793895,0.04278195488721802,0.034029632905793895,0.04278195488721802,0.034029632905793895
0.8781954887218046,1.0545112781954882,1.605451127819549,0.04218045112781953,0.033997788589119865,0.04218045112781953,0.033997788589119865,0.04218045112781953,0.033997788589119865,0.04218045112781953,0.033997788589119865
0.8842105263157896,1.0394736842105259,1.6039473684210526,0.041578947368421035,0.03396594427244583,0.041578947368421035,0.03396594427244583,0.041578947368421035,0.03396594427244583,0.041578947368421035,0.03396594427244583
0.8902255639097746,1.0244360902255634,1.6024436090225564,0.040977443609022536,0.03393409995577178,0.040977443609022536,0.03393409995577178,0.040977443609022536,0.03393409995577178,0.040977443609022536,0.03393409995577178
0.8962406015037595,1.009398496240601,1.6009398496240603,0.040375939849624044,0.033902255639097746,0.040375939849624044,0.033902255639097746,0.040375939849624044,0.033902255639097746,0.040375939849624044,0.033902255639097746
0.9022556390977445,0.9983458646616539,1.5996240601503757,0.039933834586466155,0.03387439186200796,0.039933834586466155,0.03387439186200796,0.039933834586466155,0.03387439186200796,0.039933834586466155,0.03387439186200796
0.9082706766917295,0.9939348370927317,1.5986215538847117,0.03975739348370927,0.03385316231755861,0.03975739348370927,0.03385316231755861,0.03975739348370927,0.03385316231755861,0.03975739348370927,0.03385316231755861
0.9142857142857144,0.9895238095238095,1.5976190476190477,0.039580952380952376,0.033831932773109245,0.039580952380952376,0.033831932773109245,0.039580952380952376,0.033831932773109245,0.039580952380952376,0.033831932773109245
0.9203007518796994,0.985112781954887,1.5966165413533837,0.039404511278195484,0.03381070322865989,0.039404511278195484,0.03381070322865989,0.039404511278195484,0.03381070322865989,0.039404511278195484,0.03381070322865989
0.9263157894736843,0.9807017543859647,1.5956140350877193,0.03922807017543859,0.03378947368421053,0.03922807017543859,0.03378947368421053,0.03922807017543859,0.03378947368421053,0.03922807017543859,0.03378947368421053
0.9323308270676693,0.9762907268170424,1.594611528822055,0.03905162907268169,0.03376824413976117,0.03905162907268169,0.03376824413976117,0.03905162907268169,0.03376824413976117,0.03905162907268169,0.03376824413976117
0.9383458646616543,0.9718796992481201,1.593609022556391,0.038875187969924806,0.03374701459531181,0.038875187969924806,0.03374701459531181,0.038875187969924806,0.03374701459531181,0.038875187969924806,0.03374701459531181
0.9443609022556393,0.9674686716791978,1.5926065162907268,0.03869874686716791,0.03372578505086245,0.03869874686716791,0.03372578505086245,0.03869874686716791,0.03372578505086245,0.03869874686716791,0.03372578505086245
0.9503759398496242,0.9630576441102755,1.5916040100250628,0.03852230576441103,0.033704555506413096,0.03852230576441103,0.033704555506413096,0.03852230576441103,0.033704555506413096,0.03852230576441103,0.033704555506413096
0.9563909774436091,0.9586466165413532,1.5906015037593983,0.03834586466165413,0.03368332596196373,0.03834586466165413,0.03368332596196373,0.03834586466165413,0.03368332596196373,0.03834586466165413,0.03368332596196373
0.9624060150375942,0.954235588972431,1.5895989974937343,0.038169423558897235,0.03366209641751438,0.038169423558897235,0.03366209641751438,0.038169423558897235,0.03366209641751438,0.038169423558897235,0.03366209641751438
0.9684210526315791,0.9498245614035086,1.5885964912280701,0.03799298245614034,0.03364086687306502,0.03799298245614034,0.03364086687306502,0.03799298245614034,0.03364086687306502,0.03799298245614034,0.03364086687306502
0.9744360902255641,0.9454135338345863,1.5875939849624061,0.03781654135338345,0.03361963732861566,0.03781654135338345,0.03361963732861566,0.03781654135338345,0.03361963732861566,0.03781654135338345,0.03361963732861566
0.980451127819549,0.9410025062656641,1.586591478696742,0.037640100250626564,0.033598407784166305,0.037640100250626564,0.033598407784166305,0.037640100250626564,0.033598407784166305,0.037640100250626564,0.033598407784166305
0.9864661654135339,0.9365914786967416,1.5855889724310777,0.037463659147869664,0.03357717823971694,0.037463659147869664,0.03357717823971694,0.037463659147869664,0.03357717823971694,0.037463659147869664,0.03357717823971694
0.992481203007519,0.9321804511278194,1.5845864661654137,0.03728721804511278,0.03355594869526758,0.03728721804511278,0.03355594869526758,0.03728721804511278,0.03355594869526758,0.03728721804511278,0.03355594869526758
0.9984962406015039,0.9277694235588971,1.5835839598997494,0.037110776942355886,0.033534719150818224,0.037110776942355886,0.033534719150818224,0.037110776942355886,0.033534719150818224,0.037110776942355886,0.033534719150818224
1.0045112781954888,0.9233583959899748,1.5825814536340854,0.03693433583959899,0.033513489606368865,0.03693433583959899,0.033513489606368865,0.03693433583959899,0.033513489606368865,0.03693433583959899,0.033513489606368865
1.010526315789474,0.9189473684210524,1.581578947368421,0.0367578947368421,0.03349226006191951,0.0367578947368421,0.03349226006191951,0.0367578947368421,0.03349226006191951,0.0367578947368421,0.03349226006191951
1.0165413533834589,0.9145363408521301,1.580576441102757,0.03658145363408521,0.03347103051747015,0.03658145363408521,0.03347103051747015,0.03658145363408521,0.03347103051747015,0.03658145363408521,0.03347103051747015
1.0225563909774438,0.9101253132832079,1.579573934837093,0.03640501253132832,0.03344980097302079,0.03640501253132832,0.03344980097302079,0.03640501253132832,0.03344980097302079,0.03640501253132832,0.03344980097302079
1.0285714285714287,0.9057142857142856,1.5785714285714285,0.03622857142857142,0.03342857142857143,0.03622857142857142,0.03342857142857143,0.03622857142857142,0.03342857142857143,0.03622857142857142,0.03342857142857143
1.0345864661654136,0.9013032581453633,1.5775689223057645,0.03605213032581453,0.033407341884122074,0.03605213032581453,0.033407341884122074,0.03605213032581453,0.033407341884122074,0.03605213032581453,0.033407341884122074
1.0406015037593987,0.8968922305764409,1.5765664160401003,0.03587568922305764,0.033386112339672716,0.03587568922305764,0.033386112339672716,0.03587568922305764,0.033386112339672716,0.03587568922305764,0.033386112339672716
1.0466165413533837,0.8924812030075187,1.5755639097744363,0.035699248120300744,0.03336488279522336,0.035699248120300744,0.03336488279522336,0.035699248120300744,0.03336488279522336,0.035699248120300744,0.03336488279522336
1.0526315789473686,0.8880701754385963,1.574561403508772,0.03552280701754385,0.033343653250774,0.03552280701754385,0.033343653250774,0.03552280701754385,0.033343653250774,0.03552280701754385,0.033343653250774
1.0586466165413535,0.883659147869674,1.5735588972431076,0.03534636591478696,0.033322423706324635,0.03534636591478696,0.033322423706324635,0.03534636591478696,0.033322423706324635,0.03534636591478696,0.033322423706324635
1.0646616541353384,0.8792481203007518,1.5725563909774436,0.03516992481203007,0.03330119416187528,0.03516992481203007,0.03330119416187528,0.03516992481203007,0.03330119416187528,0.03516992481203007,0.03330119416187528
1.0706766917293236,0.8748370927318293,1.5715538847117794,0.034993483709273174,0.03327996461742592,0.034993483709273174,0.03327996461742592,0.034993483709273174,0.03327996461742592,0.034993483709273174,0.03327996461742592
1.0766917293233085,0.8704260651629071,1.5705513784461151,0.03481704260651628,0.03325873507297657,0.03481704260651628,0.03325873507297657,0.03481704260651628,0.03325873507297657,0.03481704260651628,0.03325873507297657
1.0827067669172934,0.8660150375939848,1.5695488721804511,0.034640601503759395,0.0332375055285272,0.034640601503759395,0.0332375055285272,0.034640601503759395,0.0332375055285272,0.034640601503759395,0.0332375055285272
1.0887218045112783,0.8616040100250625,1.568546365914787,0.0344641604010025,0.033216275984077843,0.0344641604010025,0.033216275984077843,0.0344641604010025,0.033216275984077843,0.0344641604010025,0.033216275984077843
1.0947368421052632,0.8571929824561403,1.5675438596491227,0.03428771929824561,0.033195046439628485,0.03428771929824561,0.033195046439628485,0.03428771929824561,0.033195046439628485,0.03428771929824561,0.033195046439628485
1.1007518796992484,0.8527819548872178,1.5665413533834585,0.03411127819548871,0.03317381689517913,0.03411127819548871,0.03317381689517913,0.03411127819548871,0.03317381689517913,0.03411127819548871,0.03317381689517913
1.1067669172932333,0.8483709273182956,1.5655388471177945,0.033934837092731825,0.03315258735072977,0.033934837092731825,0.03315258735072977,0.033934837092731825,0.03315258735072977,0.033934837092731825,0.03315258735072977
1.1127819548872182,0.8439598997493734,1.5645363408521304,0.03375839598997493,0.03313135780628041,0.03375839598997493,0.03313135780628041,0.03375839598997493,0.03313135780628041,0.03375839598997493,0.03313135780628041
1.1187969924812031,0.8395488721804509,1.5635338345864662,0.03358195488721804,0.033110128261831046,0.03358195488721804,0.033110128261831046,0.03358195488721804,0.033110128261831046,0.03358195488721804,0.033110128261831046
1.124812030075188,0.8351378446115287,1.562531328320802,0.03340551378446115,0.033088898717381694,0.03340551378446115,0.033088898717381694,0.03340551378446115,0.033088898717381694,0.03340551378446115,0.033088898717381694
1.1308270676691732,0.8307268170426063,1.5615288220551378,0.03322907268170425,0.03306766917293233,0.03322907268170425,0.03306766917293233,0.03322907268170425,0.03306766917293233,0.03322907268170425,0.03306766917293233
1.136842105263158,0.826315789473684,1.5605263157894735,0.03305263157894736,0.03304643962848297,0.03305263157894736,0.03304643962848297,0.03305263157894736,0.03304643962848297,0.03305263157894736,0.03304643962848297
1.142857142857143,0.8219047619047618,1.5595238095238095,0.032876190476190476,0.03302521008403361,0.032876190476190476,0.03302521008403361,0.032876190476190476,0.03302521008403361,0.032876190476190476,0.03302521008403361
1.148872180451128,0.8174937343358395,1.5585213032581453,0.032699749373433576,0.033003980539584254,0.032699749373433576,0.033003980539584254,0.032699749373433576,0.033003980539584254,0.032699749373433576,0.033003980539584254
1.1548872180451129,0.8130827067669172,1.5575187969924813,0.03252330827067669,0.0329827509951349,0.03252330827067669,0.0329827509951349,0.03252330827067669,0.0329827509951349,0.03252330827067669,0.0329827509951349
1.160902255639098,0.8086716791979948,1.556516290726817,0.03234686716791979,0.03296152145068554,0.03234686716791979,0.03296152145068554,0.03234686716791979,0.03296152145068554,0.03234686716791979,0.03296152145068554
1.166917293233083,0.8042606516290726,1.5555137844611528,0.032170426065162905,0.03294029190623618,0.032170426065162905,0.03294029190623618,0.032170426065162905,0.03294029190623618,0.032170426065162905,0.03294029190623618
1.1729323308270678,0.7998496240601503,1.5545112781954886,0.03199398496240601,0.03291906236178682,0.03199398496240601,0.03291906236178682,0.03199398496240601,0.03291906236178682,0.03199398496240601,0.03291906236178682
1.1789473684210527,0.7954385964912278,1.5535087719298244,0.03181754385964912,0.03289783281733746,0.03181754385964912,0.03289783281733746,0.03181754385964912,0.03289783281733746,0.03181754385964912,0.03289783281733746
1.1849624060150377,0.7910275689223057,1.5525062656641606,0.031641102756892234,0.03287660327288811,0.031641102756892234,0.03287660327288811,0.031641102756892234,0.03287660327288811,0.031641102756892234,0.03287660327288811
1.1909774436090228,0.7866165413533832,1.5515037593984962,0.03146466165413533,0.03285537372843875,0.03146466165413533,0.03285537372843875,0.03146466165413533,0.03285537372843875,0.03146466165413533,0.03285537372843875
1.1969924812030077,0.782205513784461,1.5505012531328322,0.03128822055137844,0.03283414418398939,0.03128822055137844,0.03283414418398939,0.03128822055137844,0.03283414418398939,0.03128822055137844,0.03283414418398939
1.2030075187969926,0.7777944862155387,1.549498746867168,0.03111177944862155,0.03281291463954003,0.03111177944862155,0.03281291463954003,0.03111177944862155,0.03281291463954003,0.03111177944862155,0.03281291463954003
1.2090225563909776,0.7733834586466164,1.5484962406015037,0.03093533834586466,0.03279168509509067,0.03093533834586466,0.03279168509509067,0.03093533834586466,0.03279168509509067,0.03093533834586466,0.03279168509509067
1.2150375939849627,0.768972431077694,1.5474937343358395,0.030758897243107763,0.032770455550641314,0.030758897243107763,0.032770455550641314,0.030758897243107763,0.032770455550641314,0.030758897243107763,0.032770455550641314
1.2210526315789476,0.7645614035087718,1.5464912280701753,0.03058245614035087,0.032749226006191956,0.03058245614035087,0.032749226006191956,0.03058245614035087,0.032749226006191956,0.03058245614035087,0.032749226006191956
1.2270676691729325,0.7601503759398495,1.5454887218045115,0.030406015037593978,0.0327279964617426,0.030406015037593978,0.0327279964617426,0.030406015037593978,0.0327279964617426,0.030406015037593978,0.0327279964617426
1.2330827067669174,0.7557393483709272,1.5444862155388472,0.030229573934837092,0.03270676691729324,0.030229573934837092,0.03270676691729324,0.030229573934837092,0.03270676691729324,0.030229573934837092,0.03270676691729324
1.2390977443609024,0.751328320802005,1.543483709273183,0.0300531328320802,0.03268553737284388,0.0300531328320802,0.03268553737284388,0.0300531328320802,0.03268553737284388,0.0300531328320802,0.03268553737284388
1.2451127819548875,0.7469172932330825,1.5424812030075188,0.0298766917293233,0.03266430782839452,0.0298766917293233,0.03266430782839452,0.0298766917293233,0.03266430782839452,0.0298766917293233,0.03266430782839452
1.2511278195488724,0.7425062656641602,1.5414786967418546,0.02970025062656641,0.03264307828394516,0.02970025062656641,0.03264307828394516,0.02970025062656641,0.03264307828394516,0.02970025062656641,0.03264307828394516
1.2571428571428573,0.7380952380952379,1.5404761904761903,0.029523809523809515,0.0326218487394958,0.029523809523809515,0.0326218487394958,0.029523809523809515,0.0326218487394958,0.029523809523809515,0.0326218487394958
1.2631578947368423,0.7336842105263157,1.5394736842105263,0.02934736842105263,0.03260061919504644,0.02934736842105263,0.03260061919504644,0.02934736842105263,0.03260061919504644,0.02934736842105263,0.03260061919504644
1.2691729323308272,0.7292731829573934,1.5384711779448623,0.029170927318295736,0.03257938965059708,0.029170927318295736,0.03257938965059708,0.029170927318295736,0.03257938965059708,0.029170927318295736,0.03257938965059708
1.2751879699248123,0.724862155388471,1.537468671679198,0.02899448621553884,0.032558160106147725,0.02899448621553884,0.032558160106147725,0.02899448621553884,0.032558160106147725,0.02899448621553884,0.032558160106147725
1.2812030075187972,0.7204511278195487,1.5364661654135339,0.02881804511278195,0.03253693056169837,0.02881804511278195,0.03253693056169837,0.02881804511278195,0.03253693056169837,0.02881804511278195,0.03253693056169837
1.2872180451127821,0.7160401002506265,1.5354636591478696,0.028641604010025058,0.03251570101724901,0.028641604010025058,0.03251570101724901,0.028641604010025058,0.03251570101724901,0.028641604010025058,0.03251570101724901
1.293233082706767,0.7116290726817042,1.5344611528822054,0.028465162907268166,0.03249447147279965,0.028465162907268166,0.03249447147279965,0.028465162907268166,0.03249447147279965,0.028465162907268166,0.03249447147279965
1.299248120300752,0.7072180451127819,1.5334586466165412,0.02828872180451128,0.03247324192835029,0.02828872180451128,0.03247324192835029,0.02828872180451128,0.03247324192835029,0.02828872180451128,0.03247324192835029
1.3052631578947371,0.7028070175438594,1.5324561403508772,0.02811228070175438,0.032452012383900934,0.02811228070175438,0.032452012383900934,0.02811228070175438,0.032452012383900934,0.02811228070175438,0.032452012383900934
1.311278195488722,0.6983959899749372,1.5314536340852132,0.027935839598997488,0.03243078283945157,0.027935839598997488,0.03243078283945157,0.027935839598997488,0.03243078283945157,0.027935839598997488,0.03243078283945157
1.317293233082707,0.6939849624060149,1.530451127819549,0.0277593984962406,0.03240955329500221,0.0277593984962406,0.03240955329500221,0.0277593984962406,0.03240955329500221,0.0277593984962406,0.03240955329500221
1.3233082706766919,0.6895739348370926,1.5294486215538847,0.027582957393483706,0.03238832375055285,0.027582957393483706,0.03238832375055285,0.027582957393483706,0.03238832375055285,0.027582957393483706,0.03238832375055285
1.3293233082706768,0.6851629072681704,1.5284461152882205,0.027406516290726816,0.032367094206103494,0.027406516290726816,0.032367094206103494,0.027406516290726816,0.032367094206103494,0.027406516290726816,0.032367094206103494
1.335338345864662,0.680751879699248,1.5274436090225565,0.027230075187969917,0.032345864661654136,0.027230075187969917,0.032345864661654136,0.027230075187969917,0.032345864661654136,0.027230075187969917,0.032345864661654136
1.3413533834586469,0.6763408521303257,1.526441102756892,0.027053634085213028,0.03232463511720478,0.027053634085213028,0.03232463511720478,0.027053634085213028,0.03232463511720478,0.027053634085213028,0.03232463511720478
1.3473684210526318,0.6719298245614034,1.525438596491228,0.02687719298245614,0.03230340557275542,0.02687719298245614,0.03230340557275542,0.02687719298245614,0.03230340557275542,0.02687719298245614,0.03230340557275542
1.3533834586466167,0.6675187969924812,1.5244360902255638,0.026700751879699246,0.03228217602830606,0.026700751879699246,0.03228217602830606,0.026700751879699246,0.03228217602830606,0.026700751879699246,0.03228217602830606
1.3593984962406016,0.6631077694235589,1.5234335839598998,0.026524310776942353,0.0322609464838567,0.026524310776942353,0.0322609464838567,0.026524310776942353,0.0322609464838567,0.026524310776942353,0.0322609464838567
1.3654135338345867,0.6586967418546363,1.5224310776942356,0.026347869674185453,0.032239716939407345,0.026347869674185453,0.032239716939407345,0.026347869674185453,0.032239716939407345,0.026347869674185453,0.032239716939407345
1.3714285714285717,0.6542857142857141,1.5214285714285714,0.026171428571428568,0.03221848739495799,0.026171428571428568,0.03221848739495799,0.026171428571428568,0.03221848739495799,0.026171428571428568,0.03221848739495799
1.3774436090225566,0.6498746867167919,1.5204260651629071,0.025994987468671675,0.03219725785050863,0.025994987468671675,0.03219725785050863,0.025994987468671675,0.03219725785050863,0.025994987468671675,0.03219725785050863
1.3834586466165415,0.6454636591478695,1.5194235588972431,0.025818546365914786,0.03217602830605927,0.025818546365914786,0.03217602830605927,0.025818546365914786,0.03217602830605927,0.025818546365914786,0.03217602830605927
1.3894736842105264,0.6410526315789473,1.5184210526315791,0.025642105263157897,0.03215479876160991,0.025642105263157897,0.03215479876160991,0.025642105263157897,0.03215479876160991,0.025642105263157897,0.03215479876160991
1.3954887218045116,0.6366416040100249,1.5174185463659147,0.025465664160400997,0.03213356921716055,0.025465664160400997,0.03213356921716055,0.025465664160400997,0.03213356921716055,0.025465664160400997,0.03213356921716055
1.4015037593984965,0.6322305764411026,1.5164160401002507,0.025289223057644104,0.03211233967271119,0.025289223057644104,0.03211233967271119,0.025289223057644104,0.03211233967271119,0.025289223057644104,0.03211233967271119
1.4075187969924814,0.6278195488721803,1.5154135338345864,0.025112781954887215,0.03209111012826184,0.025112781954887215,0.03209111012826184,0.025112781954887215,0.03209111012826184,0.025112781954887215,0.03209111012826184
1.4135338345864663,0.6234085213032581,1.5144110275689224,0.024936340852130322,0.03206988058381248,0.024936340852130322,0.03206988058381248,0.024936340852130322,0.03206988058381248,0.024936340852130322,0.03206988058381248
1.4195488721804514,0.6189974937343357,1.513408521303258,0.024759899749373426,0.032048651039363114,0.024759899749373426,0.032048651039363114,0.024759899749373426,0.032048651039363114,0.024759899749373426,0.032048651039363114
1.4255639097744364,0.6145864661654135,1.512406015037594,0.024583458646616537,0.032027421494913756,0.024583458646616537,0.032027421494913756,0.024583458646616537,0.032027421494913756,0.024583458646616537,0.032027421494913756
1.4315789473684213,0.610175438596491,1.51140350877193,0.024407017543859644,0.0320061919504644,0.024407017543859644,0.0320061919504644,0.024407017543859644,0.0320061919504644,0.024407017543859644,0.0320061919504644
1.4375939849624062,0.6057644110275688,1.5104010025062657,0.024230576441102755,0.03198496240601504,0.024230576441102755,0.03198496240601504,0.024230576441102755,0.03198496240601504,0.024230576441102755,0.03198496240601504
1.4436090225563911,0.6013533834586465,1.5093984962406015,0.024054135338345866,0.03196373286156568,0.024054135338345866,0.03196373286156568,0.024054135338345866,0.03196373286156568,0.024054135338345866,0.03196373286156568
1.4496240601503763,0.5969423558897241,1.5083959899749373,0.023877694235588963,0.03194250331711632,0.023877694235588963,0.03194250331711632,0.023877694235588963,0.03194250331711632,0.023877694235588963,0.03194250331711632
1.4556390977443612,0.5925313283208019,1.5073934837092733,0.023701253132832074,0.031921273772666965,0.023701253132832074,0.031921273772666965,0.023701253132832074,0.031921273772666965,0.023701253132832074,0.031921273772666965
1.461654135338346,0.5881203007518796,1.5063909774436088,0.023524812030075185,0.03190004422821761,0.023524812030075185,0.03190004422821761,0.023524812030075185,0.03190004422821761,0.023524812030075185,0.03190004422821761
1.467669172932331,0.5837092731829573,1.5053884711779448,0.023348370927318292,0.03187881468376825,0.023348370927318292,0.03187881468376825,0.023348370927318292,0.03187881468376825,0.023348370927318292,0.03187881468376825
1.473684210526316,0.5792982456140351,1.5043859649122808,0.023171929824561403,0.03185758513931889,0.023171929824561403,0.03185758513931889,0.023171929824561403,0.03185758513931889,0.023171929824561403,0.03185758513931889
1.479699248120301,0.5748872180451126,1.5033834586466166,0.022995488721804506,0.03183635559486953,0.022995488721804506,0.03183635559486953,0.022995488721804506,0.03183635559486953,0.022995488721804506,0.03183635559486953
1.485714285714286,0.5704761904761904,1.5023809523809524,0.022819047619047617,0.031815126050420174,0.022819047619047617,0.031815126050420174,0.022819047619047617,0.031815126050420174,0.022819047619047617,0.031815126050420174
1.491729323308271,0.566065162907268,1.5013784461152881,0.02264260651629072,0.031793896505970816,0.02264260651629072,0.031793896505970816,0.02264260651629072,0.031793896505970816,0.02264260651629072,0.031793896505970816
1.4977443609022558,0.5616541353383457,1.500375939849624,0.022466165413533832,0.03177266696152146,0.022466165413533832,0.03177266696152146,0.022466165413533832,0.03177266696152146,0.022466165413533832,0.03177266696152146
1.5037593984962407,0.5562406015037593,1.4987468671679198,0.022249624060150373,0.03173816895179124,0.022249624060150373,0.03173816895179124,0.022249624060150373,0.03173816895179124,0.022249624060150373,0.03173816895179124
1.5097744360902259,0.5502255639097742,1.4967418546365914,0.022009022556390968,0.03169570986289253,0.022009022556390968,0.03169570986289253,0.022009022556390968,0.03169570986289253,0.022009022556390968,0.03169570986289253
1.5157894736842108,0.5442105263157893,1.4947368421052631,0.02176842105263157,0.03165325077399381,0.02176842105263157,0.03165325077399381,0.02176842105263157,0.03165325077399381,0.02176842105263157,0.03165325077399381
1.5218045112781957,0.5381954887218043,1.4927318295739347,0.021527819548872174,0.03161079168509509,0.021527819548872174,0.03161079168509509,0.021527819548872174,0.03161079168509509,0.021527819548872174,0.03161079168509509
1.5278195488721806,0.5321804511278194,1.4907268170426065,0.021287218045112778,0.031568332596196375,0.021287218045112778,0.031568332596196375,0.021287218045112778,0.031568332596196375,0.021287218045112778,0.031568332596196375
1.5338345864661656,0.5261654135338345,1.488721804511278,0.021046616541353383,0.03152587350729766,0.021046616541353383,0.03152587350729766,0.021046616541353383,0.03152587350729766,0.021046616541353383,0.03152587350729766
1.5398496240601507,0.5201503759398494,1.4867167919799498,0.020806015037593974,0.03148341441839894,0.020806015037593974,0.03148341441839894,0.020806015037593974,0.03148341441839894,0.020806015037593974,0.03148341441839894
1.5458646616541356,0.5141353383458644,1.4847117794486215,0.02056541353383458,0.031440955329500225,0.02056541353383458,0.031440955329500225,0.02056541353383458,0.031440955329500225,0.02056541353383458,0.031440955329500225
1.5518796992481205,0.5081203007518795,1.482706766917293,0.020324812030075183,0.03139849624060151,0.020324812030075183,0.03139849624060151,0.020324812030075183,0.03139849624060151,0.020324812030075183,0.03139849624060151
1.5578947368421054,0.5021052631578946,1.4807017543859649,0.020084210526315784,0.031356037151702786,0.020084210526315784,0.031356037151702786,0.020084210526315784,0.031356037151702786,0.020084210526315784,0.031356037151702786
1.5639097744360904,0.49609022556390975,1.4786967418546366,0.01984360902255639,0.031313578062804076,0.01984360902255639,0.031313578062804076,0.01984360902255639,0.031313578062804076,0.01984360902255639,0.031313578062804076
1.5699248120300755,0.49007518796992455,1.4766917293233082,0.019603007518796983,0.03127111897390535,0.019603007518796983,0.03127111897390535,0.019603007518796983,0.03127111897390535,0.019603007518796983,0.03127111897390535
1.5759398496240604,0.48406015037593964,1.4746867167919797,0.019362406015037588,0.031228659885006636,0.019362406015037588,0.031228659885006636,0.019362406015037588,0.031228659885006636,0.019362406015037588,0.031228659885006636
1.5819548872180453,0.4780451127819547,1.4726817042606515,0.01912180451127819,0.03118620079610792,0.01912180451127819,0.03118620079610792,0.01912180451127819,0.03118620079610792,0.01912180451127819,0.03118620079610792
1.5879699248120303,0.4720300751879698,1.4706766917293232,0.01888120300751879,0.0311437417072092,0.01888120300751879,0.0311437417072092,0.01888120300751879,0.0311437417072092,0.01888120300751879,0.0311437417072092
1.5939849624060152,0.4660150375939849,1.4686716791979948,0.018640601503759395,0.031101282618310487,0.018640601503759395,0.031101282618310487,0.018640601503759395,0.031101282618310487,0.018640601503759395,0.031101282618310487
1.6000000000000003,0.45999999999999974,1.4666666666666663,0.01839999999999999,0.031058823529411764,0.01839999999999999,0.031058823529411764,0.01839999999999999,0.031058823529411764,0.01839999999999999,0.031058823529411764
1.6060150375939852,0.4539849624060148,1.4646616541353383,0.018159398496240594,0.031016364440513047,0.018159398496240594,0.031016364440513047,0.018159398496240594,0.031016364440513047,0.018159398496240594,0.031016364440513047
1.6120300751879701,0.4479699248120299,1.4626566416040099,0.0179187969924812,0.03097390535161433,0.0179187969924812,0.03097390535161433,0.0179187969924812,0.03097390535161433,0.0179187969924812,0.03097390535161433
1.618045112781955,0.441954887218045,1.4606516290726814,0.0176781954887218,0.030931446262715614,0.0176781954887218,0.030931446262715614,0.0176781954887218,0.030931446262715614,0.0176781954887218,0.030931446262715614
1.62406015037594,0.43593984962406007,1.4586466165413534,0.017437593984962405,0.030888987173816898,0.017437593984962405,0.030888987173816898,0.017437593984962405,0.030888987173816898,0.017437593984962405,0.030888987173816898
1.6300751879699251,0.42992481203007493,1.456641604010025,0.017196992481202995,0.03084652808491818,0.017196992481202995,0.03084652808491818,0.017196992481202995,0.03084652808491818,0.017196992481202995,0.03084652808491818
1.63609022556391,0.42390977443609,1.4546365914786965,0.0169563909774436,0.030804068996019462,0.0169563909774436,0.030804068996019462,0.0169563909774436,0.030804068996019462,0.0169563909774436,0.030804068996019462
1.642105263157895,0.4178947368421051,1.4526315789473685,0.016715789473684205,0.03076160990712075,0.016715789473684205,0.03076160990712075,0.016715789473684205,0.03076160990712075,0.016715789473684205,0.03076160990712075
1.6481203007518799,0.4118796992481202,1.45062656641604,0.01647518796992481,0.030719150818222025,0.01647518796992481,0.030719150818222025,0.01647518796992481,0.030719150818222025,0.01647518796992481,0.030719150818222025
1.654135338345865,0.40586466165413504,1.4486215538847116,0.016234586466165404,0.03067669172932331,0.016234586466165404,0.03067669172932331,0.016234586466165404,0.03067669172932331,0.016234586466165404,0.03067669172932331
1.66015037593985,0.3998496240601501,1.4466165413533834,0.015993984962406005,0.030634232640424593,0.015993984962406005,0.030634232640424593,0.015993984962406005,0.030634232640424593,0.015993984962406005,0.030634232640424593
1.6661654135338348,0.3938345864661652,1.4446115288220551,0.01575338345864661,0.030591773551525876,0.01575338345864661,0.030591773551525876,0.01575338345864661,0.030591773551525876,0.01575338345864661,0.030591773551525876
1.6721804511278198,0.3878195488721803,1.4426065162907267,0.015512781954887212,0.030549314462627156,0.015512781954887212,0.030549314462627156,0.015512781954887212,0.030549314462627156,0.015512781954887212,0.030549314462627156
1.6781954887218047,0.38180451127819537,1.4406015037593984,0.015272180451127815,0.03050685537372844,0.015272180451127815,0.03050685537372844,0.015272180451127815,0.03050685537372844,0.015272180451127815,0.03050685537372844
1.6842105263157898,0.37578947368421023,1.43859649122807,0.01503157894736841,0.03046439628482972,0.01503157894736841,0.03046439628482972,0.01503157894736841,0.03046439628482972,0.01503157894736841,0.03046439628482972
1.6902255639097747,0.3697744360902253,1.4365914786967418,0.014790977443609014,0.030421937195931004,0.014790977443609014,0.030421937195931004,0.014790977443609014,0.030421937195931004,0.014790977443609014,0.030421937195931004
1.6962406015037597,0.3637593984962404,1.4345864661654133,0.014550375939849616,0.030379478107032287,0.014550375939849616,0.030379478107032287,0.014550375939849616,0.030379478107032287,0.014550375939849616,0.030379478107032287
1.7022556390977446,0.3577443609022555,1.432581453634085,0.01430977443609022,0.03033701901813357,0.01430977443609022,0.03033701901813357,0.01430977443609022,0.03033701901813357,0.01430977443609022,0.03033701901813357
1.7082706766917295,0.35172932330827056,1.4305764411027568,0.014069172932330823,0.030294559929234854,0.014069172932330823,0.030294559929234854,0.014069172932330823,0.030294559929234854,0.014069172932330823,0.030294559929234854
1.7142857142857146,0.3457142857142854,1.4285714285714284,0.013828571428571418,0.030252100840336138,0.013828571428571418,0.030252100840336138,0.013828571428571418,0.030252100840336138,0.013828571428571418,0.030252100840336138
1.7203007518796996,0.3396992481203005,1.4265664160401001,0.01358796992481202,0.03020964175143742,0.01358796992481202,0.03020964175143742,0.01358796992481202,0.03020964175143742,0.01358796992481202,0.03020964175143742
1.7263157894736845,0.3336842105263156,1.424561403508772,0.013347368421052625,0.0301671826625387,0.013347368421052625,0.0301671826625387,0.013347368421052625,0.0301671826625387,0.013347368421052625,0.0301671826625387
1.7323308270676694,0.32766917293233067,1.4225563909774435,0.013106766917293226,0.030124723573639985,0.013106766917293226,0.030124723573639985,0.013106766917293226,0.030124723573639985,0.013106766917293226,0.030124723573639985
1.7383458646616543,0.32165413533834575,1.4205513784461152,0.012866165413533831,0.03008226448474127,0.012866165413533831,0.03008226448474127,0.012866165413533831,0.03008226448474127,0.012866165413533831,0.03008226448474127
1.7443609022556394,0.3156390977443606,1.4185463659147868,0.012625563909774425,0.03003980539584255,0.012625563909774425,0.03003980539584255,0.012625563909774425,0.03003980539584255,0.012625563909774425,0.03003980539584255
1.7503759398496244,0.3096240601503757,1.4165413533834585,0.012384962406015028,0.029997346306943833,0.012384962406015028,0.029997346306943833,0.012384962406015028,0.029997346306943833,0.012384962406015028,0.029997346306943833
1.7563909774436093,0.3036090225563908,1.41453634085213,0.012144360902255631,0.029954887218045113,0.012144360902255631,0.029954887218045113,0.012144360902255631,0.029954887218045113,0.012144360902255631,0.029954887218045113
1.7624060150375942,0.29759398496240586,1.4125313283208019,0.011903759398496234,0.029912428129146396,0.011903759398496234,0.029912428129146396,0.011903759398496234,0.029912428129146396,0.011903759398496234,0.029912428129146396
1.7684210526315791,0.29157894736842094,1.4105263157894736,0.011663157894736837,0.02986996904024768,0.011663157894736837,0.02986996904024768,0.011663157894736837,0.02986996904024768,0.011663157894736837,0.02986996904024768
1.7744360902255643,0.2855639097744358,1.4085213032581452,0.011422556390977433,0.029827509951348963,0.011422556390977433,0.029827509951348963,0.011422556390977433,0.029827509951348963,0.011422556390977433,0.029827509951348963
1.7804511278195492,0.2795488721804509,1.406516290726817,0.011181954887218036,0.029785050862450244,0.011181954887218036,0.029785050862450244,0.011181954887218036,0.029785050862450244,0.011181954887218036,0.029785050862450244
1.786466165413534,0.27353383458646596,1.4045112781954885,0.010941353383458639,0.029742591773551527,0.010941353383458639,0.029742591773551527,0.010941353383458639,0.029742591773551527,0.010941353383458639,0.029742591773551527
1.792481203007519,0.26751879699248104,1.4025062656641603,0.010700751879699242,0.02970013268465281,0.010700751879699242,0.02970013268465281,0.010700751879699242,0.02970013268465281,0.010700751879699242,0.02970013268465281
1.798496240601504,0.2615037593984961,1.400501253132832,0.010460150375939845,0.029657673595754094,0.010460150375939845,0.029657673595754094,0.010460150375939845,0.029657673595754094,0.010460150375939845,0.029657673595754094
1.804511278195489,0.2577443609022555,1.3909774436090219,0.01030977443609022,0.029455992923485174,0.01030977443609022,0.029455992923485174,0.01030977443609022,0.029455992923485174,0.01030977443609022,0.029455992923485174
1.810526315789474,0.25473684210526304,1.3789473684210518,0.010189473684210523,0.029201238390092872,0.010189473684210523,0.029201238390092872,0.010189473684210523,0.029201238390092872,0.010189473684210523,0.029201238390092872
1.816541353383459,0.2517293233082706,1.3669172932330822,0.010069172932330825,0.02894648385670057,0.010069172932330825,0.02894648385670057,0.010069172932330825,0.02894648385670057,0.010069172932330825,0.02894648385670057
1.8225563909774438,0.24872180451127812,1.3548872180451124,0.009948872180451125,0.028691729323308268,0.009948872180451125,0.028691729323308268,0.009948872180451125,0.028691729323308268,0.009948872180451125,0.028691729323308268
1.8285714285714287,0.24571428571428564,1.3428571428571425,0.009828571428571426,0.028436974789915963,0.009828571428571426,0.028436974789915963,0.009828571428571426,0.028436974789915963,0.009828571428571426,0.028436974789915963
1.8345864661654139,0.24270676691729307,1.3308270676691722,0.009708270676691725,0.02818222025652365,0.009708270676691725,0.02818222025652365,0.009708270676691725,0.02818222025652365,0.009708270676691725,0.02818222025652365
1.8406015037593988,0.23969924812030063,1.3187969924812024,0.009587969924812026,0.02792746572313135,0.009587969924812026,0.02792746572313135,0.009587969924812026,0.02792746572313135,0.009587969924812026,0.02792746572313135
1.8466165413533837,0.23669172932330815,1.3067669172932324,0.009467669172932326,0.027672711189739047,0.009467669172932326,0.027672711189739047,0.009467669172932326,0.027672711189739047,0.009467669172932326,0.027672711189739047
1.8526315789473686,0.2336842105263157,1.2947368421052627,0.009347368421052629,0.027417956656346745,0.009347368421052629,0.027417956656346745,0.009347368421052629,0.027417956656346745,0.009347368421052629,0.027417956656346745
1.8586466165413538,0.2306766917293231,1.2827067669172922,0.009227067669172924,0.02716320212295443,0.009227067669172924,0.02716320212295443,0.009227067669172924,0.02716320212295443,0.009227067669172924,0.02716320212295443
1.8646616541353387,0.22766917293233063,1.2706766917293226,0.009106766917293226,0.026908447589562127,0.009106766917293226,0.026908447589562127,0.009106766917293226,0.026908447589562127,0.009106766917293226,0.026908447589562127
1.8706766917293236,0.22466165413533817,1.2586466165413528,0.008986466165413529,0.026653693056169825,0.008986466165413529,0.026653693056169825,0.008986466165413529,0.026653693056169825,0.008986466165413529,0.026653693056169825
1.8766917293233085,0.22165413533834571,1.246616541353383,0.008866165413533831,0.026398938522777523,0.008866165413533831,0.026398938522777523,0.008866165413533831,0.026398938522777523,0.008866165413533831,0.026398938522777523
1.8827067669172934,0.21864661654135326,1.234586466165413,0.008745864661654132,0.026144183989385218,0.008745864661654132,0.026144183989385218,0.008745864661654132,0.026144183989385218,0.008745864661654132,0.026144183989385218
1.8887218045112786,0.21563909774436069,1.2225563909774426,0.008625563909774427,0.025889429455992905,0.008625563909774427,0.025889429455992905,0.008625563909774427,0.025889429455992905,0.008625563909774427,0.025889429455992905
1.8947368421052635,0.21263157894736823,1.2105263157894728,0.00850526315789473,0.025634674922600603,0.00850526315789473,0.025634674922600603,0.00850526315789473,0.025634674922600603,0.00850526315789473,0.025634674922600603
1.9007518796992484,0.20962406015037577,1.198496240601503,0.008384962406015032,0.0253799203892083,0.008384962406015032,0.0253799203892083,0.008384962406015032,0.0253799203892083,0.008384962406015032,0.0253799203892083
1.9067669172932333,0.2066165413533833,1.1864661654135331,0.008264661654135332,0.025125165855816,0.008264661654135332,0.025125165855816,0.008264661654135332,0.025125165855816,0.008264661654135332,0.025125165855816
1.9127819548872182,0.20360902255639082,1.1744360902255633,0.008144360902255635,0.024870411322423694,0.008144360902255635,0.024870411322423694,0.008144360902255635,0.024870411322423694,0.008144360902255635,0.024870411322423694
1.9187969924812034,0.20060150375939828,1.162406015037593,0.008024060150375932,0.02461565678903138,0.008024060150375932,0.02461565678903138,0.008024060150375932,0.02461565678903138,0.008024060150375932,0.02461565678903138
1.9248120300751883,0.19759398496240582,1.1503759398496232,0.007903759398496232,0.024360902255639083,0.007903759398496232,0.024360902255639083,0.007903759398496232,0.024360902255639083,0.007903759398496232,0.024360902255639083
1.9308270676691732,0.19458646616541334,1.1383458646616533,0.007783458646616534,0.024106147722246778,0.007783458646616534,0.024106147722246778,0.007783458646616534,0.024106147722246778,0.007783458646616534,0.024106147722246778
1.9368421052631581,0.19157894736842088,1.1263157894736835,0.007663157894736835,0.023851393188854476,0.007663157894736835,0.023851393188854476,0.007663157894736835,0.023851393188854476,0.007663157894736835,0.023851393188854476
1.942857142857143,0.1885714285714284,1.1142857142857134,0.007542857142857138,0.023596638655462174,0.007542857142857138,0.023596638655462174,0.007542857142857138,0.023596638655462174,0.007542857142857138,0.023596638655462174
1.9488721804511282,0.18556390977443582,1.1022556390977432,0.007422556390977435,0.02334188412206986,0.007422556390977435,0.02334188412206986,0.007422556390977435,0.02334188412206986,0.007422556390977435,0.02334188412206986
1.9548872180451131,0.18255639097744336,1.0902255639097733,0.007302255639097735,0.023087129588677556,0.007302255639097735,0.023087129588677556,0.007302255639097735,0.023087129588677556,0.007302255639097735,0.023087129588677556
1.960902255639098,0.1795488721804509,1.0781954887218035,0.007181954887218038,0.022832375055285254,0.007181954887218038,0.022832375055285254,0.007181954887218038,0.022832375055285254,0.007181954887218038,0.022832375055285254
1.966917293233083,0.17654135338345844,1.0661654135338337,0.007061654135338338,0.022577620521892952,0.007061654135338338,0.022577620521892952,0.007061654135338338,0.022577620521892952,0.007061654135338338,0.022577620521892952
1.9729323308270679,0.17353383458646598,1.0541353383458638,0.00694135338345864,0.02232286598850065,0.00694135338345864,0.02232286598850065,0.00694135338345864,0.02232286598850065,0.00694135338345864,0.02232286598850065
1.978947368421053,0.1705263157894734,1.0421052631578935,0.006821052631578937,0.022068111455108338,0.006821052631578937,0.022068111455108338,0.006821052631578937,0.022068111455108338,0.006821052631578937,0.022068111455108338
1.984962406015038,0.16751879699248093,1.0300751879699237,0.006700751879699238,0.021813356921716036,0.006700751879699238,0.021813356921716036,0.006700751879699238,0.021813356921716036,0.006700751879699238,0.021813356921716036
1.9909774436090228,0.16451127819548847,1.0180451127819539,0.00658045112781954,0.021558602388323734,0.00658045112781954,0.021558602388323734,0.00658045112781954,0.021558602388323734,0.00658045112781954,0.021558602388323734
1.9969924812030078,0.161503759398496,1.006015037593984,0.006460150375939841,0.02130384785493143,0.006460150375939841,0.02130384785493143,0.006460150375939841,0.02130384785493143,0.006460150375939841,0.02130384785493143
2.0030075187969927,0.15879699248120285,0.9879699248120284,0.006351879699248115,0.02092171605484296,0.006351879699248115,0.02092171605484296,0.006351879699248115,0.02092171605484296,0.006351879699248115,0.02092171605484296
2.0090225563909776,0.1563909774436089,0.9639097744360887,0.006255639097744356,0.020412206988058353,0.006255639097744356,0.020412206988058353,0.006255639097744356,0.020412206988058353,0.006255639097744356,0.020412206988058353
2.0150375939849625,0.15398496240601492,0.9398496240601492,0.006159398496240598,0.01990269792127375,0.006159398496240598,0.01990269792127375,0.006159398496240598,0.01990269792127375,0.006159398496240598,0.01990269792127375
2.021052631578948,0.1515789473684208,0.9157894736842078,0.006063157894736833,0.01939318885448911,0.006063157894736833,0.01939318885448911,0.006063157894736833,0.01939318885448911,0.006063157894736833,0.01939318885448911
2.027067669172933,0.14917293233082685,0.8917293233082684,0.0059669172932330745,0.018883679787704506,0.0059669172932330745,0.018883679787704506,0.0059669172932330745,0.018883679787704506,0.0059669172932330745,0.018883679787704506
2.0330827067669177,0.14676691729323288,0.8676691729323287,0.005870676691729316,0.018374170720919906,0.005870676691729316,0.018374170720919906,0.005870676691729316,0.018374170720919906,0.005870676691729316,0.018374170720919906
2.0390977443609026,0.1443609022556389,0.843609022556389,0.005774436090225557,0.017864661654135302,0.005774436090225557,0.017864661654135302,0.005774436090225557,0.017864661654135302,0.005774436090225557,0.017864661654135302
2.0451127819548875,0.14195488721804495,0.8195488721804494,0.005678195488721798,0.017355152587350695,0.005678195488721798,0.017355152587350695,0.005678195488721798,0.017355152587350695,0.005678195488721798,0.017355152587350695
2.0511278195488725,0.13954887218045098,0.7954887218045099,0.0055819548872180404,0.016845643520566094,0.0055819548872180404,0.016845643520566094,0.0055819548872180404,0.016845643520566094,0.0055819548872180404,0.016845643520566094
2.0571428571428574,0.137142857142857,0.7714285714285702,0.005485714285714281,0.01633613445378149,0.005485714285714281,0.01633613445378149,0.005485714285714281,0.01633613445378149,0.005485714285714281,0.01633613445378149
2.0631578947368423,0.13473684210526307,0.7473684210526307,0.005389473684210524,0.015826625386996886,0.005389473684210524,0.015826625386996886,0.005389473684210524,0.015826625386996886,0.005389473684210524,0.015826625386996886
2.069172932330827,0.1323308270676691,0.7233082706766911,0.005293233082706765,0.015317116320212282,0.005293233082706765,0.015317116320212282,0.005293233082706765,0.015317116320212282,0.005293233082706765,0.015317116320212282
2.075187969924812,0.12992481203007514,0.6992481203007515,0.005196992481203006,0.01480760725342768,0.005196992481203006,0.01480760725342768,0.005196992481203006,0.01480760725342768,0.005196992481203006,0.01480760725342768
2.0812030075187975,0.127518796992481,0.6751879699248101,0.005100751879699241,0.01429809818664304,0.005100751879699241,0.01429809818664304,0.005100751879699241,0.01429809818664304,0.005100751879699241,0.01429809818664304
2.0872180451127824,0.12511278195488706,0.6511278195488704,0.005004511278195483,0.013788589119858436,0.005004511278195483,0.013788589119858436,0.005004511278195483,0.013788589119858436,0.005004511278195483,0.013788589119858436
2.0932330827067673,0.1227067669172931,0.6270676691729309,0.004908270676691724,0.013279080053073832,0.004908270676691724,0.013279080053073832,0.004908270676691724,0.013279080053073832,0.004908270676691724,0.013279080053073832
2.0992481203007523,0.12030075187969913,0.6030075187969913,0.004812030075187965,0.01276957098628923,0.004812030075187965,0.01276957098628923,0.004812030075187965,0.01276957098628923,0.004812030075187965,0.01276957098628923
2.105263157894737,0.1194473684210526,0.5865789473684204,0.004777894736842105,0.012421671826625376,0.004777894736842105,0.012421671826625376,0.004777894736842105,0.012421671826625376,0.004777894736842105,0.012421671826625376
2.111278195488722,0.11881578947368418,0.5712406015037589,0.004752631578947368,0.012096859796550188,0.004752631578947368,0.012096859796550188,0.004752631578947368,0.012096859796550188,0.004752631578947368,0.012096859796550188
2.117293233082707,0.11818421052631578,0.5559022556390975,0.004727368421052632,0.011772047766475006,0.004727368421052632,0.011772047766475006,0.004727368421052632,0.011772047766475006,0.004727368421052632,0.011772047766475006
2.123308270676692,0.11755263157894735,0.5405639097744359,0.0047021052631578955,0.01144723573639982,0.0047021052631578955,0.01144723573639982,0.0047021052631578955,0.01144723573639982,0.0047021052631578955,0.01144723573639982
2.129323308270677,0.11692105263157894,0.5252255639097744,0.004676842105263158,0.011122423706324634,0.004676842105263158,0.011122423706324634,0.004676842105263158,0.011122423706324634,0.004676842105263158,0.011122423706324634
2.1353383458646618,0.11628947368421053,0.5098872180451128,0.0046515789473684215,0.01079761167624945,0.0046515789473684215,0.01079761167624945,0.0046515789473684215,0.01079761167624945,0.0046515789473684215,0.01079761167624945
2.141353383458647,0.11565789473684207,0.4945488721804501,0.004626315789473683,0.01047279964617424,0.004626315789473683,0.01047279964617424,0.004626315789473683,0.01047279964617424,0.004626315789473683,0.01047279964617424
2.147368421052632,0.11502631578947364,0.4792105263157886,0.004601052631578947,0.010147987616099054,0.004601052631578947,0.010147987616099054,0.004601052631578947,0.010147987616099054,0.004601052631578947,0.010147987616099054
2.153383458646617,0.11439473684210523,0.4638721804511271,0.00457578947368421,0.00982317558602387,0.00457578947368421,0.00982317558602387,0.00457578947368421,0.00982317558602387,0.00457578947368421,0.00982317558602387
2.159398496240602,0.11376315789473682,0.44853383458646556,0.004550526315789473,0.009498363555948682,0.004550526315789473,0.009498363555948682,0.004550526315789473,0.009498363555948682,0.004550526315789473,0.009498363555948682
2.165413533834587,0.11313157894736839,0.433195488721804,0.004525263157894736,0.009173551525873498,0.004525263157894736,0.009173551525873498,0.004525263157894736,0.009173551525873498,0.004525263157894736,0.009173551525873498
2.1714285714285717,0.11249999999999999,0.41785714285714254,0.0045000000000000005,0.008848739495798313,0.0045000000000000005,0.008848739495798313,0.0045000000000000005,0.008848739495798313,0.0045000000000000005,0.008848739495798313
2.1774436090225566,0.11186842105263158,0.402518796992481,0.004474736842105263,0.008523927465723127,0.004474736842105263,0.008523927465723127,0.004474736842105263,0.008523927465723127,0.004474736842105263,0.008523927465723127
2.1834586466165415,0.11123684210526316,0.3871804511278195,0.0044494736842105274,0.008199115435647943,0.0044494736842105274,0.008199115435647943,0.0044494736842105274,0.008199115435647943,0.0044494736842105274,0.008199115435647943
2.1894736842105265,0.11060526315789475,0.371842105263158,0.004424210526315791,0.007874303405572759,0.004424210526315791,0.007874303405572759,0.004424210526315791,0.007874303405572759,0.004424210526315791,0.007874303405572759
2.195488721804512,0.10997368421052628,0.3565037593984953,0.004398947368421052,0.007549491375497548,0.004398947368421052,0.007549491375497548,0.004398947368421052,0.007549491375497548,0.004398947368421052,0.007549491375497548
2.2015037593984967,0.10934210526315785,0.3411654135338338,0.004373684210526314,0.007224679345422363,0.004373684210526314,0.007224679345422363,0.004373684210526314,0.007224679345422363,0.004373684210526314,0.007224679345422363
2.2075187969924817,0.10871052631578945,0.32582706766917224,0.004348421052631578,0.006899867315347177,0.004348421052631578,0.006899867315347177,0.004348421052631578,0.006899867315347177,0.004348421052631578,0.006899867315347177
2.2135338345864666,0.10807894736842102,0.3104887218045107,0.004323157894736841,0.006575055285271993,0.004323157894736841,0.006575055285271993,0.004323157894736841,0.006575055285271993,0.004323157894736841,0.006575055285271993
2.2195488721804515,0.10744736842105261,0.29515037593984916,0.004297894736842106,0.006250243255196807,0.004297894736842106,0.006250243255196807,0.004297894736842106,0.006250243255196807,0.004297894736842106,0.006250243255196807
2.2255639097744364,0.1068157894736842,0.2798120300751877,0.004272631578947369,0.005925431225121621,0.004272631578947369,0.005925431225121621,0.004272631578947369,0.005925431225121621,0.004272631578947369,0.005925431225121621
2.2315789473684213,0.10618421052631577,0.26447368421052614,0.004247368421052632,0.005600619195046436,0.004247368421052632,0.005600619195046436,0.004247368421052632,0.005600619195046436,0.004247368421052632,0.005600619195046436
2.2375939849624062,0.10555263157894737,0.24913533834586463,0.004222105263157895,0.0052758071649712515,0.004222105263157895,0.0052758071649712515,0.004222105263157895,0.0052758071649712515,0.004222105263157895,0.0052758071649712515
2.243609022556391,0.10492105263157894,0.2337969924812031,0.0041968421052631585,0.004950995134896066,0.0041968421052631585,0.004950995134896066,0.0041968421052631585,0.004950995134896066,0.0041968421052631585,0.004950995134896066
2.249624060150376,0.10428947368421054,0.21845864661654155,0.004171578947368422,0.00462618310482088,0.004171578947368422,0.00462618310482088,0.004171578947368422,0.00462618310482088,0.004171578947368422,0.00462618310482088
2.2556390977443614,0.10365789473684209,0.20312030075187887,0.004146315789473684,0.004301371074745671,0.004146315789473684,0.004301371074745671,0.004146315789473684,0.004301371074745671,0.004146315789473684,0.004301371074745671
2.2616541353383464,0.10302631578947366,0.18778195488721733,0.004121052631578947,0.003976559044670485,0.004121052631578947,0.003976559044670485,0.004121052631578947,0.003976559044670485,0.004121052631578947,0.003976559044670485
2.2676691729323313,0.10239473684210523,0.17244360902255584,0.004095789473684211,0.0036517470145953006,0.004095789473684211,0.0036517470145953006,0.004095789473684211,0.0036517470145953006,0.004095789473684211,0.0036517470145953006
2.273684210526316,0.10176315789473683,0.1571052631578943,0.004070526315789474,0.003326934984520115,0.004070526315789474,0.003326934984520115,0.004070526315789474,0.003326934984520115,0.004070526315789474,0.003326934984520115
2.279699248120301,0.1011315789473684,0.14176691729323276,0.0040452631578947375,0.0030021229544449296,0.0040452631578947375,0.0030021229544449296,0.0040452631578947375,0.0030021229544449296,0.0040452631578947375,0.0030021229544449296
2.285714285714286,0.10049999999999999,0.12642857142857122,0.00402,0.002677310924369744,0.00402,0.002677310924369744,0.00402,0.002677310924369744,0.00402,0.002677310924369744
2.291729323308271,0.09986842105263158,0.11109022556390975,0.003994736842105264,0.0023524988942945596,0.003994736842105264,0.0023524988942945596,0.003994736842105264,0.0023524988942945596,0.003994736842105264,0.0023524988942945596
2.297744360902256,0.09923684210526316,0.09575187969924821,0.003969473684210527,0.002027686864219374,0.003969473684210527,0.002027686864219374,0.003969473684210527,0.002027686864219374,0.003969473684210527,0.002027686864219374
2.303759398496241,0.10054135338345861,0.09,0.003960000000000001,0.0019058823529411763,0.003960000000000001,0.0019058823529411763,0.003960000000000001,0.0019058823529411763,0.003960000000000001,0.0019058823529411763
2.3097744360902257,0.10300751879699244,0.09,0.003960000000000001,0.0019058823529411765,0.003960000000000001,0.0019058823529411765,0.003960000000000001,0.0019058823529411765,0.003960000000000001,0.0019058823529411765
2.315789473684211,0.10547368421052643,0.09,0.003960000000000001,0.001905882352941176,0.003960000000000001,0.001905882352941176,0.003960000000000001,0.001905882352941176,0.003960000000000001,0.001905882352941176
2.321804511278196,0.10793984962406025,0.09,0.003960000000000001,0.0019058823529411763,0.003960000000000001,0.0019058823529411763,0.003960000000000001,0.0019058823529411763,0.003960000000000001,0.0019058823529411763
2.327819548872181,0.11040601503759405,0.09,0.003960000000000001,0.0019058823529411765,0.003960000000000001,0.0019058823529411765,0.003960000000000001,0.0019058823529411765,0.003960000000000001,0.0019058823529411765
2.333834586466166,0.11287218045112787,0.09,0.003960000000000001,0.001905882352941176,0.003960000000000001,0.001905882352941176,0.003960000000000001,0.001905882352941176,0.003960000000000001,0.001905882352941176
2.3398496240601507,0.11533834586466168,0.09,0.003960000000000001,0.0019058823529411763,0.003960000000000001,0.0019058823529411763,0.003960000000000001,0.0019058823529411763,0.003960000000000001,0.0019058823529411763
2.3458646616541357,0.11780451127819551,0.09,0.003960000000000002,0.0019058823529411765,0.003960000000000002,0.0019058823529411765,0.003960000000000002,0.0019058823529411765,0.003960000000000002,0.0019058823529411765
2.3518796992481206,0.1202706766917293,0.09,0.003960000000000001,0.0019058823529411765,0.003960000000000001,0.0019058823529411765,0.003960000000000001,0.0019058823529411765,0.003960000000000001,0.0019058823529411765
2.3578947368421055,0.12273684210526312,0.09,0.003960000000000001,0.0019058823529411763,0.003960000000000001,0.0019058823529411763,0.003960000000000001,0.0019058823529411763,0.003960000000000001,0.0019058823529411763
2.3639097744360904,0.12520300751879693,0.09,0.003960000000000001,0.0019058823529411763,0.003960000000000001,0.0019058823529411763,0.003960000000000001,0.0019058823529411763,0.003960000000000001,0.0019058823529411763
2.3699248120300753,0.12766917293233077,0.09,0.003960000000000001,0.001905882352941176,0.003960000000000001,0.001905882352941176,0.003960000000000001,0.001905882352941176,0.003960000000000001,0.001905882352941176
2.3759398496240607,0.13013533834586477,0.09,0.003960000000000001,0.0019058823529411763,0.003960000000000001,0.0019058823529411763,0.003960000000000001,0.0019058823529411763,0.003960000000000001,0.0019058823529411763
2.3819548872180456,0.13260150375939855,0.09,0.003960000000000001,0.0019058823529411763,0.003960000000000001,0.0019058823529411763,0.003960000000000001,0.0019058823529411763,0.003960000000000001,0.0019058823529411763
2.3879699248120305,0.1350676691729324,0.09,0.003960000000000001,0.0019058823529411763,0.003960000000000001,0.0019058823529411763,0.003960000000000001,0.0019058823529411763,0.003960000000000001,0.0019058823529411763
2.3939849624060154,0.1375338345864662,0.09,0.003960000000000001,0.0019058823529411763,0.003960000000000001,0.0019058823529411763,0.003960000000000001,0.0019058823529411763,0.003960000000000001,0.0019058823529411763
2.4000000000000004,0.14,0.09,0.003960000000000001,0.0019058823529411763,0.003960000000000001,0.0019058823529411763,0.003960000000000001,0.0019058823529411763,0.003960000000000001,0.0019058823529411763
