alow,tsw,N0,T,cf
135.0,0.300,1.10122e+05,51.042,0.9447
135.0,0.397,1.10193e+05,50.759,0.9456
135.0,0.495,1.10205e+05,50.643,0.9460
135.0,0.592,1.10235e+05,50.533,0.9463
135.0,0.689,1.10296e+05,50.242,0.9472
135.0,0.787,1.10211e+05,50.596,0.9461
135.0,0.884,1.10391e+05,49.823,0.9485
135.0,0.982,1.10347e+05,49.917,0.9482
135.0,1.079,1.10317e+05,50.153,0.9475
135.0,1.176,1.10310e+05,50.124,0.9476
135.0,1.274,1.10297e+05,50.209,0.9473
135.0,1.371,1.10366e+05,49.879,0.9483
135.0,1.468,1.10408e+05,49.675,0.9490
135.0,1.566,1.10375e+05,49.827,0.9485
135.0,1.663,1.10415e+05,49.653,0.9490
135.0,1.761,1.10417e+05,49.630,0.9491
135.0,1.858,1.10451e+05,49.469,0.9496
135.0,1.955,1.10479e+05,49.412,0.9498
135.0,2.053,1.10520e+05,49.315,0.9500
135.0,2.150,1.10372e+05,50.306,0.9471
130.0,0.300,1.19141e+05,51.750,0.9466
130.0,0.397,1.19191e+05,51.458,0.9475
130.0,0.495,1.19180e+05,51.349,0.9478
130.0,0.592,1.19202e+05,51.236,0.9482
130.0,0.689,1.19242e+05,50.935,0.9490
130.0,0.787,1.19152e+05,51.295,0.9480
130.0,0.884,1.19316e+05,50.514,0.9503
130.0,0.982,1.19276e+05,50.611,0.9500
130.0,1.079,1.19210e+05,50.849,0.9493
130.0,1.176,1.19199e+05,50.818,0.9494
130.0,1.274,1.19173e+05,50.906,0.9491
130.0,1.371,1.19228e+05,50.568,0.9501
130.0,1.468,1.19248e+05,50.364,0.9507
130.0,1.566,1.19195e+05,50.519,0.9502
130.0,1.663,1.19224e+05,50.342,0.9507
130.0,1.761,1.19214e+05,50.319,0.9508
130.0,1.858,1.19234e+05,50.156,0.9512
130.0,1.955,1.19135e+05,50.097,0.9514
130.0,2.053,1.17427e+05,49.997,0.9510
130.0,2.150,1.12186e+05,50.305,0.9479
125.0,0.300,1.28903e+05,52.499,0.9484
125.0,0.397,1.28964e+05,52.198,0.9493
125.0,0.495,1.28938e+05,52.097,0.9495
125.0,0.592,1.28926e+05,51.980,0.9499
125.0,0.689,1.28969e+05,51.668,0.9507
125.0,0.787,1.28836e+05,52.036,0.9497
125.0,0.884,1.28989e+05,51.246,0.9519
125.0,0.982,1.28933e+05,51.345,0.9516
125.0,1.079,1.28844e+05,51.585,0.9509
125.0,1.176,1.28809e+05,51.553,0.9510
125.0,1.274,1.28742e+05,51.644,0.9507
125.0,1.371,1.28784e+05,51.299,0.9517
125.0,1.468,1.28787e+05,51.093,0.9522
125.0,1.566,1.28702e+05,51.252,0.9518
125.0,1.663,1.28705e+05,51.070,0.9523
125.0,1.761,1.28682e+05,51.049,0.9523
125.0,1.858,1.28696e+05,50.884,0.9527
125.0,1.955,1.28438e+05,50.823,0.9528
125.0,2.053,1.24611e+05,50.720,0.9517
125.0,2.150,1.13926e+05,50.305,0.9486
120.0,0.300,1.39465e+05,53.294,0.9500
120.0,0.397,1.39489e+05,52.984,0.9509
120.0,0.495,1.39440e+05,52.891,0.9511
120.0,0.592,1.39402e+05,52.771,0.9514
120.0,0.689,1.39423e+05,52.447,0.9523
120.0,0.787,1.39253e+05,52.822,0.9512
120.0,0.884,1.39402e+05,52.023,0.9533
120.0,0.982,1.39306e+05,52.125,0.9531
120.0,1.079,1.39185e+05,52.367,0.9524
120.0,1.176,1.39115e+05,52.333,0.9525
120.0,1.274,1.39015e+05,52.427,0.9522
120.0,1.371,1.39033e+05,52.074,0.9531
120.0,1.468,1.38991e+05,51.867,0.9536
120.0,1.566,1.38871e+05,52.030,0.9532
120.0,1.663,1.38847e+05,51.844,0.9536
120.0,1.761,1.38807e+05,51.824,0.9537
120.0,1.858,1.38819e+05,51.656,0.9541
120.0,1.955,1.38386e+05,51.594,0.9541
120.0,2.053,1.32040e+05,51.488,0.9523
120.0,2.150,1.15590e+05,50.305,0.9493
115.0,0.300,1.50749e+05,54.141,0.9515
115.0,0.397,1.50770e+05,53.820,0.9523
115.0,0.495,1.50664e+05,53.736,0.9525
115.0,0.592,1.50589e+05,53.611,0.9528
115.0,0.689,1.50597e+05,53.276,0.9536
115.0,0.787,1.50394e+05,53.659,0.9526
115.0,0.884,1.50480e+05,52.849,0.9546
115.0,0.982,1.50350e+05,52.954,0.9543
115.0,1.079,1.50184e+05,53.200,0.9537
115.0,1.176,1.50095e+05,53.163,0.9537
115.0,1.274,1.49949e+05,53.261,0.9535
115.0,1.371,1.49898e+05,52.899,0.9543
115.0,1.468,1.49818e+05,52.691,0.9548
115.0,1.566,1.49653e+05,52.857,0.9544
115.0,1.663,1.49600e+05,52.668,0.9548
115.0,1.761,1.49549e+05,52.648,0.9549
115.0,1.858,1.49568e+05,52.478,0.9553
115.0,1.955,1.48946e+05,52.414,0.9553
115.0,2.053,1.39672e+05,52.303,0.9527
115.0,2.150,1.17173e+05,50.304,0.9500
110.0,0.300,1.62697e+05,55.044,0.9527
110.0,0.397,1.62683e+05,54.713,0.9535
110.0,0.495,1.62528e+05,54.637,0.9536
110.0,0.592,1.62403e+05,54.509,0.9539
110.0,0.689,1.62369e+05,54.160,0.9547
110.0,0.787,1.62087e+05,54.552,0.9537
110.0,0.884,1.62188e+05,53.731,0.9557
110.0,0.982,1.61993e+05,53.840,0.9554
110.0,1.079,1.61785e+05,54.088,0.9548
110.0,1.176,1.61625e+05,54.049,0.9548
110.0,1.274,1.61422e+05,54.151,0.9545
110.0,1.371,1.61334e+05,53.780,0.9554
110.0,1.468,1.61202e+05,53.570,0.9558
110.0,1.566,1.60968e+05,53.741,0.9554
110.0,1.663,1.60866e+05,53.546,0.9558
110.0,1.761,1.60819e+05,53.528,0.9558
110.0,1.858,1.60869e+05,53.355,0.9563
110.0,1.955,1.60064e+05,53.289,0.9562
110.0,2.053,1.47454e+05,53.174,0.9529
110.0,2.150,1.18672e+05,50.304,0.9506
105.0,0.300,1.75201e+05,56.010,0.9537
105.0,0.397,1.75112e+05,55.668,0.9544
105.0,0.495,1.74896e+05,55.602,0.9545
105.0,0.592,1.74730e+05,55.469,0.9548
105.0,0.689,1.74621e+05,55.107,0.9556
105.0,0.787,1.74303e+05,55.508,0.9546
105.0,0.884,1.74357e+05,54.675,0.9566
105.0,0.982,1.74102e+05,54.787,0.9562
105.0,1.079,1.73809e+05,55.038,0.9556
105.0,1.176,1.73582e+05,54.997,0.9556
105.0,1.274,1.73313e+05,55.103,0.9553
105.0,1.371,1.73180e+05,54.722,0.9562
105.0,1.468,1.72986e+05,54.510,0.9566
105.0,1.566,1.72695e+05,54.686,0.9561
105.0,1.663,1.72547e+05,54.486,0.9566
105.0,1.761,1.72514e+05,54.470,0.9566
105.0,1.858,1.72621e+05,54.294,0.9570
105.0,1.955,1.71651e+05,54.226,0.9569
105.0,2.053,1.55322e+05,54.104,0.9529
105.0,2.150,1.20084e+05,50.304,0.9511
100.0,0.300,1.87983e+05,57.048,0.9543
100.0,0.397,1.87862e+05,56.693,0.9551
100.0,0.495,1.87573e+05,56.637,0.9552
100.0,0.592,1.87355e+05,56.500,0.9554
100.0,0.689,1.87180e+05,56.123,0.9562
100.0,0.787,1.86798e+05,56.534,0.9552
100.0,0.884,1.86798e+05,55.688,0.9571
100.0,0.982,1.86476e+05,55.804,0.9568
100.0,1.079,1.86121e+05,56.058,0.9562
100.0,1.176,1.85831e+05,56.015,0.9562
100.0,1.274,1.85483e+05,56.125,0.9559
100.0,1.371,1.85285e+05,55.734,0.9567
100.0,1.468,1.85001e+05,55.520,0.9571
100.0,1.566,1.84648e+05,55.701,0.9566
100.0,1.663,1.84481e+05,55.496,0.9570
100.0,1.761,1.84476e+05,55.481,0.9571
100.0,1.858,1.84685e+05,55.302,0.9575
100.0,1.955,1.83590e+05,55.231,0.9574
100.0,2.053,1.63203e+05,55.102,0.9527
100.0,2.150,1.21407e+05,50.304,0.9517
95.0,0.300,2.00865e+05,58.166,0.9547
95.0,0.397,2.00678e+05,57.798,0.9555
95.0,0.495,2.00330e+05,57.753,0.9555
95.0,0.592,2.00004e+05,57.611,0.9557
95.0,0.689,1.99781e+05,57.218,0.9565
95.0,0.787,1.99308e+05,57.640,0.9555
95.0,0.884,1.99274e+05,56.780,0.9574
95.0,0.982,1.98881e+05,56.901,0.9570
95.0,1.079,1.98444e+05,57.158,0.9564
95.0,1.176,1.98090e+05,57.112,0.9564
95.0,1.274,1.97678e+05,57.227,0.9561
95.0,1.371,1.97401e+05,56.824,0.9569
95.0,1.468,1.97071e+05,56.609,0.9573
95.0,1.566,1.96645e+05,56.795,0.9568
95.0,1.663,1.96454e+05,56.584,0.9572
95.0,1.761,1.96522e+05,56.571,0.9573
95.0,1.858,1.96891e+05,56.388,0.9577
95.0,1.955,1.95738e+05,56.314,0.9577
95.0,2.053,1.71015e+05,56.177,0.9522
95.0,2.150,1.22639e+05,50.304,0.9521
90.0,0.300,2.13538e+05,59.376,0.9547
90.0,0.397,2.13255e+05,58.994,0.9554
90.0,0.495,2.12796e+05,58.960,0.9554
90.0,0.592,2.12427e+05,58.812,0.9557
90.0,0.689,2.12134e+05,58.403,0.9565
90.0,0.787,2.11590e+05,58.837,0.9554
90.0,0.884,2.11509e+05,57.962,0.9573
90.0,0.982,2.11048e+05,58.086,0.9569
90.0,1.079,2.10546e+05,58.348,0.9563
90.0,1.176,2.10134e+05,58.299,0.9563
90.0,1.274,2.09649e+05,58.419,0.9560
90.0,1.371,2.09325e+05,58.004,0.9568
90.0,1.468,2.08934e+05,57.786,0.9572
90.0,1.566,2.08462e+05,57.979,0.9567
90.0,1.663,2.08272e+05,57.761,0.9571
90.0,1.761,2.08461e+05,57.750,0.9572
90.0,1.858,2.09034e+05,57.563,0.9577
90.0,1.955,2.07907e+05,57.486,0.9576
90.0,2.053,1.78670e+05,57.338,0.9514
90.0,2.150,1.23780e+05,50.304,0.9525
85.0,0.300,2.25583e+05,60.691,0.9542
85.0,0.397,2.25265e+05,60.293,0.9550
85.0,0.495,2.24721e+05,60.272,0.9549
85.0,0.592,2.24268e+05,60.118,0.9552
85.0,0.689,2.23935e+05,59.691,0.9560
85.0,0.787,2.23306e+05,60.137,0.9549
85.0,0.884,2.23249e+05,59.246,0.9568
85.0,0.982,2.22713e+05,59.375,0.9564
85.0,1.079,2.22156e+05,59.641,0.9558
85.0,1.176,2.21698e+05,59.589,0.9558
85.0,1.274,2.21178e+05,59.714,0.9554
85.0,1.371,2.20810e+05,59.286,0.9563
85.0,1.468,2.20372e+05,59.066,0.9567
85.0,1.566,2.19863e+05,59.265,0.9561
85.0,1.663,2.19714e+05,59.040,0.9566
85.0,1.761,2.20047e+05,59.031,0.9567
85.0,1.858,2.20901e+05,58.840,0.9572
85.0,1.955,2.19903e+05,58.759,0.9572
85.0,2.053,1.86070e+05,58.597,0.9502
85.0,2.150,1.24828e+05,50.304,0.9529
80.0,0.300,2.36754e+05,62.127,0.9532
80.0,0.397,2.36365e+05,61.712,0.9540
80.0,0.495,2.35795e+05,61.705,0.9539
80.0,0.592,2.35247e+05,61.545,0.9542
80.0,0.689,2.34891e+05,61.097,0.9551
80.0,0.787,2.34193e+05,61.557,0.9540
80.0,0.884,2.34166e+05,60.648,0.9559
80.0,0.982,2.33608e+05,60.783,0.9555
80.0,1.079,2.32986e+05,61.053,0.9548
80.0,1.176,2.32534e+05,60.998,0.9548
80.0,1.274,2.31980e+05,61.129,0.9545
80.0,1.371,2.31595e+05,60.686,0.9553
80.0,1.468,2.31168e+05,60.464,0.9557
80.0,1.566,2.30636e+05,60.670,0.9552
80.0,1.663,2.30551e+05,60.438,0.9557
80.0,1.761,2.31093e+05,60.430,0.9558
80.0,1.858,2.32293e+05,60.234,0.9564
80.0,1.955,2.31507e+05,60.148,0.9564
80.0,2.053,1.93120e+05,59.970,0.9487
80.0,2.150,1.25785e+05,50.304,0.9533
75.0,0.300,2.46748e+05,63.705,0.9517
75.0,0.397,2.46339e+05,63.271,0.9525
75.0,0.495,2.45695e+05,63.279,0.9524
75.0,0.592,2.45118e+05,63.112,0.9527
75.0,0.689,2.44765e+05,62.642,0.9536
75.0,0.787,2.44042e+05,63.117,0.9525
75.0,0.884,2.44043e+05,62.188,0.9544
75.0,0.982,2.43508e+05,62.329,0.9540
75.0,1.079,2.42879e+05,62.604,0.9533
75.0,1.176,2.42425e+05,62.545,0.9534
75.0,1.274,2.41893e+05,62.683,0.9530
75.0,1.371,2.41539e+05,62.224,0.9539
75.0,1.468,2.41126e+05,61.999,0.9543
75.0,1.566,2.40626e+05,62.213,0.9538
75.0,1.663,2.40645e+05,61.972,0.9543
75.0,1.761,2.41435e+05,61.967,0.9544
75.0,1.858,2.43012e+05,61.765,0.9551
75.0,1.955,2.42503e+05,61.674,0.9552
75.0,2.053,1.99721e+05,61.473,0.9467
75.0,2.150,1.26652e+05,50.304,0.9536
70.0,0.300,2.55372e+05,65.449,0.9495
70.0,0.397,2.54980e+05,64.995,0.9504
70.0,0.495,2.54335e+05,65.019,0.9502
70.0,0.592,2.53739e+05,64.844,0.9505
70.0,0.689,2.53424e+05,64.350,0.9515
70.0,0.787,2.52719e+05,64.843,0.9503
70.0,0.884,2.52809e+05,63.892,0.9524
70.0,0.982,2.52285e+05,64.039,0.9520
70.0,1.079,2.51698e+05,64.319,0.9513
70.0,1.176,2.51307e+05,64.257,0.9513
70.0,1.274,2.50802e+05,64.401,0.9509
70.0,1.371,2.50530e+05,63.925,0.9519
70.0,1.468,2.50194e+05,63.697,0.9523
70.0,1.566,2.49746e+05,63.919,0.9518
70.0,1.663,2.49904e+05,63.669,0.9523
70.0,1.761,2.50966e+05,63.666,0.9525
70.0,1.858,2.52918e+05,63.458,0.9533
70.0,1.955,2.52706e+05,63.360,0.9535
70.0,2.053,2.05775e+05,63.129,0.9441
70.0,2.150,1.27429e+05,50.304,0.9538
65.0,0.300,2.62590e+05,67.392,0.9465
65.0,0.397,2.62300e+05,66.916,0.9476
65.0,0.495,2.61687e+05,66.959,0.9473
65.0,0.592,2.61109e+05,66.774,0.9476
65.0,0.689,2.60872e+05,66.254,0.9488
65.0,0.787,2.60187e+05,66.765,0.9475
65.0,0.884,2.60430e+05,65.789,0.9497
65.0,0.982,2.59986e+05,65.944,0.9493
65.0,1.079,2.59465e+05,66.230,0.9485
65.0,1.176,2.59168e+05,66.163,0.9486
65.0,1.274,2.58774e+05,66.316,0.9482
65.0,1.371,2.58612e+05,65.820,0.9493
65.0,1.468,2.58369e+05,65.588,0.9497
65.0,1.566,2.58013e+05,65.820,0.9492
65.0,1.663,2.58328e+05,65.560,0.9498
65.0,1.761,2.59660e+05,65.559,0.9500
65.0,1.858,2.61947e+05,65.344,0.9509
65.0,1.955,2.61944e+05,65.235,0.9512
65.0,2.053,2.11191e+05,64.965,0.9408
65.0,2.150,1.28119e+05,50.303,0.9541
60.0,0.300,2.68635e+05,69.578,0.9427
60.0,0.397,2.68431e+05,69.075,0.9439
60.0,0.495,2.67869e+05,69.138,0.9436
60.0,0.592,2.67406e+05,68.945,0.9439
60.0,0.689,2.67275e+05,68.394,0.9452
60.0,0.787,2.66674e+05,68.926,0.9438
60.0,0.884,2.67089e+05,67.922,0.9462
60.0,0.982,2.66762e+05,68.084,0.9458
60.0,1.079,2.66358e+05,68.378,0.9450
60.0,1.176,2.66205e+05,68.306,0.9452
60.0,1.274,2.65945e+05,68.468,0.9448
60.0,1.371,2.65931e+05,67.950,0.9459
60.0,1.468,2.65824e+05,67.713,0.9464
60.0,1.566,2.65564e+05,67.957,0.9458
60.0,1.663,2.66041e+05,67.684,0.9465
60.0,1.761,2.67601e+05,67.686,0.9468
60.0,1.858,2.70112e+05,67.462,0.9478
60.0,1.955,2.70102e+05,67.340,0.9481
60.0,2.053,2.15878e+05,67.015,0.9367
60.0,2.150,1.28726e+05,50.303,0.9543
55.0,0.300,2.73849e+05,72.061,0.9379
55.0,0.397,2.73819e+05,71.529,0.9392
55.0,0.495,2.73360e+05,71.615,0.9389
55.0,0.592,2.72992e+05,71.411,0.9393
55.0,0.689,2.73009e+05,70.825,0.9407
55.0,0.787,2.72504e+05,71.382,0.9393
55.0,0.884,2.73171e+05,70.344,0.9419
55.0,0.982,2.73024e+05,70.517,0.9414
55.0,1.079,2.72735e+05,70.819,0.9406
55.0,1.176,2.72743e+05,70.741,0.9408
55.0,1.274,2.72639e+05,70.913,0.9404
55.0,1.371,2.72828e+05,70.369,0.9417
55.0,1.468,2.72857e+05,70.128,0.9423
55.0,1.566,2.72689e+05,70.384,0.9417
55.0,1.663,2.73303e+05,70.097,0.9425
55.0,1.761,2.74997e+05,70.101,0.9428
55.0,1.858,2.77529e+05,69.867,0.9438
55.0,1.955,2.77126e+05,69.725,0.9441
55.0,2.053,2.19750e+05,69.323,0.9316
55.0,2.150,1.29253e+05,50.303,0.9545
50.0,0.300,2.78837e+05,74.920,0.9319
50.0,0.397,2.79003e+05,74.353,0.9334
50.0,0.495,2.78654e+05,74.465,0.9330
50.0,0.592,2.78439e+05,74.248,0.9335
50.0,0.689,2.78686e+05,73.622,0.9351
50.0,0.787,2.78311e+05,74.208,0.9336
50.0,0.884,2.79255e+05,73.131,0.9365
50.0,0.982,2.79259e+05,73.314,0.9360
50.0,1.079,2.79129e+05,73.626,0.9352
50.0,1.176,2.79354e+05,73.542,0.9355
50.0,1.274,2.79389e+05,73.725,0.9350
50.0,1.371,2.79764e+05,73.152,0.9365
50.0,1.468,2.79934e+05,72.905,0.9371
50.0,1.566,2.79808e+05,73.174,0.9365
50.0,1.663,2.80520e+05,72.872,0.9373
50.0,1.761,2.82199e+05,72.879,0.9377
50.0,1.858,2.84422e+05,72.631,0.9387
50.0,1.955,2.83008e+05,72.460,0.9388
50.0,2.053,2.22713e+05,71.946,0.9251
50.0,2.150,1.29703e+05,50.303,0.9546
45.0,0.300,2.84446e+05,78.264,0.9245
45.0,0.397,2.84876e+05,77.657,0.9262
45.0,0.495,2.84648e+05,77.798,0.9258
45.0,0.592,2.84587e+05,77.564,0.9264
45.0,0.689,2.85080e+05,76.891,0.9283
45.0,0.787,2.84841e+05,77.511,0.9266
45.0,0.884,2.86117e+05,76.388,0.9298
45.0,0.982,2.86288e+05,76.583,0.9294
45.0,1.079,2.86309e+05,76.906,0.9285
45.0,1.176,2.86727e+05,76.815,0.9289
45.0,1.274,2.86893e+05,77.012,0.9284
45.0,1.371,2.87424e+05,76.402,0.9301
45.0,1.468,2.87661e+05,76.147,0.9308
45.0,1.566,2.87546e+05,76.435,0.9300
45.0,1.663,2.88227e+05,76.114,0.9310
45.0,1.761,2.89653e+05,76.123,0.9313
45.0,1.858,2.91115e+05,75.857,0.9323
45.0,1.955,2.87798e+05,75.641,0.9321
45.0,2.053,2.24663e+05,74.960,0.9167
45.0,2.150,1.30081e+05,50.303,0.9547
40.0,0.300,2.91749e+05,82.252,0.9154
40.0,0.397,2.92453e+05,81.593,0.9174
40.0,0.495,2.92376e+05,81.771,0.9169
40.0,0.592,2.92544e+05,81.520,0.9177
40.0,0.689,2.93313e+05,80.787,0.9199
40.0,0.787,2.93188e+05,81.450,0.9180
40.0,0.884,2.94793e+05,80.267,0.9217
40.0,0.982,2.95126e+05,80.478,0.9212
40.0,1.079,2.95249e+05,80.815,0.9203
40.0,1.176,2.95770e+05,80.712,0.9207
40.0,1.274,2.95987e+05,80.926,0.9202
40.0,1.371,2.96653e+05,80.274,0.9221
40.0,1.468,2.96879e+05,80.010,0.9229
40.0,1.566,2.96603e+05,80.318,0.9220
40.0,1.663,2.97112e+05,79.974,0.9230
40.0,1.761,2.97941e+05,79.986,0.9232
40.0,1.858,2.97967e+05,79.695,0.9240
40.0,1.955,2.91556e+05,79.405,0.9232
40.0,2.053,2.25455e+05,78.467,0.9059
40.0,2.150,1.30392e+05,50.303,0.9548
35.0,0.300,3.02154e+05,87.130,0.9041
35.0,0.397,3.03205e+05,86.406,0.9065
35.0,0.495,3.03298e+05,86.634,0.9059
35.0,0.592,3.03633e+05,86.354,0.9068
35.0,0.689,3.04737e+05,85.549,0.9095
35.0,0.787,3.04600e+05,86.261,0.9074
35.0,0.884,3.06598e+05,85.003,0.9115
35.0,0.982,3.07015e+05,85.235,0.9110
35.0,1.079,3.07108e+05,85.587,0.9100
35.0,1.176,3.07678e+05,85.473,0.9105
35.0,1.274,3.07781e+05,85.708,0.9098
35.0,1.371,3.08425e+05,85.001,0.9120
35.0,1.468,3.08504e+05,84.727,0.9128
35.0,1.566,3.07870e+05,85.063,0.9117
35.0,1.663,3.07974e+05,84.690,0.9128
35.0,1.761,3.07686e+05,84.703,0.9127
35.0,1.858,3.05349e+05,84.377,0.9130
35.0,1.955,2.94294e+05,83.959,0.9112
35.0,2.053,2.24878e+05,82.606,0.8917
35.0,2.150,1.30641e+05,50.303,0.9549
30.0,0.300,3.17518e+05,93.303,0.8897
30.0,0.397,3.18957e+05,92.494,0.8927
30.0,0.495,3.19081e+05,92.776,0.8919
30.0,0.592,3.19597e+05,92.462,0.8930
30.0,0.689,3.21056e+05,91.562,0.8962
30.0,0.787,3.20813e+05,92.344,0.8937
30.0,0.884,3.23188e+05,90.985,0.8985
30.0,0.982,3.23453e+05,91.236,0.8979
30.0,1.079,3.23380e+05,91.618,0.8967
30.0,1.176,3.23777e+05,91.490,0.8972
30.0,1.274,3.23466e+05,91.751,0.8963
30.0,1.371,3.23888e+05,90.972,0.8988
30.0,1.468,3.23530e+05,90.682,0.8995
30.0,1.566,3.22220e+05,91.059,0.8980
30.0,1.663,3.21523e+05,90.647,0.8991
30.0,1.761,3.19419e+05,90.666,0.8984
30.0,1.858,3.13411e+05,90.282,0.8979
30.0,1.955,2.95819e+05,89.633,0.8945
30.0,2.053,2.22582e+05,87.573,0.8725
30.0,2.150,1.30834e+05,50.303,0.9550
