x,z,n,fz,localF
-5.87500,-2.87500,3.404259e-05,8.612830e-05,5.99992
-5.62500,-2.87500,3.277221e-05,8.019653e-05,5.99988
-5.37500,-2.87500,4.796954e-05,1.191704e-04,5.99985
-5.12500,-2.87500,3.431124e-05,8.802836e-05,5.99961
-4.87500,-2.87500,4.203440e-05,1.183357e-04,5.99966
-4.62500,-2.87500,7.214632e-05,2.034394e-04,5.99879
-4.37500,-2.87500,1.181614e-04,3.128729e-04,5.99995
-4.12500,-2.87500,5.487798e-05,1.302522e-04,5.99748
-3.87500,-2.87500,3.618464e-05,1.131575e-04,5.94988
-3.62500,-2.87500,6.708830e-05,2.118918e-04,5.99479
-3.37500,-2.87500,1.275922e-04,3.158123e-04,5.99986
-3.12500,-2.87500,3.090554e-04,6.854124e-04,5.99989
-2.87500,-2.87500,2.307561e-04,5.067049e-04,5.99975
-2.62500,-2.87500,2.368900e-04,5.490127e-04,5.99990
-2.37500,-2.87500,3.014557e-04,6.709596e-04,5.99998
-2.12500,-2.87500,1.072677e-04,2.043011e-04,5.99942
-1.87500,-2.87500,1.565880e-04,3.797232e-04,5.99994
-1.62500,-2.87500,5.213161e-04,1.404595e-03,5.99987
-1.37500,-2.87500,7.922223e-04,2.034152e-03,5.99983
-1.12500,-2.87500,7.308983e-04,1.814164e-03,5.99993
-0.87500,-2.87500,6.409115e-04,1.540661e-03,5.99996
-0.62500,-2.87500,7.037860e-04,1.565694e-03,5.99996
-0.37500,-2.87500,7.768481e-04,1.648188e-03,5.99996
-0.12500,-2.87500,5.435792e-04,1.216470e-03,5.99999
0.12500,-2.87500,5.473380e-04,1.426060e-03,5.99999
0.37500,-2.87500,7.764169e-04,2.110896e-03,5.99996
0.62500,-2.87500,6.978838e-04,1.828814e-03,5.99996
0.87500,-2.87500,6.445811e-04,1.576142e-03,5.99996
1.12500,-2.87500,7.309619e-04,1.727378e-03,5.99993
1.37500,-2.87500,8.043483e-04,1.828905e-03,5.99984
1.62500,-2.87500,5.363684e-04,1.152541e-03,5.99987
1.87500,-2.87500,1.603152e-04,3.899122e-04,5.99994
2.12500,-2.87500,1.110228e-04,3.260251e-04,5.99948
2.37500,-2.87500,2.998348e-04,7.858681e-04,5.99999
2.62500,-2.87500,2.288674e-04,5.766133e-04,5.99991
2.87500,-2.87500,2.294697e-04,6.036286e-04,5.99978
3.12500,-2.87500,3.104849e-04,8.141086e-04,5.99989
3.37500,-2.87500,1.299720e-04,3.069484e-04,5.99985
3.62500,-2.87500,7.074476e-05,1.160329e-04,5.99491
3.87500,-2.87500,3.949341e-05,6.353322e-05,5.95751
4.12500,-2.87500,5.899956e-05,1.428680e-04,5.99804
4.37500,-2.87500,1.224645e-04,2.680058e-04,5.99995
4.62500,-2.87500,7.585990e-05,1.522038e-04,5.99883
4.87500,-2.87500,4.365638e-05,8.751089e-05,5.99962
5.12500,-2.87500,3.443074e-05,7.816774e-05,5.99958
5.37500,-2.87500,5.084905e-05,1.203681e-04,5.99987
5.62500,-2.87500,3.331760e-05,7.903938e-05,5.99990
5.87500,-2.87500,3.319449e-05,7.623818e-05,5.99995
-5.87500,-2.62500,1.920046e-05,3.982163e-05,5.99969
-5.62500,-2.62500,3.171355e-05,6.715110e-05,5.99924
-5.37500,-2.62500,2.292052e-05,6.442533e-05,5.99978
-5.12500,-2.62500,3.780355e-05,1.119823e-04,5.98827
-4.87500,-2.62500,3.127605e-05,9.008295e-05,5.99554
-4.62500,-2.62500,3.515010e-05,1.106750e-04,5.99509
-4.37500,-2.62500,1.068273e-04,3.197167e-04,5.99841
-4.12500,-2.62500,1.214274e-04,3.192254e-04,5.99939
-3.87500,-2.62500,8.238274e-05,2.134558e-04,5.99084
-3.62500,-2.62500,1.229400e-04,3.572739e-04,5.99811
-3.37500,-2.62500,1.980736e-04,4.845273e-04,5.99980
-3.12500,-2.62500,3.528811e-04,7.766326e-04,5.99955
-2.87500,-2.62500,4.539640e-04,1.022105e-03,5.99980
-2.62500,-2.62500,6.610583e-04,1.560129e-03,5.99996
-2.37500,-2.62500,9.567911e-04,2.159100e-03,5.99996
-2.12500,-2.62500,6.017744e-04,1.237292e-03,5.99965
-1.87500,-2.62500,3.485259e-04,7.705867e-04,5.99989
-1.62500,-2.62500,7.261413e-04,1.819063e-03,5.99996
-1.37500,-2.62500,1.181581e-03,2.936093e-03,5.99988
-1.12500,-2.62500,1.121092e-03,2.783244e-03,5.99997
-0.87500,-2.62500,1.054760e-03,2.493420e-03,5.99998
-0.62500,-2.62500,1.306336e-03,2.846550e-03,5.99987
-0.37500,-2.62500,1.517513e-03,3.211466e-03,5.99970
-0.12500,-2.62500,1.431055e-03,3.201441e-03,5.99996
0.12500,-2.62500,1.436626e-03,3.749554e-03,5.99996
0.37500,-2.62500,1.528211e-03,4.149381e-03,5.99970
0.62500,-2.62500,1.305461e-03,3.470947e-03,5.99987
0.87500,-2.62500,1.058822e-03,2.631832e-03,5.99998
1.12500,-2.62500,1.135851e-03,2.681502e-03,5.99997
1.37500,-2.62500,1.194549e-03,2.808256e-03,5.99989
1.62500,-2.62500,7.350954e-04,1.713449e-03,5.99996
1.87500,-2.62500,3.523672e-04,9.258386e-04,5.99989
2.12500,-2.62500,6.045134e-04,1.679864e-03,5.99967
2.37500,-2.62500,9.579641e-04,2.476138e-03,5.99996
2.62500,-2.62500,6.578348e-04,1.629834e-03,5.99996
2.87500,-2.62500,4.518711e-04,1.163279e-03,5.99981
3.12500,-2.62500,3.466257e-04,9.105495e-04,5.99957
3.37500,-2.62500,1.933116e-04,4.619541e-04,5.99979
3.62500,-2.62500,1.220359e-04,2.311183e-04,5.99786
3.87500,-2.62500,8.391187e-05,1.840202e-04,5.99059
4.12500,-2.62500,1.259582e-04,2.765255e-04,5.99948
4.37500,-2.62500,1.107666e-04,2.029513e-04,5.99848
4.62500,-2.62500,3.682865e-05,6.077915e-05,5.99527
4.87500,-2.62500,3.178908e-05,5.917073e-05,5.99529
5.12500,-2.62500,3.585536e-05,6.276583e-05,5.98648
5.37500,-2.62500,2.255903e-05,4.516601e-05,5.99986
5.62500,-2.62500,3.118849e-05,8.374097e-05,5.99924
5.87500,-2.62500,1.818884e-05,4.989078e-05,5.99953
-5.87500,-2.37500,4.171029e-05,1.083902e-04,5.99802
-5.62500,-2.37500,5.625281e-05,1.443307e-04,5.98733
-5.37500,-2.37500,2.168169e-05,6.065498e-05,5.99410
-5.12500,-2.37500,3.158205e-05,1.003031e-04,5.98915
-4.87500,-2.37500,1.600096e-05,4.548316e-05,5.98314
-4.62500,-2.37500,1.761761e-05,3.597121e-05,5.99963
-4.37500,-2.37500,1.284984e-04,3.355738e-04,5.99998
-4.12500,-2.37500,2.391825e-04,6.149651e-04,6.00000
-3.87500,-2.37500,1.996471e-04,4.706736e-04,5.99994
-3.62500,-2.37500,2.175177e-04,5.011970e-04,5.99993
-3.37500,-2.37500,4.332090e-04,1.034143e-03,5.99995
-3.12500,-2.37500,7.296895e-04,1.737848e-03,5.99992
-2.87500,-2.37500,8.434531e-04,2.046504e-03,5.99996
-2.62500,-2.37500,1.150511e-03,2.840665e-03,5.99999
-2.37500,-2.37500,1.609203e-03,3.880365e-03,5.99999
-2.12500,-2.37500,1.301311e-03,2.940154e-03,5.99992
-1.87500,-2.37500,9.559530e-04,1.990610e-03,5.99961
-1.62500,-2.37500,1.514384e-03,3.175213e-03,5.99990
-1.37500,-2.37500,1.945919e-03,4.177743e-03,5.99997
-1.12500,-2.37500,1.823260e-03,4.228497e-03,5.99999
-0.87500,-2.37500,1.721006e-03,4.132672e-03,6.00000
-0.62500,-2.37500,2.062225e-03,4.859274e-03,5.99999
-0.37500,-2.37500,2.294893e-03,5.335218e-03,5.99987
-0.12500,-2.37500,2.312306e-03,5.428554e-03,5.99996
0.12500,-2.37500,2.318747e-03,5.798249e-03,5.99996
0.37500,-2.37500,2.317273e-03,5.821314e-03,5.99988
0.62500,-2.37500,2.076370e-03,5.159317e-03,5.99999
0.87500,-2.37500,1.733028e-03,4.241064e-03,6.00000
1.12500,-2.37500,1.848914e-03,4.661450e-03,5.99999
1.37500,-2.37500,1.952285e-03,5.237766e-03,5.99997
1.62500,-2.37500,1.514499e-03,4.135377e-03,5.99991
1.87500,-2.37500,9.539850e-04,2.621065e-03,5.99961
2.12500,-2.37500,1.293171e-03,3.327707e-03,5.99992
2.37500,-2.37500,1.611387e-03,3.904297e-03,5.99999
2.62500,-2.37500,1.149803e-03,2.728931e-03,5.99999
2.87500,-2.37500,8.259823e-04,1.997996e-03,5.99995
3.12500,-2.37500,7.073670e-04,1.744410e-03,5.99992
3.37500,-2.37500,4.152549e-04,1.024338e-03,5.99995
3.62500,-2.37500,2.069038e-04,5.281884e-04,5.99993
3.87500,-2.37500,1.942414e-04,4.853238e-04,5.99994
4.12500,-2.37500,2.391293e-04,5.442559e-04,6.00000
4.37500,-2.37500,1.274867e-04,2.859711e-04,5.99998
4.62500,-2.37500,1.671456e-05,4.761376e-05,5.99943
4.87500,-2.37500,1.438357e-05,2.652608e-05,5.97920
5.12500,-2.37500,2.909874e-05,4.456882e-05,5.98789
5.37500,-2.37500,1.953458e-05,3.728328e-05,5.99212
5.62500,-2.37500,5.348055e-05,1.158865e-04,5.98630
5.87500,-2.37500,4.006776e-05,9.036020e-05,5.99793
-5.87500,-2.12500,3.191676e-05,1.017449e-04,5.99673
-5.62500,-2.12500,3.385914e-05,1.160401e-04,5.94690
-5.37500,-2.12500,1.415457e-05,4.276009e-05,5.99710
-5.12500,-2.12500,1.228786e-05,2.733121e-05,5.99627
-4.87500,-2.12500,1.138832e-05,2.287069e-05,5.99989
-4.62500,-2.12500,7.042979e-05,1.489774e-04,5.99989
-4.37500,-2.12500,1.869056e-04,4.216032e-04,5.99999
-4.12500,-2.12500,3.336601e-04,7.831721e-04,5.99984
-3.87500,-2.12500,4.107517e-04,9.711405e-04,5.99965
-3.62500,-2.12500,3.512949e-04,8.054830e-04,5.99988
-3.37500,-2.12500,7.042652e-04,1.587302e-03,5.99997
-3.12500,-2.12500,1.413220e-03,3.329135e-03,5.99999
-2.87500,-2.12500,1.576178e-03,3.939604e-03,5.99999
-2.62500,-2.12500,1.797646e-03,4.668004e-03,5.99997
-2.37500,-2.12500,2.346939e-03,6.018412e-03,5.99997
-2.12500,-2.12500,2.241152e-03,5.524648e-03,5.99999
-1.87500,-2.12500,1.894456e-03,4.313372e-03,5.99988
-1.62500,-2.12500,2.385769e-03,5.225419e-03,5.99999
-1.37500,-2.12500,2.739497e-03,6.038505e-03,5.99998
-1.12500,-2.12500,2.711292e-03,6.540180e-03,6.00000
-0.87500,-2.12500,2.785191e-03,7.104904e-03,6.00000
-0.62500,-2.12500,2.884627e-03,7.203888e-03,5.99999
-0.37500,-2.12500,2.879382e-03,7.038334e-03,5.99999
-0.12500,-2.12500,2.805837e-03,6.809620e-03,6.00000
0.12500,-2.12500,2.819106e-03,6.796518e-03,6.00000
0.37500,-2.12500,2.900693e-03,6.955881e-03,5.99999
0.62500,-2.12500,2.890530e-03,6.791271e-03,5.99999
0.87500,-2.12500,2.790738e-03,6.403354e-03,6.00000
1.12500,-2.12500,2.718152e-03,6.603733e-03,6.00000
1.37500,-2.12500,2.728315e-03,7.179699e-03,5.99998
1.62500,-2.12500,2.379920e-03,6.302069e-03,5.99999
1.87500,-2.12500,1.890454e-03,4.854277e-03,5.99988
2.12500,-2.12500,2.241371e-03,5.325254e-03,5.99999
2.37500,-2.12500,2.352730e-03,5.347285e-03,5.99997
2.62500,-2.12500,1.785027e-03,4.004008e-03,5.99997
2.87500,-2.12500,1.537840e-03,3.606077e-03,5.99999
3.12500,-2.12500,1.373960e-03,3.427342e-03,5.99999
3.37500,-2.12500,6.787330e-04,1.765349e-03,5.99996
3.62500,-2.12500,3.368392e-04,8.576846e-04,5.99983
3.87500,-2.12500,4.002055e-04,9.922983e-04,5.99961
4.12500,-2.12500,3.259720e-04,8.148140e-04,5.99983
4.37500,-2.12500,1.818301e-04,4.714820e-04,5.99999
4.62500,-2.12500,6.728621e-05,1.839134e-04,5.99986
4.87500,-2.12500,1.017601e-05,2.885771e-05,5.99981
5.12500,-2.12500,1.073366e-05,2.762032e-05,5.99586
5.37500,-2.12500,1.404205e-05,2.324617e-05,5.99537
5.62500,-2.12500,3.378851e-05,3.961507e-05,5.94506
5.87500,-2.12500,3.219007e-05,5.227338e-05,5.99708
-5.87500,-1.87500,7.661008e-05,1.834709e-04,5.99991
-5.62500,-1.87500,1.753476e-05,4.425960e-05,5.99539
-5.37500,-1.87500,3.728136e-05,8.966425e-05,5.99753
-5.12500,-1.87500,5.679272e-05,1.043822e-04,5.99918
-4.87500,-1.87500,4.502259e-05,1.318745e-04,5.99900
-4.62500,-1.87500,1.319340e-04,3.590007e-04,5.99952
-4.37500,-1.87500,2.967814e-04,7.358914e-04,5.99998
-4.12500,-1.87500,5.103284e-04,1.228824e-03,5.99993
-3.87500,-1.87500,7.869982e-04,2.001349e-03,5.99991
-3.62500,-1.87500,8.352220e-04,2.193509e-03,5.99992
-3.37500,-1.87500,1.239807e-03,3.019286e-03,5.99999
-3.12500,-1.87500,2.263778e-03,5.411762e-03,6.00000
-2.87500,-1.87500,2.596676e-03,6.483225e-03,6.00000
-2.62500,-1.87500,2.628065e-03,6.763339e-03,5.99999
-2.37500,-1.87500,2.942555e-03,7.527187e-03,5.99998
-2.12500,-1.87500,2.950721e-03,7.682598e-03,5.99999
-1.87500,-1.87500,2.703280e-03,6.917631e-03,6.00000
-1.62500,-1.87500,3.069461e-03,7.367629e-03,5.99996
-1.37500,-1.87500,3.363720e-03,7.963143e-03,5.99998
-1.12500,-1.87500,3.452641e-03,8.652583e-03,6.00000
-0.87500,-1.87500,3.867669e-03,1.007220e-02,5.99998
-0.62500,-1.87500,3.889410e-03,9.856868e-03,6.00000
-0.37500,-1.87500,3.749972e-03,9.163748e-03,6.00000
-0.12500,-1.87500,3.471752e-03,8.443589e-03,6.00000
0.12500,-1.87500,3.486077e-03,8.382106e-03,6.00000
0.37500,-1.87500,3.753886e-03,8.995235e-03,6.00000
0.62500,-1.87500,3.869968e-03,8.927530e-03,6.00000
0.87500,-1.87500,3.853563e-03,8.616379e-03,5.99998
1.12500,-1.87500,3.436514e-03,8.037918e-03,6.00000
1.37500,-1.87500,3.334159e-03,8.255900e-03,5.99997
1.62500,-1.87500,3.046412e-03,7.448607e-03,5.99996
1.87500,-1.87500,2.688758e-03,6.152181e-03,6.00000
2.12500,-1.87500,2.948309e-03,6.610733e-03,5.99999
2.37500,-1.87500,2.929756e-03,6.693334e-03,5.99998
2.62500,-1.87500,2.607685e-03,5.903444e-03,5.99999
2.87500,-1.87500,2.573931e-03,6.037088e-03,6.00000
3.12500,-1.87500,2.250977e-03,5.534372e-03,6.00000
3.37500,-1.87500,1.240682e-03,2.994606e-03,5.99999
3.62500,-1.87500,8.341474e-04,1.845941e-03,5.99993
3.87500,-1.87500,7.777514e-04,1.788760e-03,5.99991
4.12500,-1.87500,5.033092e-04,1.224059e-03,5.99993
4.37500,-1.87500,3.018806e-04,7.115483e-04,5.99998
4.62500,-1.87500,1.268705e-04,2.658535e-04,5.99945
4.87500,-1.87500,4.070577e-05,7.552008e-05,5.99873
5.12500,-1.87500,5.469031e-05,1.626891e-04,5.99916
5.37500,-1.87500,3.753818e-05,9.025824e-05,5.99766
5.62500,-1.87500,1.931530e-05,4.394818e-05,5.99638
5.87500,-1.87500,7.737850e-05,1.855481e-04,5.99993
-5.87500,-1.62500,7.266118e-05,1.395401e-04,5.99963
-5.62500,-1.62500,4.521338e-05,7.121422e-05,5.95673
-5.37500,-1.62500,1.298650e-04,3.179127e-04,5.99907
-5.12500,-1.62500,2.687941e-04,5.914522e-04,5.99996
-4.87500,-1.62500,9.790141e-05,2.974686e-04,5.99666
-4.62500,-1.62500,1.269282e-04,3.713933e-04,5.99287
-4.37500,-1.62500,4.515616e-04,1.162031e-03,5.99997
-4.12500,-1.62500,1.108131e-03,2.792506e-03,5.99999
-3.87500,-1.62500,1.524125e-03,3.928395e-03,5.99997
-3.62500,-1.62500,1.596557e-03,4.198329e-03,5.99999
-3.37500,-1.62500,2.031219e-03,5.220798e-03,5.99999
-3.12500,-1.62500,2.866655e-03,7.096253e-03,5.99999
-2.87500,-1.62500,3.425155e-03,8.422504e-03,6.00000
-2.62500,-1.62500,3.305132e-03,8.158965e-03,5.99999
-2.37500,-1.62500,3.060476e-03,7.770734e-03,5.99997
-2.12500,-1.62500,3.045382e-03,8.052037e-03,5.99995
-1.87500,-1.62500,3.178828e-03,8.236493e-03,5.99999
-1.62500,-1.62500,3.566814e-03,8.787315e-03,5.99999
-1.37500,-1.62500,4.021085e-03,9.928135e-03,6.00000
-1.12500,-1.62500,4.247605e-03,1.069116e-02,5.99999
-0.87500,-1.62500,4.788069e-03,1.231530e-02,5.99999
-0.62500,-1.62500,5.008102e-03,1.279613e-02,6.00000
-0.37500,-1.62500,4.749957e-03,1.165194e-02,6.00000
-0.12500,-1.62500,4.122441e-03,1.000085e-02,5.99999
0.12500,-1.62500,4.121138e-03,9.964085e-03,5.99999
0.37500,-1.62500,4.732808e-03,1.129883e-02,6.00000
0.62500,-1.62500,4.988667e-03,1.139071e-02,5.99999
0.87500,-1.62500,4.785290e-03,1.086769e-02,5.99999
1.12500,-1.62500,4.234175e-03,9.872984e-03,5.99999
1.37500,-1.62500,3.989703e-03,9.488754e-03,6.00000
1.62500,-1.62500,3.537410e-03,8.434229e-03,5.99999
1.87500,-1.62500,3.159344e-03,7.116436e-03,5.99999
2.12500,-1.62500,3.028479e-03,6.648834e-03,5.99995
2.37500,-1.62500,3.037350e-03,6.990145e-03,5.99997
2.62500,-1.62500,3.298559e-03,7.814930e-03,5.99999
2.87500,-1.62500,3.431292e-03,8.171278e-03,6.00000
3.12500,-1.62500,2.877737e-03,6.820559e-03,5.99999
3.37500,-1.62500,2.053674e-03,4.677361e-03,5.99999
3.62500,-1.62500,1.613724e-03,3.573131e-03,5.99999
3.87500,-1.62500,1.518894e-03,3.440729e-03,5.99998
4.12500,-1.62500,1.101715e-03,2.566374e-03,5.99999
4.37500,-1.62500,4.614168e-04,1.051090e-03,5.99997
4.62500,-1.62500,1.218934e-04,2.239083e-04,5.99279
4.87500,-1.62500,8.896861e-05,1.571796e-04,5.99628
5.12500,-1.62500,2.609077e-04,6.921702e-04,5.99995
5.37500,-1.62500,1.316155e-04,3.101824e-04,5.99903
5.62500,-1.62500,5.091266e-05,1.546535e-04,5.96320
5.87500,-1.62500,7.507876e-05,2.168761e-04,5.99966
-5.87500,-1.37500,7.742168e-05,1.675136e-04,5.99842
-5.62500,-1.37500,8.226862e-05,2.167046e-04,5.98705
-5.37500,-1.37500,2.978110e-04,7.726444e-04,5.99992
-5.12500,-1.37500,5.950798e-04,1.389363e-03,5.99996
-4.87500,-1.37500,4.169579e-04,1.095238e-03,5.99994
-4.62500,-1.37500,4.045080e-04,1.093556e-03,5.99984
-4.37500,-1.37500,9.004581e-04,2.196833e-03,5.99978
-4.12500,-1.37500,1.928714e-03,4.778317e-03,5.99998
-3.87500,-1.37500,2.688854e-03,6.710102e-03,6.00000
-3.62500,-1.37500,2.621996e-03,6.591636e-03,6.00000
-3.37500,-1.37500,2.654989e-03,6.814676e-03,6.00000
-3.12500,-1.37500,3.307099e-03,8.370617e-03,6.00000
-2.87500,-1.37500,4.001687e-03,1.000414e-02,6.00000
-2.62500,-1.37500,3.998936e-03,1.008932e-02,5.99999
-2.37500,-1.37500,3.611873e-03,9.456417e-03,5.99995
-2.12500,-1.37500,3.549269e-03,9.427226e-03,5.99993
-1.87500,-1.37500,3.791733e-03,9.573927e-03,5.99999
-1.62500,-1.37500,4.170186e-03,1.021177e-02,6.00000
-1.37500,-1.37500,4.657428e-03,1.159600e-02,6.00000
-1.12500,-1.37500,4.983810e-03,1.242622e-02,6.00000
-0.87500,-1.37500,5.472417e-03,1.391323e-02,6.00000
-0.62500,-1.37500,5.694370e-03,1.470278e-02,5.99998
-0.37500,-1.37500,5.255065e-03,1.323555e-02,5.99999
-0.12500,-1.37500,4.608404e-03,1.127907e-02,6.00000
0.12500,-1.37500,4.599178e-03,1.103153e-02,6.00000
0.37500,-1.37500,5.229811e-03,1.215927e-02,5.99999
0.62500,-1.37500,5.675944e-03,1.281436e-02,5.99998
0.87500,-1.37500,5.485186e-03,1.262792e-02,6.00000
1.12500,-1.37500,4.994320e-03,1.176094e-02,6.00000
1.37500,-1.37500,4.649775e-03,1.095303e-02,6.00000
1.62500,-1.37500,4.149935e-03,9.952894e-03,6.00000
1.87500,-1.37500,3.773394e-03,8.747101e-03,5.99999
2.12500,-1.37500,3.542786e-03,7.721022e-03,5.99992
2.37500,-1.37500,3.607945e-03,8.014342e-03,5.99995
2.62500,-1.37500,4.001327e-03,9.285680e-03,5.99999
2.87500,-1.37500,4.014712e-03,9.409152e-03,6.00000
3.12500,-1.37500,3.318377e-03,7.676699e-03,6.00000
3.37500,-1.37500,2.671443e-03,6.087660e-03,6.00000
3.62500,-1.37500,2.635683e-03,6.146406e-03,6.00000
3.87500,-1.37500,2.682423e-03,6.300574e-03,6.00000
4.12500,-1.37500,1.918895e-03,4.548650e-03,5.99998
4.37500,-1.37500,9.152286e-04,2.203373e-03,5.99978
4.62500,-1.37500,4.100021e-04,8.731324e-04,5.99986
4.87500,-1.37500,4.080623e-04,9.121587e-04,5.99996
5.12500,-1.37500,5.824180e-04,1.472975e-03,5.99995
5.37500,-1.37500,2.963828e-04,6.666265e-04,5.99992
5.62500,-1.37500,8.853017e-05,1.855046e-04,5.98782
5.87500,-1.37500,8.049413e-05,2.112083e-04,5.99839
-5.87500,-1.12500,1.361716e-04,3.443074e-04,5.99929
-5.62500,-1.12500,1.174143e-04,3.693805e-04,5.99005
-5.37500,-1.12500,4.458942e-04,1.267797e-03,5.99929
-5.12500,-1.12500,8.168373e-04,1.943350e-03,5.99999
-4.87500,-1.12500,8.264927e-04,1.951483e-03,5.99998
-4.62500,-1.12500,1.228853e-03,3.022645e-03,5.99990
-4.37500,-1.12500,1.794135e-03,4.337659e-03,5.99982
-4.12500,-1.12500,2.470531e-03,6.120981e-03,5.99997
-3.87500,-1.12500,3.259217e-03,8.157807e-03,6.00000
-3.62500,-1.12500,3.395665e-03,8.447889e-03,6.00000
-3.37500,-1.12500,3.415056e-03,8.558268e-03,5.99998
-3.12500,-1.12500,3.774257e-03,9.463771e-03,5.99999
-2.87500,-1.12500,4.385381e-03,1.104330e-02,5.99999
-2.62500,-1.12500,4.799313e-03,1.210898e-02,5.99999
-2.37500,-1.12500,4.643913e-03,1.181255e-02,5.99999
-2.12500,-1.12500,4.423225e-03,1.155124e-02,5.99995
-1.87500,-1.12500,4.358671e-03,1.124054e-02,5.99997
-1.62500,-1.12500,4.533299e-03,1.123897e-02,5.99999
-1.37500,-1.12500,5.005254e-03,1.232039e-02,6.00000
-1.12500,-1.12500,5.413224e-03,1.338547e-02,6.00000
-0.87500,-1.12500,5.924275e-03,1.495248e-02,5.99999
-0.62500,-1.12500,6.049200e-03,1.558465e-02,5.99998
-0.37500,-1.12500,5.409187e-03,1.374837e-02,5.99999
-0.12500,-1.12500,4.812283e-03,1.178660e-02,5.99998
0.12500,-1.12500,4.796846e-03,1.149482e-02,5.99998
0.37500,-1.12500,5.382384e-03,1.240772e-02,5.99999
0.62500,-1.12500,6.032368e-03,1.367713e-02,5.99998
0.87500,-1.12500,5.931788e-03,1.377769e-02,5.99999
1.12500,-1.12500,5.426007e-03,1.289001e-02,6.00000
1.37500,-1.12500,5.003702e-03,1.192215e-02,6.00000
1.62500,-1.12500,4.515521e-03,1.068329e-02,5.99999
1.87500,-1.12500,4.345538e-03,9.832190e-03,5.99997
2.12500,-1.12500,4.437813e-03,9.888452e-03,5.99995
2.37500,-1.12500,4.646928e-03,1.068135e-02,5.99999
2.62500,-1.12500,4.781947e-03,1.109974e-02,5.99999
2.87500,-1.12500,4.370001e-03,1.017462e-02,5.99999
3.12500,-1.12500,3.771704e-03,8.817272e-03,5.99999
3.37500,-1.12500,3.411098e-03,7.971414e-03,5.99998
3.62500,-1.12500,3.386131e-03,7.976262e-03,6.00000
3.87500,-1.12500,3.256575e-03,7.616759e-03,6.00000
4.12500,-1.12500,2.466116e-03,5.828763e-03,5.99997
4.37500,-1.12500,1.803283e-03,4.365304e-03,5.99982
4.62500,-1.12500,1.237663e-03,2.946659e-03,5.99990
4.87500,-1.12500,8.161103e-04,2.032276e-03,5.99997
5.12500,-1.12500,8.033425e-04,1.987011e-03,5.99999
5.37500,-1.12500,4.394455e-04,8.696259e-04,5.99925
5.62500,-1.12500,1.134688e-04,1.775099e-04,5.98829
5.87500,-1.12500,1.333663e-04,3.034096e-04,5.99928
-5.87500,-0.87500,2.373671e-04,6.191258e-04,5.99988
-5.62500,-0.87500,2.739689e-04,8.451220e-04,5.99674
-5.37500,-0.87500,6.176650e-04,1.736548e-03,5.99949
-5.12500,-0.87500,9.610260e-04,2.317612e-03,5.99999
-4.87500,-0.87500,1.022129e-03,2.369497e-03,6.00000
-4.62500,-0.87500,1.669822e-03,3.963731e-03,5.99994
-4.37500,-0.87500,2.397971e-03,5.879942e-03,5.99973
-4.12500,-0.87500,2.684264e-03,6.688584e-03,5.99989
-3.87500,-0.87500,3.069576e-03,7.584696e-03,6.00000
-3.62500,-0.87500,3.349423e-03,8.324969e-03,5.99999
-3.37500,-0.87500,3.722212e-03,9.325843e-03,5.99998
-3.12500,-0.87500,4.032974e-03,1.016219e-02,5.99999
-2.87500,-0.87500,4.535643e-03,1.137235e-02,5.99999
-2.62500,-0.87500,5.142251e-03,1.237232e-02,5.99999
-2.37500,-0.87500,5.376007e-03,1.283772e-02,5.99999
-2.12500,-0.87500,5.062430e-03,1.295229e-02,5.99997
-1.87500,-0.87500,4.704797e-03,1.248585e-02,5.99989
-1.62500,-0.87500,4.640586e-03,1.173965e-02,5.99999
-1.37500,-0.87500,5.137456e-03,1.266041e-02,6.00000
-1.12500,-0.87500,5.542699e-03,1.383457e-02,5.99999
-0.87500,-0.87500,5.956719e-03,1.495345e-02,5.99999
-0.62500,-0.87500,6.083706e-03,1.544051e-02,5.99999
-0.37500,-0.87500,5.609687e-03,1.421013e-02,5.99999
-0.12500,-0.87500,5.271759e-03,1.296664e-02,5.99999
0.12500,-0.87500,5.264774e-03,1.256620e-02,5.99999
0.37500,-0.87500,5.595736e-03,1.296059e-02,5.99999
0.62500,-0.87500,6.077703e-03,1.404340e-02,5.99999
0.87500,-0.87500,5.948951e-03,1.391022e-02,5.99999
1.12500,-0.87500,5.536492e-03,1.301710e-02,5.99999
1.37500,-0.87500,5.141639e-03,1.222642e-02,5.99999
1.62500,-0.87500,4.642441e-03,1.073707e-02,5.99999
1.87500,-0.87500,4.703733e-03,1.028628e-02,5.99990
2.12500,-0.87500,5.078307e-03,1.161038e-02,5.99997
2.37500,-0.87500,5.370950e-03,1.319807e-02,5.99999
2.62500,-0.87500,5.112757e-03,1.247561e-02,5.99999
2.87500,-0.87500,4.505122e-03,1.054590e-02,5.99999
3.12500,-0.87500,4.022787e-03,9.349650e-03,5.99999
3.37500,-0.87500,3.723326e-03,8.695794e-03,5.99997
3.62500,-0.87500,3.340878e-03,7.874789e-03,5.99999
3.87500,-0.87500,3.054157e-03,7.244033e-03,6.00000
4.12500,-0.87500,2.660861e-03,6.238466e-03,5.99989
4.37500,-0.87500,2.380722e-03,5.669591e-03,5.99973
4.62500,-0.87500,1.669773e-03,4.115653e-03,5.99994
4.87500,-0.87500,1.020670e-03,2.581407e-03,5.99999
5.12500,-0.87500,9.640921e-04,2.345212e-03,5.99999
5.37500,-0.87500,6.146080e-04,1.237047e-03,5.99947
5.62500,-0.87500,2.643188e-04,4.436668e-04,5.99612
5.87500,-0.87500,2.311059e-04,5.072848e-04,5.99989
-5.87500,-0.62500,2.547026e-04,6.713279e-04,5.99997
-5.62500,-0.62500,5.396736e-04,1.483665e-03,5.99986
-5.37500,-0.62500,8.969212e-04,2.217034e-03,5.99999
-5.12500,-0.62500,1.121997e-03,2.583313e-03,5.99991
-4.87500,-0.62500,1.147474e-03,2.796725e-03,5.99996
-4.62500,-0.62500,1.457743e-03,3.645233e-03,5.99982
-4.37500,-0.62500,2.356782e-03,5.928318e-03,5.99972
-4.12500,-0.62500,2.804444e-03,6.949015e-03,5.99989
-3.87500,-0.62500,3.090645e-03,7.590067e-03,5.99998
-3.62500,-0.62500,3.397017e-03,8.591706e-03,5.99998
-3.37500,-0.62500,3.729890e-03,9.481156e-03,5.99998
-3.12500,-0.62500,4.060355e-03,1.027148e-02,6.00000
-2.87500,-0.62500,4.645752e-03,1.147492e-02,6.00000
-2.62500,-0.62500,5.255216e-03,1.222087e-02,5.99999
-2.37500,-0.62500,5.556178e-03,1.281702e-02,5.99998
-2.12500,-0.62500,5.241966e-03,1.296014e-02,5.99999
-1.87500,-0.62500,4.728564e-03,1.200285e-02,5.99998
-1.62500,-0.62500,4.608026e-03,1.132498e-02,6.00000
-1.37500,-0.62500,5.304408e-03,1.311811e-02,6.00000
-1.12500,-0.62500,5.683663e-03,1.445439e-02,5.99999
-0.87500,-0.62500,5.855102e-03,1.501731e-02,5.99998
-0.62500,-0.62500,6.011424e-03,1.533171e-02,5.99999
-0.37500,-0.62500,5.819067e-03,1.460671e-02,5.99999
-0.12500,-0.62500,5.865391e-03,1.437988e-02,5.99999
0.12500,-0.62500,5.882583e-03,1.407994e-02,5.99999
0.37500,-0.62500,5.844515e-03,1.367597e-02,5.99999
0.62500,-0.62500,6.022068e-03,1.385147e-02,5.99999
0.87500,-0.62500,5.833565e-03,1.331097e-02,5.99998
1.12500,-0.62500,5.659047e-03,1.302817e-02,5.99999
1.37500,-0.62500,5.309111e-03,1.259419e-02,6.00000
1.62500,-0.62500,4.606360e-03,1.100427e-02,6.00000
1.87500,-0.62500,4.704909e-03,1.084891e-02,5.99998
2.12500,-0.62500,5.229131e-03,1.240484e-02,5.99999
2.37500,-0.62500,5.552571e-03,1.409659e-02,5.99998
2.62500,-0.62500,5.245879e-03,1.322111e-02,5.99999
2.87500,-0.62500,4.637077e-03,1.101824e-02,6.00000
3.12500,-0.62500,4.072601e-03,9.427589e-03,6.00000
3.37500,-0.62500,3.753532e-03,8.642413e-03,5.99998
3.62500,-0.62500,3.414996e-03,7.913216e-03,5.99998
3.87500,-0.62500,3.089316e-03,7.386042e-03,5.99998
4.12500,-0.62500,2.788688e-03,6.582672e-03,5.99988
4.37500,-0.62500,2.342770e-03,5.431589e-03,5.99970
4.62500,-0.62500,1.454267e-03,3.400771e-03,5.99981
4.87500,-0.62500,1.159998e-03,2.797251e-03,5.99996
5.12500,-0.62500,1.134396e-03,2.887457e-03,5.99991
5.37500,-0.62500,9.004695e-04,2.141856e-03,5.99999
5.62500,-0.62500,5.368222e-04,1.117390e-03,5.99984
5.87500,-0.62500,2.506202e-04,5.460382e-04,5.99996
-5.87500,-0.37500,3.905527e-04,9.467059e-04,6.00000
-5.62500,-0.37500,6.567529e-04,1.736694e-03,6.00000
-5.37500,-0.37500,1.065533e-03,2.618759e-03,6.00000
-5.12500,-0.37500,1.421027e-03,3.288820e-03,5.99985
-4.87500,-0.37500,1.504724e-03,3.672088e-03,5.99992
-4.62500,-0.37500,1.488480e-03,3.857275e-03,5.99999
-4.37500,-0.37500,2.098096e-03,5.375745e-03,5.99991
-4.12500,-0.37500,2.838182e-03,7.208892e-03,5.99989
-3.87500,-0.37500,3.176492e-03,8.061344e-03,5.99992
-3.62500,-0.37500,3.521124e-03,8.989410e-03,5.99996
-3.37500,-0.37500,3.841265e-03,9.710770e-03,5.99999
-3.12500,-0.37500,4.172359e-03,1.063705e-02,6.00000
-2.87500,-0.37500,4.596184e-03,1.163636e-02,6.00000
-2.62500,-0.37500,5.051984e-03,1.221799e-02,5.99999
-2.37500,-0.37500,5.284319e-03,1.238729e-02,5.99999
-2.12500,-0.37500,5.177550e-03,1.235744e-02,5.99999
-1.87500,-0.37500,4.979826e-03,1.181320e-02,5.99999
-1.62500,-0.37500,4.911605e-03,1.181018e-02,5.99999
-1.37500,-0.37500,5.600694e-03,1.411652e-02,6.00000
-1.12500,-0.37500,6.108352e-03,1.566369e-02,5.99998
-0.87500,-0.37500,6.213095e-03,1.587461e-02,5.99998
-0.62500,-0.37500,6.353449e-03,1.602141e-02,5.99999
-0.37500,-0.37500,6.207111e-03,1.535261e-02,6.00000
-0.12500,-0.37500,6.282906e-03,1.528167e-02,6.00000
0.12500,-0.37500,6.304072e-03,1.517997e-02,6.00000
0.37500,-0.37500,6.238845e-03,1.478958e-02,6.00000
0.62500,-0.37500,6.374478e-03,1.482304e-02,5.99999
0.87500,-0.37500,6.207723e-03,1.422577e-02,5.99998
1.12500,-0.37500,6.091100e-03,1.389723e-02,5.99998
1.37500,-0.37500,5.598329e-03,1.302861e-02,6.00000
1.62500,-0.37500,4.899498e-03,1.197480e-02,5.99999
1.87500,-0.37500,4.951851e-03,1.224545e-02,5.99999
2.12500,-0.37500,5.163631e-03,1.269664e-02,5.99999
2.37500,-0.37500,5.284348e-03,1.322284e-02,5.99999
2.62500,-0.37500,5.049663e-03,1.225309e-02,5.99999
2.87500,-0.37500,4.598475e-03,1.063125e-02,6.00000
3.12500,-0.37500,4.195338e-03,9.635586e-03,6.00000
3.37500,-0.37500,3.865406e-03,8.963019e-03,5.99999
3.62500,-0.37500,3.549425e-03,8.138758e-03,5.99996
3.87500,-0.37500,3.202954e-03,7.401030e-03,5.99991
4.12500,-0.37500,2.844175e-03,6.559253e-03,5.99989
4.37500,-0.37500,2.085622e-03,4.757093e-03,5.99991
4.62500,-0.37500,1.474733e-03,3.322139e-03,5.99999
4.87500,-0.37500,1.512757e-03,3.639676e-03,5.99992
5.12500,-0.37500,1.436905e-03,3.635687e-03,5.99985
5.37500,-0.37500,1.075249e-03,2.577138e-03,6.00000
5.62500,-0.37500,6.624386e-04,1.459579e-03,6.00000
5.87500,-0.37500,3.904570e-04,9.413084e-04,6.00000
-5.87500,-0.12500,7.778264e-04,1.918487e-03,5.99999
-5.62500,-0.12500,8.464105e-04,2.244272e-03,5.99991
-5.37500,-0.12500,1.168832e-03,2.986632e-03,5.99988
-5.12500,-0.12500,1.581869e-03,3.790736e-03,5.99989
-4.87500,-0.12500,1.784496e-03,4.371364e-03,5.99995
-4.62500,-0.12500,1.909967e-03,4.779014e-03,6.00000
-4.37500,-0.12500,2.178154e-03,5.416002e-03,5.99999
-4.12500,-0.12500,2.867185e-03,7.207934e-03,5.99995
-3.87500,-0.12500,3.275801e-03,8.227757e-03,5.99991
-3.62500,-0.12500,3.705013e-03,9.258506e-03,5.99996
-3.37500,-0.12500,4.104365e-03,1.033628e-02,5.99999
-3.12500,-0.12500,4.255663e-03,1.087722e-02,5.99999
-2.87500,-0.12500,4.220641e-03,1.085728e-02,5.99998
-2.62500,-0.12500,4.519004e-03,1.134664e-02,5.99998
-2.37500,-0.12500,4.973914e-03,1.207312e-02,5.99999
-2.12500,-0.12500,5.132030e-03,1.223531e-02,6.00000
-1.87500,-0.12500,5.144301e-03,1.211337e-02,5.99999
-1.62500,-0.12500,5.268211e-03,1.280291e-02,6.00000
-1.37500,-0.12500,5.690246e-03,1.424126e-02,5.99999
-1.12500,-0.12500,6.181965e-03,1.542621e-02,6.00000
-0.87500,-0.12500,6.504170e-03,1.609461e-02,6.00000
-0.62500,-0.12500,6.757245e-03,1.667103e-02,6.00000
-0.37500,-0.12500,6.541758e-03,1.609875e-02,6.00000
-0.12500,-0.12500,6.599396e-03,1.606396e-02,6.00000
0.12500,-0.12500,6.616891e-03,1.592557e-02,6.00000
0.37500,-0.12500,6.568446e-03,1.563984e-02,6.00000
0.62500,-0.12500,6.795220e-03,1.616491e-02,6.00000
0.87500,-0.12500,6.538457e-03,1.552819e-02,6.00000
1.12500,-0.12500,6.200934e-03,1.459071e-02,6.00000
1.37500,-0.12500,5.690568e-03,1.333757e-02,5.99999
1.62500,-0.12500,5.252563e-03,1.269410e-02,6.00000
1.87500,-0.12500,5.134654e-03,1.279774e-02,5.99999
2.12500,-0.12500,5.140613e-03,1.266629e-02,6.00000
2.37500,-0.12500,4.990375e-03,1.207448e-02,5.99999
2.62500,-0.12500,4.519323e-03,1.054516e-02,5.99998
2.87500,-0.12500,4.217758e-03,9.579479e-03,5.99998
3.12500,-0.12500,4.265989e-03,9.767150e-03,5.99999
3.37500,-0.12500,4.107681e-03,9.556757e-03,5.99999
3.62500,-0.12500,3.710344e-03,8.699492e-03,5.99996
3.87500,-0.12500,3.298595e-03,7.700340e-03,5.99991
4.12500,-0.12500,2.872013e-03,6.703080e-03,5.99994
4.37500,-0.12500,2.146557e-03,5.072185e-03,5.99999
4.62500,-0.12500,1.894047e-03,4.444098e-03,6.00000
4.87500,-0.12500,1.801183e-03,4.316172e-03,5.99995
5.12500,-0.12500,1.604571e-03,3.925785e-03,5.99989
5.37500,-0.12500,1.181277e-03,2.704525e-03,5.99989
5.62500,-0.12500,8.494869e-04,1.861995e-03,5.99992
5.87500,-0.12500,7.809005e-04,1.857070e-03,5.99999
-5.87500,0.12500,7.862328e-04,1.908400e-03,5.99998
-5.62500,0.12500,8.451255e-04,1.941591e-03,6.00000
-5.37500,0.12500,1.176461e-03,2.725077e-03,5.99994
-5.12500,0.12500,1.586773e-03,3.789779e-03,5.99991
-4.87500,0.12500,1.769366e-03,4.278264e-03,5.99996
-4.62500,0.12500,1.903939e-03,4.627606e-03,6.00000
-4.37500,0.12500,2.179841e-03,5.226952e-03,5.99999
-4.12500,0.12500,2.854653e-03,6.858050e-03,5.99998
-3.87500,0.12500,3.262133e-03,7.829634e-03,5.99996
-3.62500,0.12500,3.688867e-03,8.793968e-03,5.99997
-3.37500,0.12500,4.079668e-03,9.895711e-03,5.99999
-3.12500,0.12500,4.234471e-03,1.021197e-02,5.99997
-2.87500,0.12500,4.209299e-03,9.924651e-03,5.99997
-2.62500,0.12500,4.530322e-03,1.082464e-02,5.99997
-2.37500,0.12500,5.003510e-03,1.231084e-02,5.99999
-2.12500,0.12500,5.145863e-03,1.260045e-02,6.00000
-1.87500,0.12500,5.137718e-03,1.248826e-02,6.00000
-1.62500,0.12500,5.251582e-03,1.281021e-02,5.99999
-1.37500,0.12500,5.679708e-03,1.350378e-02,5.99997
-1.12500,0.12500,6.192312e-03,1.466325e-02,5.99999
-0.87500,0.12500,6.516379e-03,1.566251e-02,6.00000
-0.62500,0.12500,6.761492e-03,1.646582e-02,6.00000
-0.37500,0.12500,6.550122e-03,1.602079e-02,5.99999
-0.12500,0.12500,6.609607e-03,1.603699e-02,5.99999
0.12500,0.12500,6.626546e-03,1.604376e-02,5.99999
0.37500,0.12500,6.574047e-03,1.578686e-02,5.99999
0.62500,0.12500,6.799832e-03,1.639549e-02,6.00000
0.87500,0.12500,6.553549e-03,1.601107e-02,6.00000
1.12500,0.12500,6.210608e-03,1.540030e-02,5.99999
1.37500,0.12500,5.680211e-03,1.402970e-02,5.99997
1.62500,0.12500,5.239761e-03,1.261377e-02,5.99999
1.87500,0.12500,5.128915e-03,1.238769e-02,6.00000
2.12500,0.12500,5.152278e-03,1.234498e-02,6.00000
2.37500,0.12500,5.016887e-03,1.195311e-02,5.99999
2.62500,0.12500,4.526789e-03,1.109805e-02,5.99997
2.87500,0.12500,4.200525e-03,1.042881e-02,5.99997
3.12500,0.12500,4.239457e-03,1.029938e-02,5.99997
3.37500,0.12500,4.077533e-03,9.861859e-03,5.99999
3.62500,0.12500,3.688283e-03,9.075059e-03,5.99997
3.87500,0.12500,3.281631e-03,8.019275e-03,5.99996
4.12500,0.12500,2.858523e-03,6.984151e-03,5.99998
4.37500,0.12500,2.147180e-03,5.265471e-03,5.99999
4.62500,0.12500,1.887405e-03,4.566584e-03,6.00000
4.87500,0.12500,1.785795e-03,4.336098e-03,5.99997
5.12500,0.12500,1.608585e-03,3.943019e-03,5.99991
5.37500,0.12500,1.189266e-03,2.995194e-03,5.99993
5.62500,0.12500,8.486120e-04,2.155836e-03,6.00000
5.87500,0.12500,7.893926e-04,1.911604e-03,5.99998
-5.87500,0.37500,4.058399e-04,1.013142e-03,6.00000
-5.62500,0.37500,6.702621e-04,1.555737e-03,6.00000
-5.37500,0.37500,1.091605e-03,2.559601e-03,5.99999
-5.12500,0.37500,1.430988e-03,3.416020e-03,5.99991
-4.87500,0.37500,1.481359e-03,3.441921e-03,5.99996
-4.62500,0.37500,1.470106e-03,3.394400e-03,5.99998
-4.37500,0.37500,2.092175e-03,4.932956e-03,5.99996
-4.12500,0.37500,2.823105e-03,6.712049e-03,5.99996
-3.87500,0.37500,3.158092e-03,7.454078e-03,5.99996
-3.62500,0.37500,3.498782e-03,8.172520e-03,5.99997
-3.37500,0.37500,3.794602e-03,9.104180e-03,5.99999
-3.12500,0.37500,4.141006e-03,9.813417e-03,5.99999
-2.87500,0.37500,4.587649e-03,1.072251e-02,5.99999
-2.62500,0.37500,5.088378e-03,1.230544e-02,5.99999
-2.37500,0.37500,5.344820e-03,1.331511e-02,6.00000
-2.12500,0.37500,5.217360e-03,1.276297e-02,5.99999
-1.87500,0.37500,5.003711e-03,1.223324e-02,6.00000
-1.62500,0.37500,4.911774e-03,1.200643e-02,6.00000
-1.37500,0.37500,5.590093e-03,1.304952e-02,5.99998
-1.12500,0.37500,6.120824e-03,1.418737e-02,5.99999
-0.87500,0.37500,6.224359e-03,1.462606e-02,5.99999
-0.62500,0.37500,6.369228e-03,1.515735e-02,5.99999
-0.37500,0.37500,6.226199e-03,1.512154e-02,5.99997
-0.12500,0.37500,6.292585e-03,1.526700e-02,5.99997
0.12500,0.37500,6.313316e-03,1.528857e-02,5.99997
0.37500,0.37500,6.253056e-03,1.511823e-02,5.99997
0.62500,0.37500,6.388401e-03,1.573285e-02,5.99999
0.87500,0.37500,6.223095e-03,1.551500e-02,5.99999
1.12500,0.37500,6.103054e-03,1.542376e-02,5.99998
1.37500,0.37500,5.587912e-03,1.402515e-02,5.99998
1.62500,0.37500,4.903511e-03,1.175998e-02,6.00000
1.87500,0.37500,4.977913e-03,1.194745e-02,6.00000
2.12500,0.37500,5.204613e-03,1.247852e-02,5.99999
2.37500,0.37500,5.342406e-03,1.255829e-02,6.00000
2.62500,0.37500,5.079766e-03,1.231518e-02,5.99999
2.87500,0.37500,4.578691e-03,1.147734e-02,5.99999
3.12500,0.37500,4.152063e-03,1.026180e-02,5.99999
3.37500,0.37500,3.806030e-03,9.298608e-03,5.99999
3.62500,0.37500,3.514531e-03,8.814053e-03,5.99997
3.87500,0.37500,3.180048e-03,7.899140e-03,5.99996
4.12500,0.37500,2.829731e-03,6.976328e-03,5.99995
4.37500,0.37500,2.079118e-03,5.175250e-03,5.99996
4.62500,0.37500,1.454830e-03,3.701820e-03,5.99998
4.87500,0.37500,1.489802e-03,3.758402e-03,5.99996
5.12500,0.37500,1.446991e-03,3.538907e-03,5.99992
5.37500,0.37500,1.101880e-03,2.737736e-03,5.99999
5.62500,0.37500,6.755228e-04,1.697821e-03,6.00000
5.87500,0.37500,4.059298e-04,9.575768e-04,5.99999
-5.87500,0.62500,2.643195e-04,6.150214e-04,5.99995
-5.62500,0.62500,5.534972e-04,1.258771e-03,5.99999
-5.37500,0.62500,9.163707e-04,2.212496e-03,5.99995
-5.12500,0.62500,1.131248e-03,2.735290e-03,5.99988
-4.87500,0.62500,1.147966e-03,2.604083e-03,5.99980
-4.62500,0.62500,1.459343e-03,3.419207e-03,5.99975
-4.37500,0.62500,2.361563e-03,5.614991e-03,5.99985
-4.12500,0.62500,2.817131e-03,6.799636e-03,5.99992
-3.87500,0.62500,3.076905e-03,7.536846e-03,5.99998
-3.62500,0.62500,3.366795e-03,8.115073e-03,5.99996
-3.37500,0.62500,3.686097e-03,8.907944e-03,5.99997
-3.12500,0.62500,4.034246e-03,9.638829e-03,5.99999
-2.87500,0.62500,4.639002e-03,1.107035e-02,6.00000
-2.62500,0.62500,5.287617e-03,1.319037e-02,6.00000
-2.37500,0.62500,5.591048e-03,1.399991e-02,6.00000
-2.12500,0.62500,5.261119e-03,1.239619e-02,6.00000
-1.87500,0.62500,4.759669e-03,1.107433e-02,6.00000
-1.62500,0.62500,4.621324e-03,1.098769e-02,6.00000
-1.37500,0.62500,5.290688e-03,1.245032e-02,5.99998
-1.12500,0.62500,5.671377e-03,1.340348e-02,5.99998
-0.87500,0.62500,5.846533e-03,1.392341e-02,5.99998
-0.62500,0.62500,6.026466e-03,1.435019e-02,5.99999
-0.37500,0.62500,5.821031e-03,1.414345e-02,5.99997
-0.12500,0.62500,5.852727e-03,1.422647e-02,5.99997
0.12500,0.62500,5.869674e-03,1.416452e-02,5.99997
0.37500,0.62500,5.841588e-03,1.409648e-02,5.99997
0.62500,0.62500,6.032722e-03,1.482930e-02,5.99999
0.87500,0.62500,5.826134e-03,1.433231e-02,5.99998
1.12500,0.62500,5.648566e-03,1.401587e-02,5.99998
1.37500,0.62500,5.294010e-03,1.319331e-02,5.99998
1.62500,0.62500,4.615540e-03,1.138562e-02,6.00000
1.87500,0.62500,4.735638e-03,1.192797e-02,6.00000
2.12500,0.62500,5.252792e-03,1.307850e-02,6.00000
2.37500,0.62500,5.586758e-03,1.307977e-02,6.00000
2.62500,0.62500,5.275033e-03,1.239683e-02,6.00000
2.87500,0.62500,4.627973e-03,1.138572e-02,6.00000
3.12500,0.62500,4.041193e-03,9.926775e-03,5.99999
3.37500,0.62500,3.701965e-03,8.984199e-03,5.99997
3.62500,0.62500,3.377474e-03,8.219747e-03,5.99995
3.87500,0.62500,3.074704e-03,7.361956e-03,5.99998
4.12500,0.62500,2.803878e-03,6.811147e-03,5.99992
4.37500,0.62500,2.348878e-03,5.797378e-03,5.99984
4.62500,0.62500,1.454730e-03,3.634914e-03,5.99974
4.87500,0.62500,1.160831e-03,2.984982e-03,5.99981
5.12500,0.62500,1.144365e-03,2.769229e-03,5.99988
5.37500,0.62500,9.208511e-04,2.225495e-03,5.99994
5.62500,0.62500,5.498495e-04,1.403473e-03,5.99999
5.87500,0.62500,2.595175e-04,6.483870e-04,5.99995
-5.87500,0.87500,2.388077e-04,5.340470e-04,5.99994
-5.62500,0.87500,2.712097e-04,5.086662e-04,5.99903
-5.37500,0.87500,6.134210e-04,1.315175e-03,5.99983
-5.12500,0.87500,9.661467e-04,2.271385e-03,5.99989
-4.87500,0.87500,1.031475e-03,2.481438e-03,5.99989
-4.62500,0.87500,1.678728e-03,4.127987e-03,5.99993
-4.37500,0.87500,2.410545e-03,5.873792e-03,5.99988
-4.12500,0.87500,2.696589e-03,6.567135e-03,5.99994
-3.87500,0.87500,3.040671e-03,7.497670e-03,6.00000
-3.62500,0.87500,3.308171e-03,8.151373e-03,5.99997
-3.37500,0.87500,3.692309e-03,9.086097e-03,5.99996
-3.12500,0.87500,4.015047e-03,9.571873e-03,5.99999
-2.87500,0.87500,4.542365e-03,1.059177e-02,5.99999
-2.62500,0.87500,5.181573e-03,1.260223e-02,6.00000
-2.37500,0.87500,5.390096e-03,1.318636e-02,6.00000
-2.12500,0.87500,5.045435e-03,1.149673e-02,6.00000
-1.87500,0.87500,4.690843e-03,1.053348e-02,5.99998
-1.62500,0.87500,4.642114e-03,1.086329e-02,5.99999
-1.37500,0.87500,5.134351e-03,1.214549e-02,5.99999
-1.12500,0.87500,5.552482e-03,1.332597e-02,5.99999
-0.87500,0.87500,5.980727e-03,1.467119e-02,5.99998
-0.62500,0.87500,6.111515e-03,1.486516e-02,5.99998
-0.37500,0.87500,5.612998e-03,1.368463e-02,5.99999
-0.12500,0.87500,5.261109e-03,1.287244e-02,5.99999
0.12500,0.87500,5.253219e-03,1.259584e-02,5.99999
0.37500,0.87500,5.594246e-03,1.345839e-02,5.99999
0.62500,0.87500,6.103151e-03,1.471225e-02,5.99998
0.87500,0.87500,5.974484e-03,1.427380e-02,5.99998
1.12500,0.87500,5.548781e-03,1.355637e-02,5.99999
1.37500,0.87500,5.137346e-03,1.274109e-02,5.99999
1.62500,0.87500,4.639216e-03,1.163198e-02,5.99999
1.87500,0.87500,4.688329e-03,1.218148e-02,5.99998
2.12500,0.87500,5.059947e-03,1.298836e-02,5.99999
2.37500,0.87500,5.381606e-03,1.293507e-02,6.00000
2.62500,0.87500,5.152761e-03,1.244326e-02,6.00000
2.87500,0.87500,4.517338e-03,1.134108e-02,5.99999
3.12500,0.87500,4.008446e-03,9.858821e-03,5.99999
3.37500,0.87500,3.695460e-03,8.815765e-03,5.99996
3.62500,0.87500,3.298711e-03,7.857673e-03,5.99997
3.87500,0.87500,3.025055e-03,7.189129e-03,6.00000
4.12500,0.87500,2.676183e-03,6.441239e-03,5.99994
4.37500,0.87500,2.397368e-03,5.777802e-03,5.99988
4.62500,0.87500,1.681609e-03,4.010601e-03,5.99993
4.87500,0.87500,1.030733e-03,2.509957e-03,5.99990
5.12500,0.87500,9.698475e-04,2.412560e-03,5.99989
5.37500,0.87500,6.110680e-04,1.643560e-03,5.99984
5.62500,0.87500,2.606386e-04,7.634558e-04,5.99898
5.87500,0.87500,2.317926e-04,5.967369e-04,5.99994
-5.87500,1.12500,1.283854e-04,3.023209e-04,5.99925
-5.62500,1.12500,1.072260e-04,2.062372e-04,5.99757
-5.37500,1.12500,4.426517e-04,9.631200e-04,5.99984
-5.12500,1.12500,8.228256e-04,1.977039e-03,5.99996
-4.87500,1.12500,8.322281e-04,2.017540e-03,5.99999
-4.62500,1.12500,1.233556e-03,3.001061e-03,5.99996
-4.37500,1.12500,1.793810e-03,4.446749e-03,5.99993
-4.12500,1.12500,2.448808e-03,5.942856e-03,5.99997
-3.87500,1.12500,3.213670e-03,7.718173e-03,6.00000
-3.62500,1.12500,3.364721e-03,8.185441e-03,5.99999
-3.37500,1.12500,3.400117e-03,8.325116e-03,5.99998
-3.12500,1.12500,3.760511e-03,8.989516e-03,5.99998
-2.87500,1.12500,4.400693e-03,1.028196e-02,5.99999
-2.62500,1.12500,4.833309e-03,1.139007e-02,6.00000
-2.37500,1.12500,4.645783e-03,1.088418e-02,6.00000
-2.12500,1.12500,4.395869e-03,9.949471e-03,5.99999
-1.87500,1.12500,4.329310e-03,1.013388e-02,5.99998
-1.62500,1.12500,4.530879e-03,1.099122e-02,5.99999
-1.37500,1.12500,5.007777e-03,1.196416e-02,5.99999
-1.12500,1.12500,5.439272e-03,1.307598e-02,5.99999
-0.87500,1.12500,5.965167e-03,1.437914e-02,5.99998
-0.62500,1.12500,6.072818e-03,1.438198e-02,5.99997
-0.37500,1.12500,5.418898e-03,1.281898e-02,5.99999
-0.12500,1.12500,4.812864e-03,1.161047e-02,6.00000
0.12500,1.12500,4.797859e-03,1.168486e-02,6.00000
0.37500,1.12500,5.391047e-03,1.335681e-02,5.99999
0.62500,1.12500,6.056559e-03,1.499427e-02,5.99997
0.87500,1.12500,5.975266e-03,1.453493e-02,5.99998
1.12500,1.12500,5.453395e-03,1.329578e-02,5.99999
1.37500,1.12500,5.005423e-03,1.228726e-02,5.99999
1.62500,1.12500,4.509849e-03,1.091537e-02,5.99999
1.87500,1.12500,4.312374e-03,1.080881e-02,5.99998
2.12500,1.12500,4.402492e-03,1.137060e-02,5.99999
2.37500,1.12500,4.643087e-03,1.163855e-02,6.00000
2.62500,1.12500,4.816910e-03,1.199550e-02,6.00000
2.87500,1.12500,4.388608e-03,1.099466e-02,5.99999
3.12500,1.12500,3.763710e-03,9.222768e-03,5.99998
3.37500,1.12500,3.401270e-03,8.151472e-03,5.99998
3.62500,1.12500,3.356221e-03,8.103086e-03,5.99999
3.87500,1.12500,3.209683e-03,7.844645e-03,6.00000
4.12500,1.12500,2.448314e-03,5.911671e-03,5.99997
4.37500,1.12500,1.808033e-03,4.280468e-03,5.99993
4.62500,1.12500,1.244252e-03,3.003744e-03,5.99996
4.87500,1.12500,8.215814e-04,1.985984e-03,5.99999
5.12500,1.12500,8.116185e-04,1.973326e-03,5.99997
5.37500,1.12500,4.369239e-04,1.158729e-03,5.99985
5.62500,1.12500,1.020041e-04,2.953223e-04,5.99739
5.87500,1.12500,1.250406e-04,3.096604e-04,5.99924
-5.87500,1.37500,7.055143e-05,1.980802e-04,5.99952
-5.62500,1.37500,8.267179e-05,2.252371e-04,5.99158
-5.37500,1.37500,3.091553e-04,7.823174e-04,5.99999
-5.12500,1.37500,6.056058e-04,1.528759e-03,5.99999
-4.87500,1.37500,4.243322e-04,9.378851e-04,5.99987
-4.62500,1.37500,4.033932e-04,8.575245e-04,5.99993
-4.37500,1.37500,8.888361e-04,2.116903e-03,5.99994
-4.12500,1.37500,1.901099e-03,4.470842e-03,5.99999
-3.87500,1.37500,2.645739e-03,6.195269e-03,6.00000
-3.62500,1.37500,2.593418e-03,6.125295e-03,6.00000
-3.37500,1.37500,2.639466e-03,6.166017e-03,6.00000
-3.12500,1.37500,3.290799e-03,7.719925e-03,6.00000
-2.87500,1.37500,4.009417e-03,9.500993e-03,6.00000
-2.62500,1.37500,4.000615e-03,9.444284e-03,6.00000
-2.37500,1.37500,3.582763e-03,8.155404e-03,5.99998
-2.12500,1.37500,3.509612e-03,7.828577e-03,5.99997
-1.87500,1.37500,3.753023e-03,8.963946e-03,5.99999
-1.62500,1.37500,4.152616e-03,1.022754e-02,5.99999
-1.37500,1.37500,4.647728e-03,1.108002e-02,5.99999
-1.12500,1.37500,4.993882e-03,1.192802e-02,5.99999
-0.87500,1.37500,5.482463e-03,1.297098e-02,5.99999
-0.62500,1.37500,5.679499e-03,1.323247e-02,5.99997
-0.37500,1.37500,5.255180e-03,1.229884e-02,5.99999
-0.12500,1.37500,4.613706e-03,1.098998e-02,6.00000
0.12500,1.37500,4.603958e-03,1.134798e-02,6.00000
0.37500,1.37500,5.228717e-03,1.309675e-02,5.99999
0.62500,1.37500,5.662564e-03,1.424596e-02,5.99997
0.87500,1.37500,5.498353e-03,1.362088e-02,5.99999
1.12500,1.37500,5.007588e-03,1.228960e-02,5.99999
1.37500,1.37500,4.639296e-03,1.142120e-02,5.99999
1.62500,1.37500,4.127271e-03,9.838486e-03,5.99999
1.87500,1.37500,3.730542e-03,9.182626e-03,5.99999
2.12500,1.37500,3.498019e-03,9.155879e-03,5.99997
2.37500,1.37500,3.575688e-03,9.187781e-03,5.99998
2.62500,1.37500,4.003828e-03,9.942810e-03,6.00000
2.87500,1.37500,4.023284e-03,9.951273e-03,6.00000
3.12500,1.37500,3.305384e-03,8.246972e-03,6.00000
3.37500,1.37500,2.659775e-03,6.662599e-03,6.00000
3.62500,1.37500,2.606887e-03,6.469656e-03,6.00000
3.87500,1.37500,2.635995e-03,6.600563e-03,6.00000
4.12500,1.37500,1.892867e-03,4.712963e-03,5.99999
4.37500,1.37500,9.057836e-04,2.233442e-03,5.99994
4.62500,1.37500,4.082960e-04,1.107803e-03,5.99990
4.87500,1.37500,4.135777e-04,1.081089e-03,5.99987
5.12500,1.37500,5.933838e-04,1.365977e-03,5.99998
5.37500,1.37500,3.088504e-04,7.109202e-04,5.99999
5.62500,1.37500,8.714067e-05,1.794945e-04,5.99204
5.87500,1.37500,7.277447e-05,1.480240e-04,5.99952
-5.87500,1.62500,6.896020e-05,1.935674e-04,5.99989
-5.62500,1.62500,4.577623e-05,1.601170e-04,5.96289
-5.37500,1.62500,1.380686e-04,3.972427e-04,5.99722
-5.12500,1.62500,2.816407e-04,7.702189e-04,5.99988
-4.87500,1.62500,1.096542e-04,1.713740e-04,5.98699
-4.62500,1.62500,1.342180e-04,1.899567e-04,5.98186
-4.37500,1.62500,4.435605e-04,9.345919e-04,5.99987
-4.12500,1.62500,1.081762e-03,2.490083e-03,5.99997
-3.87500,1.62500,1.486816e-03,3.344458e-03,5.99996
-3.62500,1.62500,1.580494e-03,3.542857e-03,5.99999
-3.37500,1.62500,2.032546e-03,4.652740e-03,5.99999
-3.12500,1.62500,2.867578e-03,6.795339e-03,5.99998
-2.87500,1.62500,3.434293e-03,8.290321e-03,6.00000
-2.62500,1.62500,3.302193e-03,7.973240e-03,6.00000
-2.37500,1.62500,3.028702e-03,7.138773e-03,5.99999
-2.12500,1.62500,3.000100e-03,6.737728e-03,5.99998
-1.87500,1.62500,3.144778e-03,7.171927e-03,5.99999
-1.62500,1.62500,3.549603e-03,8.412741e-03,5.99999
-1.37500,1.62500,4.009919e-03,9.374137e-03,5.99998
-1.12500,1.62500,4.246130e-03,9.869176e-03,5.99999
-0.87500,1.62500,4.784795e-03,1.110008e-02,6.00000
-0.62500,1.62500,4.998031e-03,1.176289e-02,6.00000
-0.37500,1.62500,4.757572e-03,1.146247e-02,6.00000
-0.12500,1.62500,4.133074e-03,9.957360e-03,6.00000
0.12500,1.62500,4.130422e-03,1.006972e-02,6.00000
0.37500,1.62500,4.740439e-03,1.156621e-02,6.00000
0.62500,1.62500,4.982544e-03,1.242946e-02,6.00000
0.87500,1.62500,4.785503e-03,1.206651e-02,6.00000
1.12500,1.62500,4.237381e-03,1.065959e-02,5.99999
1.37500,1.62500,3.980364e-03,9.976712e-03,5.99998
1.62500,1.62500,3.518853e-03,8.706699e-03,5.99999
1.87500,1.62500,3.125592e-03,8.017145e-03,5.99999
2.12500,1.62500,2.986013e-03,7.761268e-03,5.99998
2.37500,1.62500,3.008071e-03,7.477360e-03,5.99999
2.62500,1.62500,3.297646e-03,8.008836e-03,6.00000
2.87500,1.62500,3.439636e-03,8.359674e-03,6.00000
3.12500,1.62500,2.877971e-03,7.114379e-03,5.99998
3.37500,1.62500,2.056194e-03,5.237832e-03,5.99998
3.62500,1.62500,1.597078e-03,4.141794e-03,5.99999
3.87500,1.62500,1.480355e-03,3.832839e-03,5.99996
4.12500,1.62500,1.076686e-03,2.731126e-03,5.99997
4.37500,1.62500,4.534101e-04,1.238319e-03,5.99987
4.62500,1.62500,1.288012e-04,4.295291e-04,5.97966
4.87500,1.62500,9.943556e-05,3.163164e-04,5.98602
5.12500,1.62500,2.736307e-04,5.678342e-04,5.99984
5.37500,1.62500,1.398164e-04,2.692363e-04,5.99709
5.62500,1.62500,5.042889e-05,6.188280e-05,5.96749
5.87500,1.62500,7.118944e-05,1.452881e-04,5.99992
-5.87500,1.87500,7.596162e-05,1.732897e-04,6.00000
-5.62500,1.87500,1.636807e-05,3.844689e-05,5.99929
-5.37500,1.87500,4.038998e-05,1.348675e-04,5.99007
-5.12500,1.87500,6.151818e-05,1.924915e-04,5.99713
-4.87500,1.87500,5.513177e-05,6.580948e-05,5.97425
-4.62500,1.87500,1.401118e-04,2.182999e-04,5.99228
-4.37500,1.87500,2.920141e-04,6.314782e-04,5.99990
-4.12500,1.87500,4.986127e-04,1.233071e-03,5.99984
-3.87500,1.87500,7.741033e-04,1.803234e-03,5.99965
-3.62500,1.87500,8.403161e-04,1.917684e-03,5.99989
-3.37500,1.87500,1.255320e-03,3.077891e-03,5.99995
-3.12500,1.87500,2.278731e-03,5.608377e-03,5.99997
-2.87500,1.87500,2.610736e-03,6.246494e-03,5.99998
-2.62500,1.87500,2.632811e-03,6.111318e-03,6.00000
-2.37500,1.87500,2.919373e-03,6.827589e-03,5.99999
-2.12500,1.87500,2.918750e-03,6.594790e-03,5.99998
-1.87500,1.87500,2.690182e-03,5.991100e-03,5.99998
-1.62500,1.87500,3.062634e-03,7.136625e-03,6.00000
-1.37500,1.87500,3.365612e-03,7.868664e-03,5.99999
-1.12500,1.87500,3.462409e-03,7.763859e-03,5.99997
-0.87500,1.87500,3.881210e-03,8.642748e-03,5.99993
-0.62500,1.87500,3.908234e-03,9.176687e-03,5.99999
-0.37500,1.87500,3.779148e-03,9.217645e-03,5.99999
-0.12500,1.87500,3.505289e-03,8.484337e-03,5.99999
0.12500,1.87500,3.518566e-03,8.555889e-03,5.99999
0.37500,1.87500,3.783455e-03,9.119866e-03,5.99999
0.62500,1.87500,3.892906e-03,9.716322e-03,5.99999
0.87500,1.87500,3.870608e-03,1.010682e-02,5.99993
1.12500,1.87500,3.449509e-03,8.965672e-03,5.99997
1.37500,1.87500,3.339386e-03,8.363548e-03,5.99999
1.62500,1.87500,3.041201e-03,7.640512e-03,6.00000
1.87500,1.87500,2.676278e-03,6.992213e-03,5.99998
2.12500,1.87500,2.919328e-03,7.537211e-03,5.99998
2.37500,1.87500,2.910679e-03,7.294961e-03,5.99999
2.62500,1.87500,2.616636e-03,6.610516e-03,6.00000
2.87500,1.87500,2.590516e-03,6.357386e-03,5.99998
3.12500,1.87500,2.268050e-03,5.394773e-03,5.99997
3.37500,1.87500,1.256867e-03,2.996496e-03,5.99994
3.62500,1.87500,8.370500e-04,2.136116e-03,5.99989
3.87500,1.87500,7.628059e-04,1.904929e-03,5.99965
4.12500,1.87500,4.909714e-04,1.156336e-03,5.99984
4.37500,1.87500,2.958491e-04,7.913243e-04,5.99990
4.62500,1.87500,1.343568e-04,4.324520e-04,5.99145
4.87500,1.87500,5.015561e-05,1.778114e-04,5.97153
5.12500,1.87500,5.960452e-05,9.895611e-05,5.99701
5.37500,1.87500,4.034739e-05,5.707640e-05,5.99073
5.62500,1.87500,1.803474e-05,4.518733e-05,5.99918
5.87500,1.87500,7.704463e-05,2.016136e-04,6.00000
-5.87500,2.12500,3.255821e-05,4.928035e-05,5.99495
-5.62500,2.12500,3.616603e-05,5.726045e-05,5.90533
-5.37500,2.12500,1.480250e-05,4.065018e-05,5.97985
-5.12500,2.12500,1.118186e-05,2.724365e-05,5.99861
-4.87500,2.12500,1.451026e-05,1.613024e-05,5.97906
-4.62500,2.12500,7.390603e-05,1.417153e-04,5.99951
-4.37500,2.12500,1.897707e-04,4.424249e-04,5.99993
-4.12500,2.12500,3.390790e-04,8.491932e-04,5.99988
-3.87500,2.12500,4.200865e-04,1.052992e-03,5.99937
-3.62500,2.12500,3.631847e-04,9.283034e-04,5.99952
-3.37500,2.12500,7.087617e-04,1.822759e-03,5.99989
-3.12500,2.12500,1.413540e-03,3.492086e-03,5.99997
-2.87500,2.12500,1.580983e-03,3.780191e-03,5.99998
-2.62500,2.12500,1.793236e-03,4.158546e-03,5.99999
-2.37500,2.12500,2.319932e-03,5.435801e-03,5.99999
-2.12500,2.12500,2.215420e-03,5.217715e-03,6.00000
-1.87500,2.12500,1.872302e-03,4.524641e-03,5.99999
-1.62500,2.12500,2.367297e-03,5.854148e-03,6.00000
-1.37500,2.12500,2.732154e-03,6.826362e-03,5.99997
-1.12500,2.12500,2.708248e-03,6.482377e-03,6.00000
-0.87500,2.12500,2.787442e-03,6.540783e-03,5.99999
-0.62500,2.12500,2.896902e-03,7.005368e-03,5.99999
-0.37500,2.12500,2.893643e-03,7.050321e-03,6.00000
-0.12500,2.12500,2.845274e-03,6.881953e-03,6.00000
0.12500,2.12500,2.858723e-03,6.963127e-03,6.00000
0.37500,2.12500,2.916215e-03,7.032564e-03,6.00000
0.62500,2.12500,2.903664e-03,7.039957e-03,5.99999
0.87500,2.12500,2.792852e-03,6.965685e-03,5.99999
1.12500,2.12500,2.714194e-03,6.654128e-03,6.00000
1.37500,2.12500,2.722915e-03,6.381426e-03,5.99997
1.62500,2.12500,2.361925e-03,5.601260e-03,6.00000
1.87500,2.12500,1.866926e-03,4.527003e-03,5.99999
2.12500,2.12500,2.215167e-03,5.512364e-03,6.00000
2.37500,2.12500,2.327989e-03,5.835903e-03,5.99999
2.62500,2.12500,1.783431e-03,4.516261e-03,5.99999
2.87500,2.12500,1.544317e-03,3.794116e-03,5.99998
3.12500,2.12500,1.376823e-03,3.259795e-03,5.99997
3.37500,2.12500,6.827275e-04,1.540911e-03,5.99987
3.62500,2.12500,3.470531e-04,7.871942e-04,5.99939
3.87500,2.12500,4.085425e-04,9.442561e-04,5.99934
4.12500,2.12500,3.314251e-04,7.668370e-04,5.99989
4.37500,2.12500,1.842992e-04,4.575472e-04,5.99994
4.62500,2.12500,7.021105e-05,2.031736e-04,5.99957
4.87500,2.12500,1.346430e-05,4.892423e-05,5.97561
5.12500,2.12500,9.812760e-06,2.364463e-05,5.99861
5.37500,2.12500,1.463599e-05,3.179966e-05,5.97678
5.62500,2.12500,3.609753e-05,1.108129e-04,5.90178
5.87500,2.12500,3.303666e-05,1.075242e-04,5.99497
-5.87500,2.37500,4.036112e-05,9.494096e-05,5.99824
-5.62500,2.37500,5.882718e-05,1.512539e-04,5.98077
-5.37500,2.37500,2.027275e-05,4.769345e-05,5.99375
-5.12500,2.37500,2.970815e-05,3.959498e-05,5.98419
-4.87500,2.37500,1.406871e-05,1.918750e-05,5.98548
-4.62500,2.37500,1.988098e-05,3.326246e-05,5.99582
-4.37500,2.37500,1.348044e-04,2.698499e-04,5.99911
-4.12500,2.37500,2.448001e-04,5.349143e-04,5.99986
-3.87500,2.37500,2.020591e-04,4.934993e-04,5.99999
-3.62500,2.37500,2.168033e-04,5.468125e-04,5.99998
-3.37500,2.37500,4.321443e-04,1.030375e-03,5.99991
-3.12500,2.37500,7.287819e-04,1.801123e-03,5.99991
-2.87500,2.37500,8.400936e-04,2.132163e-03,5.99994
-2.62500,2.37500,1.139542e-03,2.832592e-03,5.99999
-2.37500,2.37500,1.598985e-03,3.988317e-03,6.00000
-2.12500,2.37500,1.295714e-03,3.241575e-03,5.99996
-1.87500,2.37500,9.444482e-04,2.379979e-03,5.99997
-1.62500,2.37500,1.506693e-03,3.822780e-03,5.99999
-1.37500,2.37500,1.942008e-03,5.022072e-03,5.99994
-1.12500,2.37500,1.820302e-03,4.736493e-03,5.99996
-0.87500,2.37500,1.719492e-03,4.468792e-03,5.99998
-0.62500,2.37500,2.059489e-03,5.300083e-03,5.99997
-0.37500,2.37500,2.281323e-03,5.803165e-03,5.99991
-0.12500,2.37500,2.323195e-03,5.799106e-03,5.99995
0.12500,2.37500,2.328492e-03,5.472523e-03,5.99995
0.37500,2.37500,2.302010e-03,5.289764e-03,5.99992
0.62500,2.37500,2.073822e-03,4.700659e-03,5.99997
0.87500,2.37500,1.732132e-03,3.876629e-03,5.99998
1.12500,2.37500,1.844129e-03,4.128739e-03,5.99996
1.37500,2.37500,1.947786e-03,4.394084e-03,5.99994
1.62500,2.37500,1.507462e-03,3.480220e-03,5.99998
1.87500,2.37500,9.436349e-04,2.191865e-03,5.99997
2.12500,2.37500,1.288559e-03,3.019969e-03,5.99996
2.37500,2.37500,1.603980e-03,3.782847e-03,6.00000
2.62500,2.37500,1.139960e-03,2.695431e-03,5.99999
2.87500,2.37500,8.201442e-04,1.891718e-03,5.99994
3.12500,2.37500,7.042570e-04,1.668339e-03,5.99991
3.37500,2.37500,4.111930e-04,1.009754e-03,5.99991
3.62500,2.37500,2.036782e-04,4.715461e-04,5.99998
3.87500,2.37500,1.955181e-04,4.690985e-04,5.99999
4.12500,2.37500,2.439204e-04,6.468046e-04,5.99986
4.37500,2.37500,1.325656e-04,3.726188e-04,5.99921
4.62500,2.37500,1.857474e-05,5.794357e-05,5.99616
4.87500,2.37500,1.258411e-05,4.312378e-05,5.98214
5.12500,2.37500,2.748644e-05,9.464465e-05,5.98166
5.37500,2.37500,1.802964e-05,4.477216e-05,5.99237
5.62500,2.37500,5.581131e-05,1.210082e-04,5.97941
5.87500,2.37500,3.863543e-05,9.347305e-05,5.99806
-5.87500,2.62500,1.991802e-05,5.418403e-05,5.99891
-5.62500,2.62500,3.335844e-05,9.459259e-05,5.99910
-5.37500,2.62500,2.228327e-05,4.850477e-05,5.99973
-5.12500,2.62500,3.624277e-05,6.161337e-05,5.97895
-4.87500,2.62500,3.035680e-05,5.310192e-05,5.99376
-4.62500,2.62500,3.602732e-05,5.150786e-05,5.98439
-4.37500,2.62500,1.135204e-04,1.771996e-04,5.99064
-4.12500,2.62500,1.214369e-04,2.378021e-04,5.99954
-3.87500,2.62500,7.514720e-05,1.656534e-04,5.99955
-3.62500,2.62500,1.219128e-04,2.708966e-04,5.99973
-3.37500,2.62500,2.009177e-04,4.984895e-04,5.99974
-3.12500,2.62500,3.530556e-04,9.541857e-04,5.99953
-2.87500,2.62500,4.500474e-04,1.231753e-03,5.99975
-2.62500,2.62500,6.666780e-04,1.692987e-03,5.99999
-2.37500,2.62500,9.692081e-04,2.507094e-03,6.00000
-2.12500,2.62500,5.983438e-04,1.577119e-03,5.99999
-1.87500,2.62500,3.452114e-04,8.170565e-04,5.99989
-1.62500,2.62500,7.298163e-04,1.612374e-03,5.99969
-1.37500,2.62500,1.187120e-03,2.732880e-03,5.99980
-1.12500,2.62500,1.126259e-03,2.762409e-03,5.99996
-0.87500,2.62500,1.057479e-03,2.763596e-03,5.99998
-0.62500,2.62500,1.306853e-03,3.532508e-03,5.99986
-0.37500,2.62500,1.514500e-03,4.114235e-03,5.99961
-0.12500,2.62500,1.429057e-03,3.726828e-03,5.99980
0.12500,2.62500,1.431357e-03,3.192932e-03,5.99980
0.37500,2.62500,1.520272e-03,3.216291e-03,5.99961
0.62500,2.62500,1.304741e-03,2.780375e-03,5.99986
0.87500,2.62500,1.062839e-03,2.359421e-03,5.99998
1.12500,2.62500,1.142829e-03,2.730776e-03,5.99997
1.37500,2.62500,1.201498e-03,3.055733e-03,5.99981
1.62500,2.62500,7.405074e-04,1.952772e-03,5.99970
1.87500,2.62500,3.505315e-04,8.671927e-04,5.99990
2.12500,2.62500,6.027153e-04,1.325280e-03,5.99999
2.37500,2.62500,9.720604e-04,2.198046e-03,6.00000
2.62500,2.62500,6.629173e-04,1.535538e-03,6.00000
2.87500,2.62500,4.442416e-04,9.421213e-04,5.99978
3.12500,2.62500,3.428675e-04,7.362537e-04,5.99956
3.37500,2.62500,1.938855e-04,4.597886e-04,5.99973
3.62500,2.62500,1.187763e-04,3.129860e-04,5.99972
3.87500,2.62500,7.562452e-05,1.974224e-04,5.99951
4.12500,2.62500,1.245451e-04,3.580878e-04,5.99950
4.37500,2.62500,1.159918e-04,3.720522e-04,5.99060
4.62500,2.62500,3.731176e-05,1.241764e-04,5.98408
4.87500,2.62500,3.105481e-05,9.475005e-05,5.99390
5.12500,2.62500,3.451789e-05,1.049624e-04,5.97768
5.37500,2.62500,2.199125e-05,5.778121e-05,5.99972
5.62500,2.62500,3.295642e-05,6.451859e-05,5.99901
5.87500,2.62500,1.893319e-05,3.894332e-05,5.99854
-5.87500,2.87500,3.388008e-05,8.207859e-05,5.99972
-5.62500,2.87500,3.190263e-05,8.046365e-05,5.99996
-5.37500,2.87500,4.745611e-05,1.179520e-04,5.99991
-5.12500,2.87500,3.351418e-05,8.739553e-05,5.99871
-4.87500,2.87500,4.108791e-05,9.940593e-05,5.99949
-4.62500,2.87500,7.112571e-05,1.490102e-04,5.99933
-4.37500,2.87500,1.224159e-04,2.263350e-04,5.99865
-4.12500,2.87500,5.424331e-05,1.035552e-04,5.99956
-3.87500,2.87500,2.851736e-05,5.927262e-05,5.99970
-3.62500,2.87500,6.540426e-05,1.572290e-04,5.99979
-3.37500,2.87500,1.307368e-04,3.413242e-04,5.99981
-3.12500,2.87500,3.103022e-04,8.191087e-04,5.99978
-2.87500,2.87500,2.280780e-04,5.937124e-04,5.99984
-2.62500,2.87500,2.400786e-04,5.836328e-04,5.99996
-2.37500,2.87500,3.049528e-04,7.729676e-04,5.99995
-2.12500,2.87500,1.047571e-04,2.826683e-04,5.99960
-1.87500,2.87500,1.545998e-04,3.733363e-04,5.99983
-1.62500,2.87500,5.170261e-04,1.141398e-03,5.99993
-1.37500,2.87500,7.926201e-04,1.756278e-03,5.99997
-1.12500,2.87500,7.356207e-04,1.722268e-03,5.99992
-0.87500,2.87500,6.418472e-04,1.621848e-03,5.99995
-0.62500,2.87500,7.062652e-04,1.877997e-03,5.99995
-0.37500,2.87500,7.797899e-04,2.075056e-03,5.99986
-0.12500,2.87500,5.438922e-04,1.396160e-03,5.99985
0.12500,2.87500,5.460884e-04,1.243355e-03,5.99985
0.37500,2.87500,7.768085e-04,1.692495e-03,5.99987
0.62500,2.87500,6.997112e-04,1.527149e-03,5.99995
0.87500,2.87500,6.461890e-04,1.495354e-03,5.99995
1.12500,2.87500,7.366949e-04,1.845165e-03,5.99992
1.37500,2.87500,8.052826e-04,2.117351e-03,5.99997
1.62500,2.87500,5.329581e-04,1.407219e-03,5.99994
1.87500,2.87500,1.589637e-04,3.871251e-04,5.99981
2.12500,2.87500,1.086719e-04,2.314473e-04,5.99967
2.37500,2.87500,3.038461e-04,7.027076e-04,5.99996
2.62500,2.87500,2.322214e-04,5.629859e-04,5.99996
2.87500,2.87500,2.254342e-04,5.082390e-04,5.99987
3.12500,2.87500,3.096474e-04,6.861814e-04,5.99980
3.37500,2.87500,1.321280e-04,2.965856e-04,5.99982
3.62500,2.87500,6.790508e-05,1.661241e-04,5.99982
3.87500,2.87500,3.145281e-05,8.558208e-05,5.99980
4.12500,2.87500,5.782314e-05,1.679992e-04,5.99958
4.37500,2.87500,1.258670e-04,3.735352e-04,5.99865
4.62500,2.87500,7.442909e-05,2.045406e-04,5.99934
4.87500,2.87500,4.278292e-05,1.037348e-04,5.99946
5.12500,2.87500,3.364060e-05,7.457899e-05,5.99883
5.37500,2.87500,5.033693e-05,1.183899e-04,5.99992
5.62500,2.87500,3.259391e-05,7.529723e-05,5.99995
5.87500,2.87500,3.315967e-05,8.059764e-05,5.99974
